{
  "conventional_long_name": "Antigua and Barbuda",
  "languages_type": "[[Vernacular language]]",
  "languages": "[[Leeward Caribbean Creole English|Antiguan and Barbudan Creole]]",
  "common_name": "Antigua and Barbuda",
  "image_flag": "Flag of Antigua and Barbuda.svg",
  "image_coat": "Coat of arms of Antigua and Barbuda.svg",
  "symbol_type": "Coat of arms",
  "national_motto": "\"Each Endeavouring, All Achieving\"",
  "national_anthem": "\"[[Fair Antigua, We Salute Thee]]\"<br/><center>[[File:Antigua and Barbuda National Anthem.ogg]]</center>",
  "royal_anthem": "\"[[God Save the Queen]]\"<sup>a</sup><center>[[File:United States Navy Band - God Save the Queen.ogg]]</center>",
  "image_map": "ATG orthographic.svg",
  "image_map2": "Antigua and Barbuda - Location Map (2013) - ATG - UNOCHA.svg",
  "capital": "[[St. John's, Antigua and Barbuda|St. John's]]",
  "coordinates": "{{Coord|17|7|N|61|51|W|type:city}}",
  "largest_city": "capital",
  "official_languages": "[[English language|English]]",
  "ethnic_groups": "91% [[Afro-Antiguan and Barbudan|African (Black)]]<br/>4.4% [[Multiracial]]<br/>1.7% [[White Caribbeans|European (White)]]<br/>2.9% Other",
  "ethnic_groups_year": "2013",
  "religion": "76.5% [[Christianity|Christian]]<br />12.2% [[Religion in Antigua and Barbuda|Other]]<br />5.9% [[Irreligion|None]]<br />5.5% Unspecified<br />",
  "religion_year": "2011",
  "demonym": "Antiguan<br/>Barbudan",
  "government_type": "[[Unitary state|Unitary]] [[Parliamentary system|parliamentary]] [[constitutional monarchy]]",
  "leader_title1": "[[Monarchy of Antigua and Barbuda|Monarch]]",
  "leader_name1": "[[Elizabeth II]]",
  "leader_title2": "{{nowrap|[[Governor-General of Antigua and Barbuda|Governor-General]]}}",
  "leader_name2": "[[Rodney Williams (politician)|Rodney Williams]]",
  "leader_title3": "[[Prime Minister of Antigua and Barbuda|Prime Minister]]",
  "leader_name3": "[[Gaston Browne]]",
  "legislature": "[[Parliament of Antigua and Barbuda|Parliament]]",
  "upper_house": "[[Senate (Antigua and Barbuda)|Senate]]",
  "lower_house": "{{nowrap|[[House of Representatives (Antigua and Barbuda)|House of Representatives]]}}",
  "sovereignty_type": "Independence",
  "established_event1": "[[West Indies Associated States|Associated State]]",
  "established_date1": "27 February 1967",
  "established_event2": "from the [[United Kingdom]]",
  "established_date2": "1 November 1981",
  "area_km2": "440",
  "area_rank": "182nd",
  "area_sq_mi": "170",
  "percent_water": "negligible",
  "population_estimate": "{{UN_Population|Antigua and Barbuda}} {{UN_Population|ref}}",
  "population_census": "81,799",
  "population_estimate_year": "{{UN_Population|Year}}",
  "population_estimate_rank": "199th",
  "population_census_year": "2011",
  "population_density_km2": "186",
  "population_density_sq_mi": "481",
  "GDP_PPP": "$2.731 billion",
  "GDP_PPP_year": "2019",
  "GDP_PPP_per_capita": "$29,298",
  "GDP_nominal": "$1.717 billion",
  "GDP_nominal_year": "2019",
  "GDP_nominal_per_capita": "$18,416",
  "HDI": "0.780",
  "HDI_year": "2018",
  "HDI_change": "increase",
  "HDI_rank": "70th",
  "currency": "[[East Caribbean dollar]]",
  "currency_code": "XCD",
  "time_zone": "[[Atlantic Time Zone|AST]]",
  "utc_offset": "-4",
  "drives_on": "left",
  "calling_code": "[[Area code 268|+1-268]]",
  "cctld": "[[.ag]]",
  "footnote_a": "\"God Save the Queen\" is the official national anthem, but is generally used only on regal and vice-regal occasions."
}