{
  "conventional_long_name": "Barbados",
  "common_name": "Barbados",
  "image_flag": "Flag of Barbados.svg",
  "image_coat": "Coat of arms of Barbados (2).svg",
  "image_map": "BRB orthographic.svg",
  "national_motto": "\"Pride and Industry\"",
  "national_anthem": "''[[In Plenty and In Time of Need]]''<br /><center>[[File:In Plenty and In Time of Need instrumental.ogg]]</center>",
  "official_languages": "[[English in Barbados|English]]",
  "royal_anthem": "\"[[God Save the Queen]]\" <div style=\"display:inline-block;margin-top:0.4em;\"> {{center|[[File:United States Navy Band - God Save the Queen.ogg]]}} </div>",
  "regional_languages": "[[Bajan Creole]]",
  "ethnic_groups": "{{vunblist\n| 91% [[Afro-Barbadian]]\n| 3.5% [[Multiracial]]\n| 4% [[White Barbadian]]\n| 1% [[Indians in Barbados|Indo-Bajans]]\n| 0.5% other/unspecified}}",
  "ethnic_groups_year": "est. 2010",
  "religion": "{{vunblist\n|75.6% [[Christians|Christian]]\n|2.5% other (incl. [[Hindu]] and [[Muslim]])\n|20.6% none\n|1.2% unspecified|ref| name=\"cia\"|}}",
  "capital": "[[Bridgetown]]",
  "coordinates": "{{Coord|13|06|N|59|37|W|type:city}}",
  "largest_city": "capital",
  "demonym": "{{vunblist|[[Barbadians|Barbadian]]|Bajan (colloquial)}}",
  "government_type": "[[Unitary state|Unitary]] [[Parliamentary system|parliamentary]] [[constitutional monarchy]]",
  "leader_title1": "[[Monarchy of Barbados|Monarch]]",
  "leader_name1": "[[Elizabeth II]]",
  "leader_title2": "{{nowrap|[[Governor-General of Barbados|Governor-General]]}}",
  "leader_name2": "[[Sandra Mason|Dame Sandra Mason]]",
  "leader_title3": "[[Prime Minister of Barbados|Prime Minister]]",
  "leader_name3": "[[Mia Mottley]]",
  "legislature": "[[Parliament of Barbados|Parliament]]",
  "upper_house": "[[Senate of Barbados|Senate]]",
  "lower_house": "[[House of Assembly of Barbados|House of Assembly]]",
  "area_km2": "439",
  "area_sq_mi": "166",
  "area_rank": "183rd",
  "percent_water": "Negligible",
  "population_census": "277,821",
  "population_census_rank": "181st",
  "population_census_year": "2010",
  "population_density_km2": "660",
  "population_density_sq_mi": "1,704",
  "population_density_rank": "15th",
  "GDP_PPP": "$5.398 billion",
  "GDP_PPP_year": "2019",
  "GDP_PPP_per_capita": "$18,798",
  "GDP_nominal": "$5.207 billion",
  "GDP_nominal_year": "2019",
  "GDP_nominal_per_capita": "$18,133",
  "sovereignty_type": "[[Independence]]",
  "established_event1": "From the [[United Kingdom]]",
  "established_date1": "30 November 1966",
  "HDI_year": "2017",
  "HDI_change": "increase",
  "HDI": "0.800",
  "HDI_rank": "58th",
  "currency": "[[Barbadian dollar]] ($)",
  "currency_code": "BBD",
  "time_zone": "[[Atlantic Time Zone|AST]]",
  "utc_offset": "\u22124",
  "drives_on": "Left",
  "calling_code": "[[North American Numbering Plan|+1]][[Area code 246|-246]]",
  "cctld": "[[.bb]]"
}