{
  "conventional_long_name": "Belize",
  "common_name": "Belize",
  "image_flag": "Flag of Belize.svg",
  "image_coat": "Coat of arms of Belize.svg",
  "symbol_type": "[[Coat of arms of Belize|Coat of arms]]",
  "national_motto": "{{native phrase|la|\"Sub Umbra Floreo\"|italics|=|off}} <br /> {{small|\"Under the shade I flourish\"}}",
  "national_anthem": "\"[[Land of the Free (anthem)|Land of the Free]]\" <div style=\"display:inline-block;margin-top:0.4em;\"> {{center|[[File: Land of the Free instrumental.ogg]]}} </div>",
  "royal_anthem": "\"[[God Save the Queen]]\"<div style=\"display:inline-block;margin-top:0.4em;\"> {{center|[[File:United States Navy Band - God Save the Queen.ogg]]}} </div>",
  "image_map": "BLZ orthographic.svg",
  "map_caption": "{{map caption |location_color|=|dark green |region|=|[[the Americas]] |region_color|=|none}}",
  "image_map2": "Belize - Location Map (2013) - BLZ - UNOCHA.svg",
  "capital": "[[Belmopan]]",
  "coordinates": "{{Coord|17|15|N|88|46|W|type:city_region:BZ}}",
  "largest_city": "[[Belize City]]",
  "official_languages": "[[English language|English]]",
  "ethnic_groups": "{{vunblist\n  | 52.9% [[Hispanic Belizean|Mestizo]]\n  | 25.9% [[Belizean Creole people|Creole]]\n  | 11.3% [[Maya people|Maya]]\n  |  6.1% [[Garifuna people|Garifuna]]\n  |  4.8% [[White Caribbeans|European]]\n  |  3.9% [[Asian Indians in Belize|Asian Indian]]\n  |  1.0% [[Ethnic Chinese in Belize|East Asian]]\n  |  1.2% [[Demographics of Belize#Ethnic groups|Other]]\n  | 0.3% Unknown}}",
  "ethnic_groups_year": "2010",
  "ethnic_groups_ref": "{{efn|Percentages add up to more than 100% because respondents were able to identify more than one ethnic origin.}}",
  "religion": "{{vunblist\n  |73.8% [[Christianity in Belize|Christian]]\n  |0.3% [[Buddhism in Central America|Buddhist]]\n  |0.2% [[Hinduism in Belize|Hindu]]\n  |0.2% [[Islam in Belize|Muslim]]\n  |0.2% [[Rastafari]]an\n  |0.1% [[Bah\u00e1'\u00ed Faith in Central America#Belize|Bah\u00e1'\u00ed]]\n  |9.0% [[Religion in Belize|Other]]\n  |0.6% Unknown\n  |15.5% [[Irreligion|Unaffiliated]]}}",
  "religion_year": "2010",
  "demonym": "[[Belizeans|Belizean]]",
  "government_type": "[[Unitary state|Unitary]] [[Parliamentary system|parliamentary]] [[constitutional monarchy]]",
  "leader_title1": "[[Monarchy of Belize|Monarch]]",
  "leader_name1": "[[Elizabeth II]]",
  "leader_title2": "[[Governor-General of Belize|Governor-General]]",
  "leader_name2": "[[Colville Young]]",
  "leader_title3": "[[Prime Minister of Belize|Prime Minister]]",
  "leader_name3": "[[Dean Barrow]]",
  "legislature": "[[National Assembly (Belize)|National Assembly]]",
  "upper_house": "[[Senate (Belize)|Senate]]",
  "lower_house": "{{nowrap|[[House of Representatives (Belize)|House of Representatives]]}}",
  "sovereignty_type": "[[Independence]]",
  "established_event1": "from the [[United Kingdom]]",
  "established_date1": "21 September 1981",
  "area_km2": "22966",
  "area_rank": "147th",
  "area_sq_mi": "8867",
  "percent_water": "0.8",
  "population_estimate": "398,050",
  "population_census": "324,528",
  "population_estimate_year": "2019",
  "population_census_year": "2010",
  "population_density_km2": "17.2",
  "population_density_sq_mi": "44.5",
  "population_density_rank": "213th",
  "GDP_PPP": "$3.343&nbsp;billion",
  "GDP_PPP_year": "2018",
  "GDP_PPP_per_capita": "$8,590",
  "GDP_nominal": "$1.912&nbsp;billion",
  "GDP_nominal_year": "2018",
  "GDP_nominal_per_capita": "$4,906",
  "Gini": "53.1",
  "Gini_year": "2013",
  "HDI": "0.708",
  "HDI_year": "2017",
  "HDI_change": "decrease",
  "HDI_rank": "106th",
  "currency": "[[Belize dollar]]",
  "currency_code": "BZD",
  "time_zone": "[[Central Time Zone|CST]]",
  "utc_offset": "\u22126",
  "date_format": "dd/mm/yyyy",
  "drives_on": "right",
  "calling_code": "+501",
  "cctld": "[[.bz]]",
  "recognized_languages": "{{vunblist\n|[[Belizean Creole|Creole]]\n|[[Belizean Spanish|Spanish]]\n|[[Mayan languages]] ([[Q'eqchi' language|Q'eqchi']], [[Mopan language|Mopan]], [[Yucatec Maya language|Yucatec]])\n|[[German language|German]] ([[Plautdietsch language|Plautdietsch]], [[Standard German]], [[Pennsylvania German language|Pennsylvania German]])\n|[[Garifuna language|Garifuna]]\n|[[Chinese language|Chinese]]|ref| name=\"sib.org.bz\"|https://sib.org.bz/wp-content/uploads/2017/05/Census_Report_2010.pdf|</ref>|}}"
}