{
  "conventional_long_name": "Canada",
  "image_flag": "Flag of Canada (Pantone).svg",
  "alt_flag": "Vertical triband (red, white, red) with a red maple leaf in the centre",
  "image_coat": "Coat of arms of Canada.svg",
  "national_motto": "{{native phrase|la|[[A Mari Usque Ad Mare]]|italics|=|on}} <br /> {{small|\"From Sea to Sea\"}}",
  "national_anthem": "\"[[O Canada]]\" {{lower|0.2em|efn| name|=|Anthem|1|=|Canada's de facto [[royal anthem]] is \"[[God Save the Queen]]\", which is sometimes played or sung together with the national anthem, \"O Canada\", at private and public events. Additionally, its first three lines are also included within the \"Viceregal Salute\", which is accorded to the governor general and provincial lieutenant governors. However, it has never been adopted as an official symbol of the country.|ref|{{cite web |last1=Kallmann |first1=Helmut |title=National and Royal Anthems |url=https://www.thecanadianencyclopedia.ca/en/article/national-and-royal-anthems-emc |website=The Canadian Encyclopedia |publisher=Historica Canada |accessdate=June 21, 2019}}|</ref>|<!--end lower:-->}} <br /> <div style=\"display:inline-block;margin-top:0.4em;\"> {{efn| name|=|Anthem|1|=|Canada's de facto [[royal anthem]] is \"[[God Save the Queen]]\", which is sometimes played or sung together with the national anthem, \"O Canada\", at private and public events. Additionally, its first three lines are also included within the \"Viceregal Salute\", which is accorded to the governor general and provincial lieutenant governors. However, it has never been adopted as an official symbol of the country.|ref|{{cite web |last1=Kallmann |first1=Helmut |title=National and Royal Anthems |url=https://www.thecanadianencyclopedia.ca/en/article/national-and-royal-anthems-emc |website=The Canadian Encyclopedia |publisher=Historica Canada |accessdate=June 21, 2019}}|</ref>}} {{center|[[File:\"O Canada\", performed by the United States Third Marine Aircraft Wing Band.oga]]}} </div>",
  "image_map": "CAN orthographic.svg",
  "map_width": "220px",
  "alt_map": "Projection of North America with Canada in green",
  "capital": "[[Ottawa]]",
  "coordinates": "{{Coord|45|24|N|75|40|W|type:city}}",
  "largest_city": "[[Toronto]]",
  "official_languages": "{{hlist |[[Canadian English|English]]|[[Canadian French|French]]}}",
  "ethnic_groups_year": "2016",
  "ethnic_groups": "{{Collapsible list\n        | titlestyle |=| background:transparent;text-align:left;font-weight:normal;font-size:100%;\n        | title |=| List of ethnicities| 74.3% [[European Canadian|European]] | 14.5% [[Asian Canadian|Asian]] | 5.1% [[Indigenous peoples in Canada|Indigenous]] | 3.4% [[Latin American Canadian|Caribbean and Latin American]] | 2.9% [[Black Canadian|African]] | 0.2% [[Oceania]]n}}",
  "religion_year": "2011",
  "religion": "{{Collapsible list\n        |titlestyle |=| background:transparent;text-align:left;font-weight:normal;font-size:100%;\n        |title |=| List of [[Religion in Canada|religions]]|67.2% [[Christianity in Canada|Christianity]] |23.9% [[Irreligion in Canada|Irreligious]]|3.2% [[Islam in Canada|Islam]]|1.5% [[Hinduism in Canada|Hinduism]] |1.4% [[Sikhism in Canada|Sikhism]] |1.1% [[Buddhism in Canada|Buddhism]] |1.0% [[History of the Jews in Canada|Judaism]] |0.6% [[Religion in Canada#Other religions|Other]]}}",
  "demonym": "[[Canadians|Canadian]]",
  "government_type": "{{nowrap|[[Federalism|Federal]] [[parliamentary system|parliamentary]]<br />[[constitutional monarchy]]|ref| name=hail|{{cite journal|last=Hail|first=M|author2=Lange, S|title=Federalism and Representation in the Theory of the Founding Fathers: A Comparative Study of U.S. and Canadian Constitutional Thought|journal=Publius: The Journal of Federalism|date=February 25, 2010|volume=40|issue=3|pages=366\u2013388|doi=10.1093/publius/pjq001|jstor=40865314}}|</ref>}}",
  "leader_title1": "[[Monarchy of Canada|Monarch]]",
  "leader_name1": "[[Elizabeth II]]",
  "leader_title2": "{{nowrap|[[Governor General of Canada|Governor General]]}}",
  "leader_name2": "[[Julie Payette]]",
  "leader_title3": "[[Prime Minister of Canada|Prime Minister]]",
  "leader_name3": "[[Justin Trudeau]]",
  "legislature": "[[Parliament of Canada|Parliament]]",
  "upper_house": "[[Senate of Canada|Senate]]",
  "lower_house": "[[House of Commons of Canada|House of Commons]]",
  "sovereignty_type": "[[History of Canada#Canada under British rule (1763\u20131931)|Independence]]",
  "sovereignty_note": "from the [[United Kingdom]]",
  "established_event1": "[[Canadian Confederation|Confederation]]",
  "established_date1": "July 1, 1867",
  "established_event2": "[[Statute of Westminster 1931|Statute of Westminster]]",
  "established_date2": "December 11, 1931",
  "established_event3": "[[Patriation]]",
  "established_date3": "April 17, 1982",
  "area_km2": "9,984,670",
  "area_label": "Total area",
  "area_rank": "2nd",
  "area_sq_mi": "3,854,085",
  "percent_water": "8.92",
  "area_label2": "Total land area",
  "area_data2": "{{convert|9093507|km2|sqmi|abbr|=|on}}",
  "population_estimate": "37,602,103",
  "population_census": "35,151,728",
  "population_estimate_year": "Q2 2019",
  "population_census_year": "2016",
  "population_estimate_rank": "38th",
  "population_density_km2": "3.92",
  "population_density_sq_mi": "10.15",
  "population_density_rank": "228th",
  "GDP_PPP": "{{nowrap|$1.930&nbsp;trillion|<!--end nowrap:-->}}",
  "GDP_PPP_year": "2019",
  "GDP_PPP_rank": "15th",
  "GDP_PPP_per_capita": "$51,546",
  "GDP_PPP_per_capita_rank": "20th",
  "GDP_nominal": "{{nowrap|$1.820 trillion}}",
  "GDP_nominal_year": "2019",
  "GDP_nominal_rank": "10th",
  "GDP_nominal_per_capita": "$48,601",
  "GDP_nominal_per_capita_rank": "15th",
  "Gini": "31.8",
  "Gini_year": "2015",
  "Gini_change": "increase",
  "HDI": "0.926",
  "HDI_year": "2017",
  "HDI_change": "increase",
  "HDI_rank": "12th",
  "currency": "[[Canadian dollar]] ($)",
  "currency_code": "CAD",
  "utc_offset": "\u22123.5 to \u22128",
  "utc_offset_DST": "\u22122.5 to \u22127",
  "date_format": "{{abbr|yyyy|year}} - {{abbr|mm|month}} - {{abbr|dd|day}} &nbsp;([[Anno Domini|AD]])",
  "drives_on": "right",
  "calling_code": "[[Telephone numbers in Canada|+1]]",
  "cctld": "[[.ca]]",
  "iso3166code": "CA"
}