{
  "conventional_long_name": "Republic of Costa Rica",
  "common_name": "Costa Rica",
  "native_name": "{{native name|es|Rep\u00fablica de Costa Rica}}",
  "image_flag": "Flag of Costa Rica (state).svg",
  "image_coat": "Coat of arms of Costa Rica.svg",
  "national_anthem": "{{native phrase|es|\"[[Noble patria, tu hermosa bandera]]\"|italics|=|off}} <br /> {{small|\"Noble fatherland, your beautiful flag\"}} <div style=\"padding-top:0.5em;\">[[File:Costa Rica National Anthem.ogg|center]]</div>",
  "image_map": "CRI orthographic.svg",
  "image_map2": "Costa Rica - Location Map (2013) - CRI - UNOCHA.svg",
  "capital": "[[San Jos\u00e9, Costa Rica|San Jos\u00e9]]",
  "coordinates": "{{Coord|9|56|N|84|5|W|type:city}}",
  "largest_city": "capital",
  "official_languages": "[[Costa Rican Spanish|Spanish]]",
  "ethnic_groups": "{{vunblist\n| 83.6% [[White Latin Americans|White/Castizo]] or [[Mestizo]]\n| 6.7% [[Mulatto]]\n| 2.4% [[Indigenous peoples of Costa Rica|Amerindian]]\n| 1.1% [[Afro-Costa Ricans|Black]] (of African descent)\n| 6.2% Others|ref| name=\"livepopulation.com\" |}}",
  "ethnic_groups_year": "2011",
  "demonym": "{{hlist |[[Costa Ricans|Costa Rican]] |Tico(a)}}",
  "government_type": "[[Unitary state|Unitary]] [[Presidential system|presidential]] [[Constitution of Costa Rica|constitutional]] [[republic]]",
  "leader_title1": "[[President of Costa Rica|President]]",
  "leader_name1": "[[Carlos Alvarado Quesada|Carlos Alvarado]]",
  "leader_title2": "[[Vice President of Costa Rica|1st Vice-President]]",
  "leader_name2": "[[Epsy Campbell Barr]]",
  "leader_title3": "[[Vice President of Costa Rica|2nd Vice-President]]",
  "leader_name3": "[[Marvin Rodr\u00edguez Cordero|Marvin Rodr\u00edguez]]",
  "legislature": "[[Legislative Assembly of Costa Rica|Legislative Assembly]]",
  "sovereignty_type": "Independence declared",
  "established_event1": "from [[Spain]]",
  "established_date1": "15 September 1821",
  "established_event2": "from [[First Mexican Empire]]",
  "established_date2": "1 July 1823",
  "established_event3": "{{nowrap|from the [[Federal Republic of Central America|Federal<br />Republic of<br />Central America]]}}",
  "established_date3": "1838",
  "established_event4": "Recognized by Spain",
  "established_date4": "10 May 1850",
  "established_event5": "Constitution",
  "established_date5": "7 November 1949",
  "area_km2": "51100",
  "area_rank": "126th",
  "percent_water": "0.7",
  "population_estimate": "{{UN Population|Costa Rica}} {{UN Population|ref}}",
  "population_estimate_rank": "123rd",
  "population_estimate_year": "{{UN Population|Year}}",
  "population_density_sq_mi": "220",
  "population_density_rank": "107th",
  "GDP_PPP": "$92.415 billion",
  "GDP_PPP_year": "2019",
  "GDP_PPP_per_capita": "$18,182",
  "GDP_nominal": "$60.459 billion",
  "GDP_nominal_year": "2019",
  "GDP_nominal_per_capita": "$11,895",
  "Gini": "48.7",
  "Gini_year": "2016",
  "Gini_change": "increase",
  "HDI": "0.794",
  "HDI_year": "2017",
  "HDI_change": "increase",
  "HDI_rank": "63rd",
  "currency": "[[Costa Rican col\u00f3n]]",
  "currency_code": "CRC",
  "time_zone": "[[Central Time Zone|CST]]",
  "utc_offset": "\u22126",
  "drives_on": "right",
  "calling_code": "[[+506]]",
  "cctld": "[[.cr]]<br />.co.cr",
  "recognized_regional_languages": "{{hlist |[[Limonese Creole|Mekatelyu]] |[[Bribri language|Bribri]] |[[Jamaican Patois|Patois]]}}",
  "religion": "52% [[Catholic Church in Costa Rica|Catholic]]<br />25% [[Protestantism in Costa Rica|Protestant]]<br />17% [[Irreligion]]<br />3% [[Buddhism in Costa Rica|Buddhism]] and others<br />3% Unknown",
  "religion_year": "2017"
}