{
  "conventional_long_name": "Republic of Cuba",
  "common_name": "Cuba",
  "native_name": "{{native name|es|Rep\u00fablica de Cuba}}",
  "image_flag": "Flag of Cuba.svg",
  "image_coat": "Coat of Arms of Cuba.svg",
  "alt_coat": "A shield in front of a fasces crowned by the Phrygian Cap, all supported by an oak branch and a laurel wreath",
  "symbol_type": "Coat of arms",
  "national_motto": "<br> {{native phrase|es|\"\u00a1Patria o Muerte, Venceremos!\"|italics|=|off|nolink|=|on}} <br /> {{small|\"Homeland or Death, we shall overcome!\"}} {{lower|0.2em|ref|{{cite web |url=http://www.bc.gob.cu/english/cuban_bills.asp |title=Cuban Peso Bills |publisher=Central Bank of Cuba |date=2015 |accessdate=14 February 2017}}|</ref>|<!--end lower:-->}}",
  "national_anthem": "''[[La Bayamesa]]''<br /> {{raise|0.2em|small|''Bayamo Song''&nbsp;|lower|0.2em|ref|{{cite web |url=http://mipais.cuba.cu/cat_en.php?idcat=91&idpadre=83&nivel=2 |title=National symbols |publisher=Government of Cuba |accessdate=7 September 2009}}|</ref>|<!--end lower:-->|<!--end raise:-->}} <br />[[File:United States Navy Band - La Bayamesa.ogg|center]] {{small|''Bayamo Song''&nbsp;}} {{lower|0.2em|ref|{{cite web |url=http://mipais.cuba.cu/cat_en.php?idcat=91&idpadre=83&nivel=2 |title=National symbols |publisher=Government of Cuba |accessdate=7 September 2009}}|</ref>|<!--end lower:-->}}",
  "image_map": "CUB orthographic.svg",
  "image_map2": "Cuba - Location Map (2013) - CUB - UNOCHA.svg",
  "capital": "[[Havana]]",
  "coordinates": "{{Coord|23|8|N|82|23|W|type:city}}",
  "largest_city": "capital",
  "official_languages": "[[Cuban Spanish|Spanish]]",
  "ethnic_groups": "{{unbulleted list\n  | |#expr: 100 *7160399/11167325 round 1|% [[White Latin American|White]]\n  | |#expr: 100 *2972882/11167325 round 1|% Mixed<br>|small|(including [[Mulatto]], [[Mestizo]], [[Zambo]], or [[Pardo]])|\n  | |#expr: 100 *1034044/11167325 round 1|% [[Afro-Cuban|Black]]}} {{#expr: 100 *7160399/11167325 round 1}} % [[White Latin American|White]] {{#expr: 100 *2972882/11167325 round 1}} % Mixed<br> {{small|(including [[Mulatto]], [[Mestizo]], [[Zambo]], or [[Pardo]])}} {{#expr: 100 *1034044/11167325 round 1}} % [[Afro-Cuban|Black]]",
  "ethnic_groups_year": "2012",
  "demonym": "[[Cubans|Cuban]]",
  "government_type": "[[Unitary state|Unitary]] [[Marxism\u2013Leninism|Marxist\u2013Leninist]] [[One-party state|one-party]] [[Socialist state|socialist]] [[republic]]",
  "leader_title1": "[[First Secretary of the Communist Party of Cuba|First Secretary of the Communist Party]]",
  "leader_name1": "{{nowrap|[[Ra\u00fal Castro]]}}",
  "leader_title2": "[[President of Cuba|President]]",
  "leader_name2": "[[Miguel D\u00edaz-Canel]]",
  "leader_title3": "{{nowrap|[[Vice President of Cuba|First Vice President]]}}",
  "leader_name3": "[[Salvador Vald\u00e9s Mesa]]",
  "leader_title4": "[[Second Secretary of the Communist Party of Cuba|Second Secretary of the Communist Party]]",
  "leader_name4": "{{nowrap|[[Jos\u00e9 Machado Ventura]]}}",
  "leader_title5": "[[National Assembly of People's Power|President of the<br> National Assembly]]",
  "leader_name5": "{{nowrap|[[Esteban Lazo Hern\u00e1ndez]]}}",
  "legislature": "[[National Assembly of People's Power]]",
  "sovereignty_type": "{{nowrap|[[Independence]]}}",
  "established_event1": "[[Ten Years War|Declaration of Independence]]",
  "established_date1": "10 October 1868",
  "established_event2": "[[Cuban War of Independence|War of Independence]]",
  "established_date2": "24 February 1895",
  "established_event3": "[[Treaty of Paris (1898)|Recognized]] (handed over from [[Spain]] to the United States)",
  "established_date3": "10 December 1898",
  "established_event4": "Republic declared (independence from [[United States]])",
  "established_date4": "20 May 1902",
  "established_event5": "[[Cuban Revolution]]",
  "established_date5": "26 July 1953 \u2013 1 January 1959",
  "established_event6": "Current constitution",
  "established_date6": "24 February 1976",
  "area_km2": "109,884",
  "area_rank": "104th",
  "area_sq_mi": "42,426",
  "percent_water": "0.94",
  "population_census": "{{decrease}} 11,209,628",
  "population_census_year": "2018",
  "population_census_rank": "82nd",
  "population_density_km2": "102.1",
  "population_density_sq_mi": "264.9",
  "population_density_rank": "114th",
  "GDP_PPP": "[[US$]] 254.865 billion",
  "GDP_PPP_year": "2015",
  "GDP_PPP_per_capita": "US$ 22,237",
  "GDP_nominal": "US$ 96.851 billion",
  "GDP_nominal_year": "2017",
  "GDP_nominal_rank": "63rd",
  "GDP_nominal_per_capita": "US$ 8,433",
  "GDP_nominal_per_capita_rank": "76th",
  "Gini": "38.0",
  "Gini_year": "2000",
  "HDI": "0.777",
  "HDI_year": "2017",
  "HDI_change": "increase",
  "HDI_rank": "73rd",
  "currency": "{{unbulleted list\n  | [[Cuban peso|Peso]] |<!--Following is kludge to deal with coding for one currency per country:-->|(<code>[[ISO 4217|CUP]]</code>)\n  | [[Cuban convertible peso|Convertible peso]]<sup>a</sup>}} (<code>[[ISO 4217|CUP]]</code>)",
  "currency_code": "CUC",
  "time_zone": "[[Cuba Time|CST]]",
  "utc_offset": "\u22125",
  "utc_offset_DST": "\u22124",
  "time_zone_DST": "[[Daylight saving time in Cuba|CDT]]",
  "drives_on": "right",
  "calling_code": "[[+53]]",
  "cctld": "[[.cu]]",
  "official_website": "{{url|www.cubagob.cu}}",
  "footnote_a": "From 1993 to 2004, the [[United States dollar]] was used alongside the peso until the dollar was replaced by the convertible peso."
}