{
  "conventional_long_name": "Commonwealth of Dominica",
  "common_name": "Dominica",
  "image_flag": "Flag of Dominica.svg",
  "image_coat": "Coat-of-arms-of-Dominica.svg",
  "national_motto": "\"Apres Bondie, C'est La Ter\" {{small|([[Dominican Creole French]])}} <br /> \"Post deum terra est\" {{small| ([[Latin]])}} <br /><small>\"After God is the earth\"</small>",
  "national_anthem": "''[[Isle of Beauty, Isle of Splendour]]''<center>[[File:National Anthem of Dominica by US Navy Band.ogg]]</center>",
  "image_map": "Dominica on the globe (Americas centered).svg",
  "map_caption": "{{map caption |location_color|=|circled in red |region|=|the [[Western Hemisphere]] |region_color|=|none}}",
  "image_map2": "Dominica - Location Map (2013) - DMA - UNOCHA.svg",
  "map2_width": "250px",
  "capital": "[[Roseau]]",
  "coordinates": "{{Coord|15|18|N|61|23|W|type:city}}",
  "largest_city": "capital",
  "official_languages": "[[English language|English]]",
  "languages_type": "[[Vernacular|Vernacular<br />languages]]",
  "languages": "[[Dominican Creole French]]",
  "ethnic_groups": "{{unbulleted list| |nowrap|86.6% [[Afro-Dominican (Dominica)|Black (African)]]| | 9.1% [[Multiracial]] | |nowrap|2.9% [[Island Caribs]]| |  1.3% [[White Dominican (Dominica)|European]] or Other |  0.2% Unspecified}} {{nowrap|86.6% [[Afro-Dominican (Dominica)|Black (African)]]}} {{nowrap|2.9% [[Island Caribs]]}}",
  "ethnic_groups_year": "2001",
  "demonym": "[[Demographics of Dominica|Dominican]]",
  "government_type": "[[Unitary state|Unitary]] [[parliamentary republic]]",
  "leader_title1": "[[List of Presidents of Dominica|President]]",
  "leader_name1": "[[Charles Savarin]]",
  "leader_title2": "[[Prime Minister of Dominica|Prime Minister]]",
  "leader_name2": "[[Roosevelt Skerrit]]",
  "legislature": "[[House of Assembly of Dominica]]",
  "sovereignty_type": "[[Independence]]",
  "established_event1": "[[Associated Statehood Act 1967]]",
  "established_date1": "1 March 1967",
  "established_event2": "from the [[United Kingdom]]",
  "established_date2": "3 November 1978",
  "area_km2": "750",
  "area_rank": "174th",
  "area_sq_mi": "290",
  "percent_water": "1.6",
  "population_estimate": "{{UN_Population|Dominica}} {{UN_Population|ref}}",
  "population_census": "71,293",
  "population_estimate_year": "{{UN_Population|Year}}",
  "population_estimate_rank": "186th",
  "population_census_year": "2011",
  "population_density_km2": "105",
  "population_density_sq_mi": "272",
  "population_density_rank": "95th",
  "GDP_PPP": "$688 million",
  "GDP_PPP_year": "2018",
  "GDP_PPP_per_capita": "$9,726",
  "GDP_nominal": "$485 million",
  "GDP_nominal_year": "2018",
  "GDP_nominal_per_capita": "$6,860",
  "HDI": "0.724",
  "HDI_year": "2014",
  "HDI_change": "increase",
  "HDI_rank": "94th",
  "currency": "[[East Caribbean dollar]]",
  "currency_code": "XCD",
  "time_zone": "[[Eastern Caribbean Time Zone|Eastern Caribbean]]",
  "utc_offset": "\u20134",
  "drives_on": "[[Right- and left-hand traffic|left]]",
  "calling_code": "[[Area code 767|+1-767]]",
  "cctld": "[[.dm]]",
  "religion": "94.4% [[Christianity|Christians]]<br>3% [[Religion in Dominica|Folk religion]]<br>0.5% [[Irreligion|Irreligious]]<br>0.1% [[Islam in Dominica|Muslims]]<br>2.0% [[Religion in Dominica|Other]]"
}