{
  "conventional_long_name": "Dominican Republic",
  "common_name": "Dominican Republic",
  "native_name": "{{native name|es|Rep\u00fablica Dominicana}}",
  "image_flag": "Flag of the Dominican Republic.svg",
  "image_coat": "Coat of arms of the Dominican Republic.svg",
  "national_motto": "{{native phrase|es|\"Dios, Patria, Libertad\"|italics|=|off|nolink|=|yes}} <br /> {{small|\"God, Homeland, Freedom\"}}",
  "national_anthem": "''[[National Anthem of the Dominican Republic|\u00a1Quisqueyanos Valientes!]]''<br /> {{raise|0.2em|small|''\u00a1Valiant Quisqueyans!''&nbsp;|lower|0.2em|<!--end lower:-->|<!--end raise:-->}} <div style=\"padding-top:0.5em;\">[[File:Dominican Republic National Anthem.ogg|center]]</div> {{small|''\u00a1Valiant Quisqueyans!''&nbsp;}} {{lower|0.2em|<!--end lower:-->}}",
  "image_map": "Dominican Republic (orthographic projection).svg",
  "image_map2": "Dominican Republic - Location Map (2013) - DOM - UNOCHA.svg",
  "capital": "[[Santo Domingo]]",
  "coordinates": "{{Coord|19|00|N|70|40|W|type:city}}",
  "largest_city": "capital",
  "official_languages": "[[Dominican Spanish|Spanish]]",
  "ethnic_groups": "{{vunblist\n  | 72.9% [[Multiracial]]\n   | |small|(''[[Mulatto]]'', ''[[Mestizo]]'')|ref| name=1960census|{{cite book|title=Cuarto Censo Nacional de Poblaci\u00f3n, 1960|date=1966|publisher=Oficina Nacional de Estad\u00edsticas|location=Santo Domingo|page=32}}|</ref>|<!--Last census that ask about race in 1960. See MOYA PONS-->|\n  | 16.1% [[White Dominicans|White]]\n  | 10.9% [[Afro-Dominicans|Black]]\n  | 0.1% East Asian ([[Ethnic Chinese in the Dominican Republic|Chinese]] and [[Japanese settlement in the Dominican Republic|Japanese]])}} {{small|(''[[Mulatto]]'', ''[[Mestizo]]'')}}",
  "demonym": "[[People of the Dominican Republic|Dominican]]<br />Quisqueyan (colloquial)",
  "government_type": "[[Unitary State|Unitary]] [[presidential system|presidential]] [[republic]]",
  "leader_title1": "[[President of the Dominican Republic|President]]",
  "leader_name1": "[[Danilo Medina]]",
  "leader_title2": "[[List of Vice Presidents of the Dominican Republic|Vice President]]",
  "leader_name2": "[[Margarita Cede\u00f1o de Fern\u00e1ndez]]",
  "legislature": "[[Congress of the Dominican Republic|Congress]]",
  "upper_house": "[[Senate of the Dominican Republic|Senate]]",
  "lower_house": "[[Chamber of Deputies of the Dominican Republic|Chamber of Deputies]]",
  "sovereignty_type": "[[History of the Dominican Republic|Formation]]",
  "established_event1": "[[Republic of Spanish Haiti]]",
  "established_date1": "December 1, 1821",
  "established_event2": "[[Unification of Hispaniola]]",
  "established_date2": "February 9, 1822",
  "established_event3": "[[Dominican War of Independence|Independence declared from Haiti]]",
  "established_date3": "February 27, 1844",
  "established_event4": "[[First Republic (Dominican Republic)|First Republic]]",
  "established_date4": "1844-1861",
  "established_event5": "[[Spanish occupation of the Dominican Republic|Spanish occupation]]",
  "established_date5": "1861-1865",
  "established_event6": "[[Dominican Restoration War|Restoration of Independence from Spain]]",
  "established_date6": "August 16, 1863",
  "established_event7": "[[Second Republic (Dominican Republic)|Second Republic]]",
  "established_date7": "July 11, 1865",
  "established_event8": "[[United States occupation of the Dominican Republic (1916\u201324)|United States occupation]]",
  "established_date8": "May 5, 1916",
  "established_event9": "[[Third Republic (Dominican Republic)|Third Republic]]",
  "established_date9": "July 12, 1924",
  "established_event10": "[[Dominican Civil War|Civil War]]",
  "established_date10": "April 24, 1965",
  "established_event11": "[[Dominican Republic|Fourth Republic]]",
  "established_date11": "July 1, 1966",
  "established_event12": "[[Constitution of the Dominican Republic|Current constitution]]",
  "established_date12": "June 13, 2015",
  "area_km2": "48,671",
  "area_rank": "128th",
  "percent_water": "0.7",
  "population_estimate": "{{nowrap|10,735,896|ref| name=\"PopEst\"|{{cite web |url=https://www.one.gob.do/categoria/tablagrafico?Gid=23 |title=Estimaciones y proyecciones de la poblaci\u00f3n total |publisher=Oficina Nacional de Estad\u00edstica |accessdate=25 April 2018 |format=xlsx |df=mdy-all }}|</ref>}}",
  "population_census": "9,478,612",
  "population_estimate_year": "{{nowrap|2018}}",
  "population_estimate_rank": "86th",
  "population_census_year": "[[2010 Dominican Republic Census|2010]]",
  "population_density_km2": "220",
  "population_density_sq_mi": "501.5",
  "population_density_rank": "65th",
  "GDP_PPP": "$200.639 billion",
  "GDP_PPP_year": "2019",
  "GDP_PPP_per_capita": "$19,291",
  "GDP_nominal": "$86.568 billion",
  "GDP_nominal_year": "2019",
  "GDP_nominal_per_capita": "$8,323",
  "Gini": "45.3",
  "Gini_year": "2016",
  "Gini_change": "increase",
  "HDI": "0.736",
  "HDI_year": "2017",
  "HDI_change": "increase",
  "HDI_rank": "94th",
  "currency": "[[Dominican peso|Peso]]",
  "currency_code": "DOP",
  "time_zone": "Standard Time Caribbean",
  "utc_offset": "&nbsp; \u2013 4:00",
  "drives_on": "Right",
  "calling_code": "[[Telephone numbers in the Dominican Republic|+1-809, +1-829, +1-849]]",
  "cctld": "[[.do]]",
  "footnote_a": "Spanish 0.8%; US citizen 0.7%; Jamaican 0.3%; Chinese 0.3%.",
  "footnotes": "Sources for area, capital, coat of arms, coordinates, flag, language, motto and names:&nbsp;<big> {{lower|0.4em|ref| name=embassy}} </big><br />For an alternate area figure of 48,730 km<sup>2</sup>, calling code 809 and Internet TLD:&nbsp;<big> {{lower|0.4em|ref| name=\"CIADemo\"}} </big>"
}