{
  "conventional_long_name": "Republic of El Salvador",
  "common_name": "El Salvador",
  "native_name": "{{native name|es|Rep\u00fablica de El Salvador}}",
  "image_flag": "Flag of El Salvador.svg",
  "image_coat": "Coat of arms of El Salvador.svg",
  "national_motto": "{{native phrase|es|\"Dios, Uni\u00f3n, Libertad\"|italics|=|off}} <br /> {{small|lang-en|\"God, Unity, Freedom\"}} {{lang-en|\"God, Unity, Freedom\"}}",
  "national_anthem": "''[[National Anthem of El Salvador|Himno Nacional de El Salvador]]''<br />( {{lang-en|\"National Anthem of El Salvador\"}} )<div style=\"padding-top:0.5em;\">[[File:El Salvador National Anthem.ogg|center]]</div>",
  "image_map": "El Salvador (orthographic projection).svg",
  "image_map2": "El Salvador - Location Map (2013) - SLV - UNOCHA.svg",
  "capital": "[[San Salvador]]",
  "coordinates": "{{coord|13|41|56|N|89|11|29|W|type:city_region:SV-SS}}",
  "largest_city": "[[San Salvador]]",
  "official_languages": "[[Salvadoran Spanish|Spanish]]",
  "ethnic_groups": "{{vunblist\n   | 86.3% [[Mestizo]]\n   | 12.7% [[White Latin American|White]]\n   | 0.23%  [[Indigenous peoples of the Americas#El Salvador|Indigenous]]\n   | 0.13%  [[Black Latin American|Black]]\n   | 0.64%  Other |ref|{{cite web |url=https://www.cia.gov/library/publications/the-world-factbook/geos/es.html|title=CIA The World Factbook: People and Society \u2013 El Salavador}}|</ref>}}",
  "demonym": "[[Salvadorans|Salvadoran]]<br>Guanaco (informal)",
  "government_type": "[[Unitary state|Unitary]] [[Presidential system|presidential]] [[Republic|constitutional republic]]",
  "leader_title1": "[[President of El Salvador|President]]",
  "leader_name1": "[[Nayib Bukele]]",
  "leader_title2": "[[Vice President of El Salvador|Vice President]]",
  "leader_name2": "[[F\u00e9lix Ulloa]]",
  "legislature": "[[Legislative Assembly of El Salvador|Legislative Assembly]]",
  "sovereignty_type": "[[Independence]]",
  "established_event1": "{{nowrap|Declared from [[Spain]]}}",
  "established_date1": "September 15, 1821",
  "established_event2": "{{nowrap|Declared from the<br/>[[Federal Republic of Central America|Federal Republic<br />of Central America]]}}",
  "established_date2": "June 12, 1824",
  "established_event3": "International recognition",
  "established_date3": "February 18, 1841",
  "area_km2": "21,041",
  "area_rank": "148th",
  "area_sq_mi": "8,124",
  "percent_water": "1.5",
  "population_estimate": "{{UN_Population|El Salvador}} {{UN_Population|ref}}",
  "population_estimate_year": "{{UN_Population|Year}}",
  "population_estimate_rank": "99th",
  "population_density_km2": "303.1",
  "population_density_sq_mi": "785",
  "population_density_rank": "47th",
  "GDP_PPP": "$53.667 billion",
  "GDP_PPP_rank": "101st",
  "GDP_PPP_year": "2018",
  "GDP_PPP_per_capita": "$8,388",
  "GDP_PPP_per_capita_rank": "111th",
  "GDP_nominal": "$25.855 billion",
  "GDP_nominal_rank": "103rd",
  "GDP_nominal_year": "2018",
  "GDP_nominal_per_capita": "$4,041",
  "GDP_nominal_per_capita_rank": "113th",
  "Gini": "40.6",
  "Gini_year": "2016",
  "Gini_change": "decrease",
  "HDI": "0.674",
  "HDI_year": "2017",
  "HDI_change": "decrease",
  "HDI_rank": "121st",
  "currency": "[[United States dollar]]<sup>a</sup>",
  "currency_code": "USD",
  "time_zone": "[[Central Time Zone|CST]]",
  "utc_offset": "\u22126",
  "drives_on": "right",
  "calling_code": "[[+503]]<sup>b</sup>",
  "cctld": "[[.sv]]",
  "footnote_a": "The [[United States dollar]] is the currency in use. Financial information can be expressed in U.S. dollars and in [[Salvadoran col\u00f3n]], but the col\u00f3n is out of circulation. {{big|ref|{{cite web |url=http://www.bcr.gob.sv/ingles/integracion/ley.html |title=Main Aspects of the Law |accessdate=2007-07-08 |deadurl=yes |archiveurl=https://web.archive.org/web/20070708094105/http://www.bcr.gob.sv/ingles/integracion/ley.html |archivedate=July 8, 2007 |df= }}. bcr.gob.sv|</ref>}}",
  "footnote_b": "Telephone companies (market share): Tigo (45%), Claro (25%), Movistar (24%), Digicel (5.5%), Red (0.5%)."
}