{
  "common_name": "Grenada",
  "native_name": "'''Grenada'''",
  "image_flag": "Flag of Grenada.svg",
  "image_coat": "Coat of arms of Grenada.svg",
  "national_motto": "\"Ever Conscious of God We Aspire, Build and Advance as One People\" {{lower|0.2em|ref|{{cite web |url=http://www.gov.gd |title=Government of Grenada Website |accessdate=2007-11-01}}|</ref>}}",
  "national_anthem": "''[[Hail Grenada]]''<br /><center>[[File:HailGrenada.ogg]]</center>",
  "royal_anthem": "''[[God Save the Queen]]''",
  "image_map": "Grenada in its region.svg",
  "map_caption": "Map indicating the location of Grenada in the [[Lesser Antilles]]",
  "capital": "[[St. George's, Grenada|St. George's]]",
  "coordinates": "{{Coord|12|03|N|61|45|W|type:city}}",
  "largest_city": "capital",
  "official_languages": "{{unbulleted list |[[English language|English]]}}",
  "regional_languages": "<small>[[Grenadian Creole English]]<br /> [[Grenadian Creole French]]</small>",
  "ethnic_groups": "{{vunblist\n  | 82% [[Afro-Grenadian|African]]\n  | 13% [[Mulatto|Mixed]]\n  |  2% [[Indo-Grenadians|East Indian]]\n  |  1% Other\n  |  1% Unspecified <small>(includes indigenous)</small>}}",
  "ethnic_groups_year": "2011",
  "demonym": "Grenadian",
  "government_type": "[[Unitary state|Unitary]] [[two-party system|two-party]] [[parliamentary system]] under a [[constitutional monarchy]]",
  "leader_title1": "[[Monarch of Grenada|Monarch]]",
  "leader_name1": "[[Elizabeth II]]",
  "leader_title2": "[[Governor-General of Grenada|Governor-General]]",
  "leader_name2": "[[C\u00e9cile La Grenade]]",
  "leader_title3": "[[Prime Minister of Grenada|Prime Minister]]",
  "leader_name3": "[[Keith Mitchell]]",
  "legislature": "[[Parliament of Grenada|Parliament]]",
  "upper_house": "[[Senate of Grenada|Senate]]",
  "lower_house": "[[House of Representatives of Grenada|House of Representatives]]",
  "sovereignty_type": "Formation",
  "established_event1": "[[Associated Statehood Act 1967|Associated State]]",
  "established_date1": "3 March 1967",
  "established_event2": "'''[[Independence]]''' from the [[United Kingdom]]",
  "established_date2": "7 February 1974",
  "established_event3": "[[People's Revolutionary Government (Grenada)|Grenadian Revolution]]",
  "established_date3": "13 March 1979",
  "established_event4": "Constitution Restoration",
  "established_date4": "4 December 1984",
  "area_km2": "348.5",
  "area_rank": "185th",
  "area_sq_mi": "132.8",
  "percent_water": "1.6",
  "population_estimate": "{{UN_Population|Grenada}} {{UN_Population|ref}}",
  "population_estimate_year": "{{UN_Population|Year}}",
  "population_estimate_rank": "185th",
  "population_density_km2": "318.58",
  "population_density_sq_mi": "825.23",
  "population_density_rank": "45th",
  "GDP_PPP": "$1.801 billion",
  "GDP_PPP_year": "2019",
  "GDP_PPP_per_capita": "$16,604",
  "GDP_nominal": "$1.249 billion",
  "GDP_nominal_year": "2019",
  "GDP_nominal_per_capita": "$11,518",
  "HDI": "0.772",
  "HDI_year": "2017",
  "HDI_change": "increase",
  "HDI_rank": "75th",
  "currency": "[[East Caribbean dollar]]",
  "currency_code": "XCD",
  "utc_offset": "\u22124",
  "drives_on": "[[Right- and left-hand traffic|left]]",
  "calling_code": "[[+1-473]]",
  "cctld": "[[.gd]]",
  "footnote_a": "Plus trace of [[Arawaks|Arawak]] {{\\}} [[Island Caribs|Carib]]."
}