{
  "conventional_long_name": "Republic of Guatemala",
  "common_name": "Guatemala",
  "native_name": "{{native name|es|Rep\u00fablica de Guatemala}}",
  "image_flag": "Flag of Guatemala.svg",
  "image_coat": "Coat of arms of Guatemala.svg",
  "national_motto": "{{unbulleted list\n  |\"''Libre Crezca Fecundo''\"|sfn|Banco de Guatemala|1996|p|=|<small> (Spanish)<br />(|Lang-en|\"Grow Free and Fertile\"|)</small>}} {{sfn|Banco de Guatemala|1996|p|=}} <small> (Spanish)<br />( {{Lang-en|\"Grow Free and Fertile\"}} )</small>",
  "national_anthem": "<br />''[[Himno Nacional de Guatemala]]''<br />( {{Lang-en|\"National Anthem of Guatemala\"}} )<br /><center>[[File:Gutemala's national anthem, performed by the U.S. Navy Band.ogg]]</center>",
  "other_symbol": "''[[La Granadera]]''<br />( {{Lang-en|\"The Song of the Grenadier\"}} )<br /> {{center|[[File:La Granadera.ogg]]}}",
  "other_symbol_type": "March:",
  "image_map": "Guatemala (orthographic projection).svg",
  "map_caption": "{{map caption |location_color|=|dark green) <br/> Claimed area, but not controlled  (light green |region|=|the [[Western Hemisphere]] |region_color|=|grey}}",
  "image_map2": "Guatemala - Location Map (2013) - GTM - UNOCHA.svg",
  "capital": "[[Guatemala City]]",
  "coordinates": "{{Coord|14|38|N|90|30|W|type:city}}",
  "largest_city": "[[Guatemala City]]",
  "official_languages": "[[Guatemalan Spanish|Spanish]]",
  "ethnic_groups": "{{unbulleted list\n|41.5% [[Demographics of Guatemala#Mestizo Guatemalans|Mestizo]]\n|41% [[Demographics of Guatemala#Indigenous Guatemalans|Amerindian]]\n<small>|unbulleted list\n|(9.1% [[K'iche' people|K'iche']]\n|8.4% [[Kaqchikel people|Kaqchikel]]\n|7.9% [[Mam people|Mam]]\n|6.3% [[Q'eqchi' people|Q'eqchi']]\n|8.6% Other [[Maya peoples|Maya]]\n|0.2% Non-Maya indigenous\n|0.1% Others)|</small>\n|18% [[Demographics of Guatemala#European Guatemalans|European]]}} {{unbulleted list\n|(9.1% [[K'iche' people|K'iche']]\n|8.4% [[Kaqchikel people|Kaqchikel]]\n|7.9% [[Mam people|Mam]]\n|6.3% [[Q'eqchi' people|Q'eqchi']]\n|8.6% Other [[Maya peoples|Maya]]\n|0.2% Non-Maya indigenous\n|0.1% Others)}} </small>",
  "ethnic_groups_year": "2010",
  "demonym": "[[Guatemalans|Guatemalan]]<br />Guatemalteco<br />Chap\u00edn (informal)",
  "government_type": "[[Unitary state|Unitary]] [[Presidential system|presidential]] [[republic]]",
  "leader_title1": "[[President of Guatemala|President]]",
  "leader_name1": "[[Alejandro Giammattei]] (president-elect)",
  "leader_title2": "[[Vice President of Guatemala|Vice President]]",
  "leader_name2": "[[Jafeth Cabrera]]",
  "leader_title3": "[[List of Presidents of the Congress of the Republic of Guatemala|President of the Congress]]",
  "leader_name3": "\u00c1lvaro Arz\u00fa Escobar",
  "leader_title4": "President of the Supreme Court",
  "leader_name4": "N\u00e9ster V\u00e1squez Pimentel",
  "legislature": "{{nowrap|[[Congress of Guatemala|Congress of the Republic]]}}",
  "sovereignty_type": "Independence <br /> {{nobold|from the [[Spanish American wars of independence|Spanish Empire]]}}",
  "established_event1": "Declared",
  "established_date1": "15 September 1821",
  "established_event2": "{{nowrap|Declared from the<br />[[First Mexican Empire]]}}",
  "established_date2": "1 July 1823",
  "established_event3": "{{nowrap|Current constitution}}",
  "established_date3": "31 May 1985",
  "area_km2": "108,889",
  "area_rank": "105th",
  "area_sq_mi": "42,042",
  "percent_water": "0.4",
  "population_estimate": "{{increase}} 17,263,239",
  "population_estimate_year": "2018",
  "population_estimate_rank": "67th",
  "population_density_km2": "129",
  "population_density_sq_mi": "348.6",
  "population_density_rank": "85th",
  "GDP_PPP": "$145.249 billion",
  "GDP_PPP_rank": "75th",
  "GDP_PPP_year": "2018",
  "GDP_PPP_per_capita": "$8,413",
  "GDP_PPP_per_capita_rank": "118th",
  "GDP_nominal": "$79.109 billion",
  "GDP_nominal_rank": "68th",
  "GDP_nominal_year": "2018",
  "GDP_nominal_per_capita": "$4,582",
  "GDP_nominal_per_capita_rank": "103rd",
  "Gini": "48.3",
  "Gini_year": "2014",
  "HDI": "0.650",
  "HDI_year": "2019",
  "HDI_change": "increase",
  "HDI_ref": "{{sfn|United Nations|2011|p|=|129}}",
  "HDI_rank": "128th",
  "currency": "[[Guatemalan quetzal|Quetzal]]",
  "currency_code": "GTQ",
  "time_zone": "[[Central Time Zone|CST]]",
  "utc_offset": "\u22126",
  "drives_on": "right",
  "calling_code": "[[+502]]",
  "cctld": "[[.gt]]"
}