{
  "conventional_long_name": "Republic of Haiti",
  "common_name": "Haiti",
  "native_name": "{{ubl|native name|fr|R\u00e9publique d'Ha\u00efti|native name|ht|Repiblik Ayiti}} {{native name|fr|R\u00e9publique d'Ha\u00efti}} {{native name|ht|Repiblik Ayiti}}",
  "image_flag": "Flag of Haiti.svg",
  "image_coat": "Coat of arms of Haiti.svg",
  "national_motto": "<div style=\"padding-bottom:0.3em;\"> {{native phrase|fr|\"[[Libert\u00e9, \u00e9galit\u00e9, fraternit\u00e9]]\"|italics|=|off|nolink|=|on}} <br /> {{small|native phrase|ht|\"Lib\u00e8te, Egalite, Frat\u00e8nite\"|nolink|=|on}} <br /> {{native phrase|ht|\"Lib\u00e8te, Egalite, Frat\u00e8nite\"|nolink|=|on}} {{small|\"Liberty, Equality, Fraternity\"}} </div> {{nowrap|'''Motto on traditional coat of arms:'''}} <br /> {{native phrase|fr|\"[[Unity makes strength|L'union fait la force]]\"|italics|=|off|nolink|=|on}} <br /> {{small|native phrase|ht|\"Inite se f\u00f2s\"|nolink|=|on}} {{native phrase|ht|\"Inite se f\u00f2s\"|nolink|=|on}} <br /> {{small|\"Union makes strength\"}}",
  "national_anthem": "{{native name|fr|[[La Dessalinienne]]|nolink|=|on}} <br /> {{small|native name|ht|Desaliny\u00e8n|nolink|=|on}} <br /> {{native name|ht|Desaliny\u00e8n|nolink|=|on}} {{small|\"The Dessalines Song\"}} <div style=\"padding-top:0.5em;\">[[File:Haiti National Anthem.ogg|center]]</div>",
  "image_map": "Haiti (orthographic projection).svg",
  "image_map2": "Haiti - Location Map (2013) - HTI - UNOCHA.svg",
  "capital": "[[Port-au-Prince]]",
  "coordinates": "{{Coord|18|32|N|72|20|W|type:city}}",
  "largest_city": "Port-au-Prince",
  "official_languages": "{{unbulleted list | [[Haitian French|French]] | [[Haitian Creole]]}}",
  "ethnic_groups": "95% [[Afro-Haitians|black]]<br />5% <small>[[Mulatto Haitians|mixed]] and [[White Haitians|white]]</small>",
  "demonym": "[[Haitians|Haitian]]",
  "government_type": "{{nowrap|[[Unitary state|Unitary]] [[Semi-presidential republic|semi-presidential]]}} [[republic]]",
  "leader_title1": "[[President of Haiti|President]]",
  "leader_name1": "[[Jovenel Mo\u00efse]]",
  "leader_title2": "[[Prime Minister of Haiti|Prime Minister]]",
  "leader_name2": "{{Interlanguage link|Fritz-William Michel|fr}}",
  "legislature": "[[Haitian Parliament|Parliament]]",
  "upper_house": "[[Senate (Haiti)|Senate]]",
  "lower_house": "[[Chamber of Deputies (Haiti)|Chamber of Deputies]]",
  "sovereignty_type": "[[Haitian Revolution|Independence]]",
  "sovereignty_note": "from [[French First Republic|France]]",
  "established_event1": "Declared",
  "established_date1": "January 1, 1804",
  "established_event2": "Recognized",
  "established_date2": "April 17, 1825",
  "established_event3": "[[First Empire of Haiti|First Empire]]",
  "established_date3": "September 22, 1804",
  "established_event4": "[[State of Haiti|Southern Republic]]",
  "established_date4": "March 9, 1806",
  "established_event5": "[[State of Haiti|Northern State]]",
  "established_date5": "October 17, 1806",
  "established_event6": "[[Kingdom of Haiti|Kingdom]]",
  "established_date6": "March 28, 1811",
  "established_event7": "[[Unification of Hispaniola]]",
  "established_date7": "February 9, 1822",
  "established_event8": "Dissolution",
  "established_date8": "February 27, 1844",
  "established_event9": "[[Second Empire of Haiti|Second Empire]]",
  "established_date9": "August 26, 1849",
  "established_event10": "Republic",
  "established_date10": "January 15, 1859",
  "established_event11": "[[Constitution of Haiti|Current constitution]]",
  "established_date11": "March 29, 1987",
  "area_km2": "27,750",
  "area_rank": "143rd",
  "area_sq_mi": "10,714",
  "percent_water": "0.7",
  "population_estimate": "{{UN Population|Haiti}} {{UN Population|ref}}",
  "population_estimate_year": "{{UN Population|Year}}",
  "population_estimate_rank": "85th",
  "population_density_km2": "382",
  "population_density_sq_mi": "989.7",
  "population_density_rank": "32nd",
  "GDP_PPP": "$19.979 billion",
  "GDP_PPP_year": "2017",
  "GDP_PPP_rank": "144th",
  "GDP_PPP_per_capita": "$1,819",
  "GDP_PPP_per_capita_rank": "174th",
  "GDP_nominal": "$7.897 billion",
  "GDP_nominal_year": "2017",
  "GDP_nominal_rank": "139th",
  "GDP_nominal_per_capita": "$719",
  "GDP_nominal_per_capita_rank": "172nd",
  "Gini": "60.8",
  "Gini_year": "2012",
  "HDI": "0.493",
  "HDI_year": "2015",
  "HDI_change": "increase",
  "HDI_rank": "163rd",
  "currency": "[[Haitian gourde]] (G)",
  "currency_code": "HTG",
  "time_zone": "[[Eastern Time Zone|EST]]",
  "utc_offset": "\u22125",
  "utc_offset_DST": "\u22124",
  "time_zone_DST": "[[Eastern Daylight Time|EDT]]",
  "drives_on": "right",
  "calling_code": "[[+509]]",
  "cctld": "[[.ht]]"
}