{
  "conventional_long_name": "Republic of Honduras",
  "common_name": "Honduras",
  "native_name": "{{native name|es|Rep\u00fablica de Honduras}}",
  "image_flag": "Flag of Honduras.svg",
  "image_coat": "Coat of arms of Honduras.svg",
  "national_motto": "{{unbulleted list |native phrase|es|\"Libre, Soberana e Independiente\"|italics|=|off| |small|\"Free, Sovereign and Independent\"}} {{native phrase|es|\"Libre, Soberana e Independiente\"|italics|=|off}} {{small|\"Free, Sovereign and Independent\"}}",
  "national_anthem": "\"[[National Anthem of Honduras|Himno Nacional de Honduras]]\"<br /> {{small|\"National Anthem of Honduras\"}} [[File:Honduras National Anthem.ogg|center]]",
  "image_map": "HND orthographic.svg",
  "image_map2": "Hondura - Location Map (2013) - HND - UNOCHA.svg",
  "capital": "[[Tegucigalpa]]",
  "coordinates": "{{Coord|14|6|N|87|13|W|type:city}}",
  "largest_city": "Tegucigalpa",
  "official_languages": "[[Honduran Spanish|Spanish]]",
  "ethnic_groups": "{{unbulleted list\n  |90% [[Mestizo]]<sup>a</sup>\n  |7% [[Amerindian]]\n  |2% [[Afro-Honduran]]\n  |1% White}}",
  "ethnic_groups_year": "{{lower|0.4em|ref| name=cia}}",
  "demonym": "{{hlist |Honduran |Catracho(a)}}",
  "government_type": "[[Presidential system|Presidential republic]]",
  "leader_title1": "[[President of Honduras|President]]",
  "leader_name1": "[[Juan Orlando Hern\u00e1ndez]]",
  "leader_title2": "[[Vice President of Honduras|Vice President]]",
  "leader_name2": "[[Ricardo \u00c1lvarez Arias]]",
  "leader_title3": "[[National Congress of Honduras|President of National Congress]]",
  "leader_name3": "[[Mauricio Oliva]]",
  "legislature": "[[National Congress of Honduras|National Congress]]",
  "sovereignty_type": "[[Independence]]",
  "established_event1": "{{nowrap|Declared<sup>b</sup> from [[Spain]]}}",
  "established_date1": "15 September 1821",
  "established_event2": "{{nowrap|Declared from the<br />[[First Mexican Empire]]}}",
  "established_date2": "1 July 1823",
  "established_event3": "Declared, as Honduras, from the [[Federal Republic of Central America]]",
  "established_date3": "5 November 1838",
  "area_km2": "112,492",
  "area_rank": "101st",
  "area_sq_mi": "43,278",
  "population_estimate": "{{UN_Population|Honduras}} {{UN_Population|ref}}",
  "population_census": "7,529,403",
  "population_estimate_year": "{{UN_Population|Year}}",
  "population_estimate_rank": "95th",
  "population_census_year": "2007",
  "population_density_km2": "64",
  "population_density_sq_mi": "166",
  "population_density_rank": "{{ordinal|128}}",
  "GDP_PPP": "$49.010 billion",
  "GDP_PPP_rank": "104th",
  "GDP_PPP_year": "2018",
  "GDP_PPP_per_capita": "$5,817",
  "GDP_PPP_per_capita_rank": "133rd",
  "GDP_nominal": "$23.835 billion",
  "GDP_nominal_rank": "108th",
  "GDP_nominal_year": "2018",
  "GDP_nominal_per_capita": "$2,829",
  "GDP_nominal_per_capita_rank": "128th",
  "Gini": "50",
  "Gini_year": "2016",
  "Gini_change": "increase",
  "HDI": "0.617",
  "HDI_year": "2017",
  "HDI_change": "increase",
  "HDI_rank": "133rd",
  "currency": "[[Honduran lempira|Lempira]]",
  "currency_code": "HNL",
  "time_zone": "[[Central Time Zone|CST]]",
  "utc_offset": "\u22126",
  "drives_on": "right",
  "calling_code": "[[+504]]",
  "cctld": "[[.hn]]",
  "footnote_a": "Mixture of European and [[Indigenous peoples of the Americas|American Indian]].",
  "footnote_b": "As part of the [[Federal Republic of Central America]].",
  "footnotes": "Population estimates explicitly take into account the effects of excess mortality due to AIDS; this can result in lower life expectancy, higher infant mortality and death rates, lower population and growth rates, and changes in the distribution of population by age and sex than would otherwise be expected, as of July 2007."
}