{
  "conventional_long_name": "Jamaica",
  "common_name": "Jamaica",
  "image_flag": "Flag of Jamaica.svg",
  "image_coat": "Coat of Arms of Jamaica.svg",
  "image_map": "Jamaica (orthographic projection).svg",
  "image_map2": "Jamaica - Location Map (2013) - JAM - UNOCHA.svg",
  "national_motto": "\"Out of Many, One People\"",
  "national_anthem": "\"[[Jamaica, Land We Love]]\"<div style=\"display:inline-block;margin-top:0.4em;\"> {{center|[[File:Anthems - National Anthem Of Jamaica.ogg]]}} </div>",
  "royal_anthem": "\"[[God Save the Queen]]\"<div style=\"display:inline-block;margin-top:0.4em;\"> {{center|[[File:United States Navy Band - God Save the Queen.ogg]]}} </div>",
  "official_languages": "[[Jamaican English|English]]",
  "languages_type": "[[National language]]",
  "languages": "{{nowrap|[[Jamaican Patois]] |small|(''[[de facto]]'')}} {{small|(''[[de facto]]'')}}",
  "ethnic_groups": "{{ublist |item_style|=|white-space:nowrap; |92.1% [[Afro-Jamaican|Black]] |ref|{{cite web |url=https://www.cia.gov/library/publications/the-world-factbook/geos/jm.html |title= CIA World Factbook (Jamaica)|publisher= United States Government}}|</ref>| |6.1% Mixed (non-Black) |0.8% [[Indo-Jamaican|Indian]] |0.4% Other |0.7% Unspecified}}",
  "ethnic_groups_year": "2011",
  "religion": "{{vunblist | 68.9% [[Christians|Christian]]|ref|{{cite web|url=https://www.cia.gov/library/publications/the-world-factbook/geos/jm.html |title=The World Factbook \u2014 Central Intelligence Agency |publisher=Cia.gov |date= |accessdate=2017-09-25}}|</ref>| 21.3% None| 6.5% Other<br/> (including [[Muslim]], [[Hindu]], [[Buddhist]], and [[Jewish]])| 2.3% Not stated|1.1% [[Rastafari]]an}}",
  "demonym": "[[Jamaican people|Jamaican]]",
  "capital": "[[Kingston, Jamaica|Kingston]]",
  "coordinates": "{{Coord|17|58|17|N|76|47|35|W|type:city}}",
  "largest_city": "capital",
  "government_type": "{{nowrap|[[Unitary state|Unitary]] [[Parliamentary system|parliamentary]]}} [[constitutional monarchy]]",
  "leader_title1": "[[Monarchy of Jamaica|Monarch]]",
  "leader_name1": "[[Elizabeth II]]",
  "leader_title2": "{{nowrap|[[Governor-General of Jamaica|Governor-General]]}}",
  "leader_name2": "[[Patrick Allen (Governor-General)|Patrick Allen]]",
  "leader_title3": "[[Prime Minister of Jamaica|Prime Minister]]",
  "leader_name3": "[[Andrew Holness]]",
  "leader_title4": "[[List of Chief Justices of Jamaica|Chief Justice]]",
  "leader_name4": "Bryan Sykes",
  "legislature": "[[Parliament of Jamaica|Parliament]]",
  "upper_house": "[[Senate of Jamaica|Senate]]",
  "lower_house": "{{nowrap|[[House of Representatives of Jamaica|House of Representatives]]}}",
  "sovereignty_type": "[[Independence of Jamaica|Independence]]",
  "sovereignty_note": "from the [[United Kingdom]]",
  "established_event1": "Granted",
  "established_date1": "6 August 1962",
  "area_rank": "160th",
  "area_km2": "10,991",
  "area_sq_mi": "4,244",
  "percent_water": "1.5",
  "population_estimate": "2,890,299",
  "population_estimate_year": "2017",
  "population_density_km2": "266",
  "population_density_sq_mi": "688",
  "GDP_PPP": "$26.981 billion",
  "GDP_PPP_year": "2018",
  "GDP_PPP_rank": "134th",
  "GDP_PPP_per_capita": "$9,434",
  "GDP_PPP_per_capita_rank": "109th",
  "GDP_nominal": "$15.424 billion",
  "GDP_nominal_year": "2018",
  "GDP_nominal_rank": "119th",
  "GDP_nominal_per_capita": "$5,393",
  "GDP_nominal_per_capita_rank": "95th",
  "Gini_year": "2016",
  "Gini_change": "decrease",
  "Gini": "35",
  "HDI_year": "2017",
  "HDI_change": "steady",
  "HDI": "0.732",
  "HDI_rank": "97th",
  "currency": "[[Jamaican dollar]]",
  "currency_code": "JMD",
  "utc_offset": "-5",
  "drives_on": "[[Right- and left-hand traffic|left]]",
  "calling_code": "[[Area codes 876 and 658|+1-876]]<br/>[[Area codes 876 and 658|+1-658]] <small>([[Overlay plan|Overlay]] of 876; active in November 2018)</small>",
  "cctld": "[[.jm]]"
}