{
  "conventional_long_name": "United Mexican States",
  "common_name": "Mexico",
  "native_name": "{{native name|es|Estados Unidos Mexicanos}}",
  "image_flag": "Flag of Mexico.svg",
  "image_coat": "Coat of arms of Mexico.svg",
  "symbol_type": "Coat of arms",
  "national_motto": "La Patria es Primero<br>\n( {{lang-en|The Homeland is First}} )",
  "national_anthem": "<br />\"[[Himno Nacional Mexicano]]\"<br/> {{small|(|lang-en|\"Mexican National Anthem\"|)}} <div style=\"display:inline-block;margin-top:0.4em;\"> {{lang-en|\"Mexican National Anthem\"}} ) {{center|[[File:Himno Nacional Mexicano instrumental.ogg]]}} </div>",
  "image_map": "MEX orthographic.svg",
  "map_width": "220px",
  "capital": "[[Mexico City]]",
  "coordinates": "{{Coord|19|26|N|99|08|W|type:city}}",
  "largest_city": "Mexico City",
  "official_languages": "{{unbulleted list|None at [[Federal government of Mexico|federal level]]|ref label|iboxb|b}} {{ref label|iboxb|b}}",
  "recognized_regional_languages": "[[Spanish language|Spanish]] and 68 [[Languages of Mexico|native languages]] {{ref label|iboxa|a}}",
  "religion": "{{ublist |item_style|=|white-space:nowrap; |83% [[Catholicism|Catholic]] |7% [[Protestantism|Protestant]] |2% [[Christianity|Other Christian]] |5% [[Irreligion|Non-religious]] |0.2% Other |3% No answer|ref| name=\"2010-census\"|}}",
  "languages_type": "[[National language]]",
  "languages": "[[Spanish language|Spanish]] (''de facto'') {{ref label|iboxb|b}}",
  "demonym": "[[Mexican people|Mexican]]",
  "government_type": "{{nowrap|[[Federalism|Federal]] [[Presidential system|presidential]]<br/>|raise|0.13em|[[Republic|constitutional republic]]|ref|{{cite web |location=MX Q|url=http://www.scjn.gob.mx/SiteCollectionDocuments/PortalSCJN/RecJur/BibliotecaDigitalSCJN/PublicacionesSupremaCorte/Political_constitucion_of_the_united_Mexican_states_2008.pdf |archiveurl=https://web.archive.org/web/20110511194922/http://www.scjn.gob.mx/SiteCollectionDocuments/PortalSCJN/RecJur/BibliotecaDigitalSCJN/PublicacionesSupremaCorte/Political_constitucion_of_the_united_Mexican_states_2008.pdf |archivedate=May 11, 2011 |title=Political Constitution of the United Mexican States, title 2, article 40 |publisher=SCJN |accessdate=August 14, 2010}}|</ref>|<!--end nowrap:-->|<!--end raise:-->}} {{raise|0.13em|[[Republic|constitutional republic]]|ref|{{cite web |location=MX Q|url=http://www.scjn.gob.mx/SiteCollectionDocuments/PortalSCJN/RecJur/BibliotecaDigitalSCJN/PublicacionesSupremaCorte/Political_constitucion_of_the_united_Mexican_states_2008.pdf |archiveurl=https://web.archive.org/web/20110511194922/http://www.scjn.gob.mx/SiteCollectionDocuments/PortalSCJN/RecJur/BibliotecaDigitalSCJN/PublicacionesSupremaCorte/Political_constitucion_of_the_united_Mexican_states_2008.pdf |archivedate=May 11, 2011 |title=Political Constitution of the United Mexican States, title 2, article 40 |publisher=SCJN |accessdate=August 14, 2010}}|</ref>|<!--end nowrap:-->}}",
  "leader_title1": "[[President of Mexico|President]]",
  "leader_name1": "[[Andr\u00e9s Manuel L\u00f3pez Obrador]]",
  "leader_title2": "[[President of the Senate (Mexico)|President of the Senate]]",
  "leader_name2": "[[Mart\u00ed Batres]]",
  "leader_title3": "[[President of the Chamber of Deputies (Mexico)|President of the Chamber of Deputies]]",
  "leader_name3": "[[Porfirio Mu\u00f1oz Ledo]]",
  "legislature": "[[Congress of the Union|Congress]]",
  "upper_house": "[[Senate of the Republic (Mexico)|Senate]]",
  "lower_house": "[[Chamber of Deputies (Mexico)|Chamber of Deputies]]",
  "sovereignty_type": "[[Mexican War of Independence|Independence]]",
  "sovereignty_note": "from [[Spain]]",
  "established_event1": "[[Grito de Dolores|Declared]]",
  "established_date1": "September 16, 1810",
  "established_event2": "[[Declaration of Independence of the Mexican Empire|Consummated]]",
  "established_date2": "September 27, 1821",
  "established_event3": "[[Spanish American wars of independence#New Spain and Central America|Recognized]]",
  "established_date3": "December 28, 1836",
  "established_event4": "[[1824 Constitution of Mexico|First constitution]]",
  "established_date4": "October 4, 1824",
  "established_event5": "[[Federal Constitution of the United Mexican States of 1857|Second constitution]]",
  "established_date5": "February 5, 1857",
  "established_event6": "[[Constitution of Mexico|Current constitution]]",
  "established_date6": "February 5, 1917",
  "area_km2": "1,972,550",
  "area_rank": "13th",
  "area_sq_mi": "761,606",
  "percent_water": "2.5",
  "population_estimate": "126,577,691",
  "population_estimate_year": "2019",
  "population_estimate_rank": "10th",
  "population_density_km2": "61",
  "population_density_sq_mi": "157",
  "population_density_rank": "142nd",
  "GDP_PPP": "{{nowrap|$2.575 trillion|ref| name=\"imf-mx\"|{{cite web |url=https://www.imf.org/external/pubs/ft/weo/2018/02/weodata/weorept.aspx?sy=2018&ey=2023&scsm=1&ssd=1&sort=country&ds=.&br=1&pr1.x=46&pr1.y=4&c=273&s=NGDPD%2CPPPGDP%2CNGDPDPC%2CPPPPC&grp=0&a= |title=Mexico |publisher=International Monetary Fund |accessdate=May 12, 2017}}|</ref>|<!--end nowrap:-->}}",
  "GDP_PPP_year": "2018",
  "GDP_PPP_rank": "11th",
  "GDP_PPP_per_capita": "$20,645",
  "GDP_PPP_per_capita_rank": "64th",
  "GDP_nominal": "{{nowrap|$1.199 trillion|ref| name=\"imf-mx\"}}",
  "GDP_nominal_year": "2018",
  "GDP_nominal_rank": "16th",
  "GDP_nominal_per_capita": "$9,614",
  "GDP_nominal_per_capita_rank": "69th",
  "Gini": "49.8",
  "Gini_year": "2016",
  "Gini_change": "increase",
  "HDI": "0.774",
  "HDI_year": "2017",
  "HDI_change": "increase",
  "HDI_rank": "74th",
  "currency": "[[Mexican peso|Peso]]",
  "currency_code": "MXN",
  "time_zone": "''See'' [[Time in Mexico]]",
  "utc_offset": "\u22128 to \u22125",
  "utc_offset_DST": "\u22127 to \u22125",
  "time_zone_DST": "varies",
  "drives_on": "right",
  "calling_code": "[[Telephone numbers in Mexico|+52]]",
  "cctld": "[[.mx]]",
  "footnote_a": "{{note|iboxa}} Article 4.\u00b0 of the [[General Law of Linguistic Rights of the Indigenous Peoples]].",
  "footnote_b": "{{note|iboxb}} Spanish is ''[[de facto]]'' the official language in the Mexican federal government."
}