{
  "conventional_long_name": "Republic of Nicaragua",
  "common_name": "Nicaragua",
  "native_name": "{{native name|es|Rep\u00fablica de Nicaragua}}",
  "image_flag": "Flag of Nicaragua.svg",
  "image_coat": "Coat of arms of Nicaragua.svg",
  "national_motto": "{{native phrase|es|En Dios confiamos}} <br /> {{raise|0.2em|small|\"[[In God We Trust]]\"|&nbsp;|lower|0.2em|ref| name=cordoba|As shown on the [[Nicaraguan c\u00f3rdoba|C\u00f3rdoba]] (bank notes and coins); see, for example, [http://bcn.gob.ni/billetes_monedas/index.html?&val=1 Banco Central de Nicaragua]  {{webarchive|url=https://web.archive.org/web/20100924020620/http://bcn.gob.ni/billetes_monedas/index.html?&val=1 |date=2010-09-24 }}.|</ref>}} {{small|\"[[In God We Trust]]\"}} &nbsp; {{lower|0.2em|ref| name=cordoba|As shown on the [[Nicaraguan c\u00f3rdoba|C\u00f3rdoba]] (bank notes and coins); see, for example, [http://bcn.gob.ni/billetes_monedas/index.html?&val=1 Banco Central de Nicaragua]  {{webarchive|url=https://web.archive.org/web/20100924020620/http://bcn.gob.ni/billetes_monedas/index.html?&val=1 |date=2010-09-24 }}.|</ref>}}",
  "national_anthem": "{{native name|es|[[Salve a ti, Nicaragua]]|italics|=|on|nolink|=|yes}} <br /> {{small|\"Hail to Thee, Nicaragua\"}} <br /><center>[[File:National Anthem of Nicaragua.ogg]]</center>",
  "image_map": "NIC orthographic.svg",
  "image_map2": "Nicaragua - Location Map (2013) - NIC - UNOCHA.svg",
  "capital": "[[Managua]]",
  "coordinates": "{{Coord|12|6|N|86|14|W|type:city_region:NI-MN}}",
  "largest_city": "capital",
  "official_languages": "[[Nicaraguan Spanish|Spanish]]",
  "ethnic_groups": "{{unbulleted list\n  | 69% [[Mestizo]]\n  | 17% [[White Latin American#Nicaragua|White]]\n  | 9% [[Afro-Nicaraguan|Black]]\n  | 5% [[Indigenous peoples of the Americas|Indigenous]]}}",
  "ethnic_groups_year": "2011",
  "demonym": "[[Nicaraguans|Nicaraguan]]",
  "government_type": "[[Unitary state|Unitary]] [[Dominant-party system|dominant-party]] [[Presidential system|presidential]] [[Republic|constitutional republic]]",
  "leader_title1": "[[President of Nicaragua|President]]",
  "leader_name1": "{{nowrap|[[Daniel Ortega]]}}",
  "leader_title2": "[[Vice President of Nicaragua|Vice President]]",
  "leader_name2": "[[Rosario Murillo]]",
  "legislature": "[[National Assembly (Nicaragua)|National Assembly]]",
  "sovereignty_type": "[[Independence]] {{nobold|from [[Spain]], [[Mexico]] and the [[Federal Republic of Central America]]}}",
  "established_event1": "Declared",
  "established_date1": "15 September 1821",
  "established_event2": "Recognized",
  "established_date2": "25 July 1850",
  "established_event3": "from the [[First Mexican Empire]]",
  "established_date3": "1 July 1823",
  "established_event4": "from the [[Federal Republic of Central America]]",
  "established_date4": "31 May 1838",
  "established_event5": "Revolution",
  "established_date5": "19 July 1979",
  "established_event6": "{{nowrap|Current constitution}}",
  "established_date6": "9 January 1987",
  "area_km2": "130,375",
  "area_rank": "96th",
  "area_sq_mi": "50,193",
  "percent_water": "7.14",
  "population_census": "6,167,237",
  "population_estimate_rank": "109th",
  "population_census_year": "2012",
  "population_density_km2": "51",
  "population_density_sq_mi": "114",
  "population_density_rank": "155th",
  "GDP_PPP": "$35.757 billion",
  "GDP_PPP_year": "2018",
  "GDP_PPP_rank": "115th",
  "GDP_PPP_per_capita": "$5,683",
  "GDP_PPP_per_capita_rank": "129th",
  "GDP_nominal": "$13.380 billion",
  "GDP_nominal_rank": "127th",
  "GDP_nominal_year": "2018",
  "GDP_nominal_per_capita": "$2,126",
  "GDP_nominal_per_capita_rank": "134th",
  "Gini": "46.2",
  "Gini_year": "2014",
  "HDI": "0.658",
  "HDI_year": "2017",
  "HDI_change": "increase",
  "HDI_rank": "124th",
  "currency": "[[Nicaraguan c\u00f3rdoba|C\u00f3rdoba]]",
  "currency_code": "NIO",
  "time_zone": "[[Central Time Zone|CST]]",
  "utc_offset": "\u22126",
  "drives_on": "right",
  "calling_code": "[[+505]]",
  "cctld": "[[.ni]]",
  "regional_languages": "{{unbulleted list |[[English language|English]] |[[Miskito language|Miskito]] |[[Rama language|Rama]] |[[Sumo languages|Sumo]] |nowrap|[[Miskito Coastal Creole]]| |[[Garifuna language|Garifuna]] |[[Rama Cay Creole]]}} {{nowrap|[[Miskito Coastal Creole]]}}"
}