{
  "conventional_long_name": "Republic of Panama",
  "common_name": "Panama",
  "native_name": "{{native name|es|Rep\u00fablica de Panam\u00e1|fontsize|=|70%}}",
  "image_flag": "Flag of Panama.svg",
  "image_coat": "Coat of Arms of Panama.svg",
  "national_motto": "{{lang|la|\"Pro Mundi Beneficio\"}} <br/> {{small|\"For the Benefit of the World\"}}",
  "national_anthem": "{{native name|es|[[Himno Istme\u00f1o]]}} <br/><small>Hymn of the Isthmus</small><center>[[File:Panama National Anthem.ogg]]</center>",
  "image_map": "PAN orthographic.svg",
  "image_map2": "Panama - Location Map (2011) - PAN - UNOCHA.svg",
  "capital": "[[Panama City]]",
  "coordinates": "{{Coord|8|58|N|79|32|W|type:city}}",
  "largest_city": "Panama City",
  "official_languages": "[[Panamanian Spanish|Spanish]]",
  "ethnic_groups": "{{unbulleted list |65% [[Mestizo]] |12.3% [[Indigenous peoples of Panama|Native Panamanians]] |9.2% [[Afro-Panamanian]] |6.8% [[Mulatto]]|6.7% [[White people|White Panamanian]]}}",
  "ethnic_groups_year": "2010",
  "demonym": "[[Panamanians|Panamanian]]",
  "government_type": "[[Unitary state|Unitary]] [[Presidential system|presidential]] [[Republic|constitutional republic]]",
  "leader_title1": "[[List of heads of state of Panama|President]]",
  "leader_name1": "[[Laurentino Cortizo]]",
  "leader_title2": "[[Vice President of Panama|Vice President]]",
  "leader_name2": "Jose Gabriel Carrizo",
  "legislature": "[[National Assembly (Panama)|National Assembly]]",
  "sovereignty_type": "[[Independence]]",
  "established_event1": "from [[Spanish Empire]]",
  "established_date1": "November 28, 1821",
  "established_event2": "union with [[Gran Colombia]]",
  "established_date2": "December 1821",
  "established_event3": "from [[Republic of Colombia]]",
  "established_date3": "November 3, 1903",
  "established_event4": "[[United Nations Charter|Admitted to the]] [[United Nations]]",
  "established_date4": "November 13, 1945",
  "established_event5": "[[Constitution of Panama|Current constitution]]",
  "established_date5": "October 11, 1972",
  "area_km2": "75,417",
  "area_rank": "116th",
  "area_sq_mi": "29,119",
  "percent_water": "2.9",
  "population_estimate": "{{UN_Population|Panama}} {{UN_Population|ref}}",
  "population_census": "3,405,813",
  "population_estimate_year": "{{UN_Population|Year}}",
  "population_census_year": "2010",
  "population_density_km2": "56",
  "population_density_sq_mi": "145",
  "population_density_rank": "162",
  "GDP_PPP": "$121.545 billion",
  "GDP_PPP_year": "2019",
  "GDP_PPP_rank": "79th",
  "GDP_PPP_per_capita": "$28,810",
  "GDP_PPP_per_capita_rank": "57th",
  "GDP_nominal": "$72.215 billion",
  "GDP_nominal_year": "2019",
  "GDP_nominal_rank": "72nd",
  "GDP_nominal_per_capita": "$17,117",
  "GDP_nominal_per_capita_rank": "51st",
  "Gini": "49.9",
  "Gini_year": "2017",
  "Gini_change": "decrease",
  "HDI": "0.789",
  "HDI_year": "2017",
  "HDI_change": "increase",
  "HDI_rank": "66th",
  "currency": "{{unbulleted list |[[Panamanian balboa|Balboa]] ([[ISO 4217|PAB]])|nowrap|[[United States dollar]] ([[ISO 4217|USD]])}} {{nowrap|[[United States dollar]] ([[ISO 4217|USD]])}}",
  "time_zone": "[[Eastern Time|EST]]",
  "utc_offset": "\u22125",
  "drives_on": "Right",
  "calling_code": "[[+507]]",
  "iso3166code": "PA",
  "cctld": "[[.pa]]"
}