{
  "conventional_long_name": "Saint Lucia",
  "common_name": "Saint Lucia",
  "image_flag": "Flag of Saint Lucia.svg",
  "image_coat": "Coat of Arms of Saint Lucia.svg",
  "image_map": "Saint Lucia on the globe (Americas centered).svg",
  "map_caption": "{{map caption |location_color|=|circled in red |region|=|the [[Caribbean]] |region_color|=|light yellow}}",
  "image_map2": "Saint Lucia - Location Map (2013) - LCA - UNOCHA.svg",
  "map2_width": "250px",
  "national_motto": "\"[[Coat of arms of Saint Lucia|The Land, The People, The Light]]\"",
  "national_anthem": "\"[[Sons and Daughters of Saint Lucia]]\"<div style=\"display:inline-block;margin-top:0.4em;\"> {{center|[[File:National Anthem of Saint Lucia.ogg]]}} </div>",
  "royal_anthem": "\"[[God Save the Queen]]\"<div style=\"display:inline-block;margin-top:0.4em;\"> {{center|[[File:United States Navy Band - God Save the Queen.ogg]]}} </div>",
  "official_languages": "[[English language|English]]",
  "languages_type": "[[Vernacular|Vernacular<br/>language]]s",
  "languages": "<small>[[Saint Lucian Creole French]]</small>",
  "demonym": "Saint Lucian",
  "ethnic_groups": "{{vunblist\n  | 85.3% [[Afro-Saint Lucian|Black (African)]]\n  | 10.9% [[Multiracial|Mixed]]\n  | 2.2% [[Indo-Saint Lucian|Indian]]\n  | 1.6% Other\n  | 0.1% Unspecified}}",
  "ethnic_groups_year": "2010",
  "capital": "[[Castries]]",
  "coordinates": "{{Coord|14|1|N|60|59|W|type:city}}",
  "largest_city": "capital",
  "government_type": "[[Unitary state|Unitary]] [[Parliamentary system|parliamentary]] [[constitutional monarchy]]",
  "leader_title1": "[[Monarchy of Saint Lucia|Monarch]]",
  "leader_name1": "[[Elizabeth II]]",
  "leader_title2": "{{nowrap|[[Governor-General of Saint Lucia|Governor-General]]}}",
  "leader_name2": "[[Neville Cenac]]",
  "leader_title3": "[[Prime Minister of Saint Lucia|Prime Minister]]",
  "leader_name3": "[[Allen Chastanet]]",
  "legislature": "[[Parliament of Saint Lucia|Parliament]]",
  "upper_house": "[[Senate of Saint Lucia|Senate]]",
  "lower_house": "[[House of Assembly of Saint Lucia|House of Assembly]]",
  "sovereignty_type": "Independence",
  "established_event1": "[[Associated Statehood Act 1967|Associated State]]",
  "established_date1": "1 March 1967",
  "established_event2": "from the [[United Kingdom]]",
  "established_date2": "22 February 1979",
  "area_rank": "178th",
  "area_km2": "617",
  "area_sq_mi": "238.23",
  "percent_water": "1.6",
  "population_estimate": "{{UN_Population|Saint Lucia}} {{UN_Population|ref}}",
  "population_estimate_year": "{{UN_Population|Year}}",
  "population_census": "165,595",
  "population_census_year": "2010",
  "population_density_km2": "300",
  "population_density_sq_mi": "777",
  "GDP_PPP": "$2.689 billion",
  "GDP_PPP_year": "2018",
  "GDP_PPP_per_capita": "$15,225",
  "GDP_nominal": "$1.774 billion",
  "GDP_nominal_year": "2018",
  "GDP_nominal_per_capita": "$10,042",
  "HDI_year": "2014",
  "HDI_change": "steady",
  "HDI": "0.729",
  "HDI_rank": "89th",
  "currency": "[[East Caribbean dollar]]",
  "currency_code": "XCD",
  "utc_offset": "\u22124",
  "drives_on": "[[Right- and left-hand traffic|left]]",
  "calling_code": "[[+1 758]]",
  "cctld": "[[.lc]]",
  "iso3166code": "LC"
}