{
  "conventional_long_name": "Saint Kitts and Nevis",
  "common_name": "Saint Kitts and Nevis",
  "ethnic_groups_year": "2001",
  "image_flag": "Flag of Saint Kitts and Nevis.svg",
  "image_coat": "Coat of arms of Saint Kitts and Nevis (variant).svg",
  "national_motto": "\"Country Above Self\"",
  "national_anthem": "\"[[O Land of Beauty!]]\"<br /><div class=\"center\" style=\"padding:4px 0\">[[File:United States Navy Band - O Land of Beauty.ogg]]</div>",
  "royal_anthem": "\"[[God Save the Queen]]\"<br /><div class=\"center\" style=\"padding:4px 0\">[[File:United States Navy Band - God Save the Queen.ogg]]</div>",
  "image_map": "KNA orthographic.svg",
  "image_map2": "Saint Kitts and Nevis - Location Map (2013) - KNA - UNOCHA.svg",
  "map2_width": "250px",
  "capital": "[[Basseterre]]",
  "coordinates": "{{Coord|17|18|N|62|44|W|type:city}}",
  "largest_city": "capital",
  "official_languages": "[[English language|English]]",
  "languages_type": "[[Vernacular language]]",
  "languages": "[[Saint Kitts Creole]]",
  "demonym": "Kittitian or Nevisian",
  "government_type": "{{nowrap|[[Federal monarchy|Federal]] [[Parliamentary system|parliamentary]]<br />[[constitutional monarchy]]}}",
  "leader_title1": "[[Monarchy of Saint Kitts and Nevis|Monarch]]",
  "leader_name1": "[[Elizabeth II]]",
  "leader_title2": "{{nowrap|[[Governor-General of Saint Kitts and Nevis|Governor-General]]}}",
  "leader_name2": "[[Samuel Weymouth Tapley Seaton|Sir S.W. Tapley Seaton]]",
  "leader_title3": "[[Prime Minister of Saint Kitts and Nevis|Prime Minister]]",
  "leader_name3": "[[Timothy Harris]]",
  "legislature": "[[National Assembly (Saint Kitts and Nevis)|National Assembly]]",
  "sovereignty_type": "Independence",
  "established_event1": "[[Associated Statehood Act 1967|Associated State]]",
  "established_date1": "27 February 1967",
  "established_event2": "from the [[United Kingdom]]",
  "established_date2": "19 September 1983",
  "area_km2": "261",
  "area_rank": "188th",
  "area_sq_mi": "104",
  "percent_water": "Negligible",
  "population_estimate": "{{UN_Population|Saint Kitts and Nevis}} {{UN_Population|ref}}",
  "population_census": "46,204",
  "population_estimate_year": "{{UN_Population|Year}}",
  "population_estimate_rank": "209th",
  "population_census_year": "2011",
  "population_density_km2": "164",
  "population_density_sq_mi": "424",
  "population_density_rank": "64th",
  "GDP_PPP": "$1.758 billion",
  "GDP_PPP_year": "2019",
  "GDP_PPP_per_capita": "$31,095",
  "GDP_nominal": "$1.058 billion",
  "GDP_nominal_year": "2019",
  "GDP_nominal_per_capita": "$18,714",
  "HDI": "0.778",
  "HDI_year": "2017",
  "HDI_change": "increase",
  "HDI_rank": "72nd",
  "currency": "[[East Caribbean dollar]]",
  "currency_code": "XCD",
  "utc_offset": "-4",
  "drives_on": "[[Right- and left-hand traffic|left]]",
  "calling_code": "[[+1 869]]",
  "cctld": "[[.kn]]",
  "footnote_a": "Or \"Federation of Saint Kitts and Nevis\"."
}