{
  "religion": "{{unbulleted list\n| 47% [[Anglicanism|Anglican]]\n| 28% [[Methodism|Methodist]]\n| 13% [[Catholic Church|Roman Catholic]]\n| 12% Other |small|(Including: [[Seventh-Day Adventist]], [[Hinduism in the West Indies#St. Vincent and the Grenadines|Hindu]], [[Islam in Saint Vincent and the Grenadines|Muslim]], [[Native American religion|Indigenous religion]], [[Afro-American religion]]s, [[Traditional African religion]], [[Rastafari]], and other [[Protestantism|Protestant denominations]])|}} {{small|(Including: [[Seventh-Day Adventist]], [[Hinduism in the West Indies#St. Vincent and the Grenadines|Hindu]], [[Islam in Saint Vincent and the Grenadines|Muslim]], [[Native American religion|Indigenous religion]], [[Afro-American religion]]s, [[Traditional African religion]], [[Rastafari]], and other [[Protestantism|Protestant denominations]])}}",
  "languages_type": "[[Vernacular language]]",
  "languages": "[[Vincentian Creole]]",
  "conventional_long_name": "Saint Vincent and the Grenadines",
  "common_name": "Saint Vincent and the Grenadines",
  "image_flag": "Flag of Saint Vincent and the Grenadines.svg",
  "image_coat": "Coat of arms of Saint Vincent and the Grenadines.svg",
  "symbol": "Coat of arms of Saint Vincent and the Grenadines",
  "symbol_type": "Seal",
  "image_map2": "Saint Vincent and the Grenadines - Location Map (2013) - VCT - UNOCHA.svg",
  "national_motto": "{{native phrase|la|\"Pax et Justitia\"|italics|=|off}} <br/> {{small|\"Peace and Justice\"}}",
  "national_anthem": "\"[[Saint Vincent, Land So beautiful]]\"<div style=\"display:inline-block;margin-top:0.4em;\"> {{center|[[File:National Anthem of St Vincent and the Grenadines.ogg]]}} </div>",
  "royal_anthem": "\"[[God Save the Queen]]\"<div style=\"display:inline-block;margin-top:0.4em;\"> {{center|[[File:United States Navy Band - God Save the Queen.ogg]]}} </div>",
  "official_languages": "[[English language|English]]",
  "ethnic_groups": "{{unbulleted list\n  | 66% [[Afro-Vincentian|Black (African)]]\n  | 19% [[Multiracial|Mixed]]\n  | 6.0% [[Indo-Vincentian|Indian]]\n  | 4% [[White Caribbeans|European]]\n  | |nowrap|2.0% [[Island Caribs]] and [[Black Carib]]s|\n  | 3.0% Others}} {{nowrap|2.0% [[Island Caribs]] and [[Black Carib]]s}}",
  "demonym": "[[Demographics of Saint Vincent and the Grenadines|Saint Vincentian or Vincentian]], Vincy",
  "capital": "[[Kingstown]]",
  "coordinates": "{{Coord|13|10|N|61|14|W|type:city}}",
  "largest_city": "capital",
  "government_type": "[[Unitary state|Unitary]] [[Parliamentary system|parliamentary]] [[constitutional monarchy]]",
  "leader_title1": "[[Monarchy of Saint Vincent and the Grenadines|Monarch]]",
  "leader_name1": "[[Elizabeth II]]",
  "leader_title2": "{{nowrap|[[Governor-General of Saint Vincent and the Grenadines|Governor-General]]}}",
  "leader_name2": "[[Susan Dougan]]",
  "leader_title3": "[[List of Prime Ministers of Saint Vincent and the Grenadines|Prime Minister]]",
  "leader_name3": "[[Ralph Gonsalves|Dr Ralph Gonsalves]]",
  "legislature": "[[House of Assembly of Saint Vincent and the Grenadines|House of Assembly]]",
  "sovereignty_type": "[[Independence]]",
  "established_event1": "[[Associated Statehood Act 1967|Associated State]]",
  "established_date1": "27 October 1969",
  "established_event2": "from the [[United Kingdom]]",
  "established_date2": "27 October 1979",
  "area_rank": "184th",
  "area_km2": "389",
  "percent_water": "negligible",
  "population_estimate": "{{UN_Population|Saint Vincent and the Grenadines}} {{UN_Population|ref}}",
  "population_estimate_rank": "179th",
  "population_estimate_year": "{{UN_Population|Year}}",
  "population_census": "109,991",
  "population_census_year": "2011",
  "population_density_km2": "307",
  "population_density_sq_mi": "792",
  "population_density_rank": "39th",
  "GDP_PPP": "$1.373 billion",
  "GDP_PPP_year": "2019",
  "GDP_PPP_per_capita": "$12,431",
  "GDP_nominal": "$864 million",
  "GDP_nominal_year": "2019",
  "GDP_nominal_per_capita": "$7,827",
  "HDI_year": "2017",
  "HDI_change": "increase",
  "HDI": "0.723",
  "HDI_rank": "99th",
  "currency": "[[East Caribbean dollar]]",
  "currency_code": "XCD",
  "utc_offset": "-4",
  "drives_on": "[[Right- and left-hand traffic|left]]",
  "calling_code": "[[Area code 784|+1 784]]",
  "cctld": "[[.vc]]"
}