{
  "conventional_long_name": "Commonwealth of The Bahamas",
  "common_name": "The Bahamas",
  "image_flag": "Flag of the Bahamas.svg",
  "image_coat": "Coat of arms of the Bahamas.svg",
  "national_motto": "\"Forward, Upward, Onward, Together\"",
  "national_anthem": "\"[[March On, Bahamaland]]\"<br /><center>[[File:National anthem of the Bahamas.oga]]</center>",
  "royal_anthem": "\"[[God Save the Queen]]\"<br /><center>[[File:United States Navy Band - God Save the Queen.ogg|God Save the Queen]]</center>",
  "image_map": "The Bahamas on the globe (Americas centered).svg",
  "image_map2": "The Bahamas - Location Map (2013) - BHS - UNOCHA.svg",
  "capital": "[[Nassau, Bahamas|Nassau]]",
  "coordinates": "{{Coord|25|4|N|77|20|W|type:city}}",
  "largest_city": "capital",
  "official_languages": "[[English language|English]]",
  "languages_type": "[[Vernacular language]]",
  "languages": "[[Bahamian Creole]]",
  "ethnic_groups": "92.7% [[Afro-Bahamian|African]]<br />4.7% [[Demographics of the Bahamas#Ethnic groups|European]]<br />2.1% [[Multiracial|Mixed]]<br />1.9% [[Demographics of the Bahamas#Ethnic groups|American]]<br />2.12% Other",
  "ethnic_groups_year": "2016",
  "demonym": "[[Bahamians|Bahamian]]",
  "government_type": "{{nowrap|[[Unitary state|Unitary]] [[Parliamentary system|parliamentary]]<br />[[constitutional monarchy]]|ref| name=\"A12\"|{{cite web |first= |last= |title=\u2022GENERAL SITUATION AND TRENDS |work=[[Pan American Health Organization]] |url=http://www.paho.org/english/dd/ais/cp_044.htm}}|</ref>|ref| name=\"A13\"|{{cite news |first= |last= |title= Mission to Long Island in the Bahamas |work= Evangelical Association of the Caribbean |url= http://www.caribbeanevangelical.org/newsevents/oldarticles.htm?id=82}}|</ref>|<!--(end nowrap:)-->}}",
  "leader_title1": "[[Monarchy of the Bahamas|Monarch]]",
  "leader_name1": "[[Elizabeth II]]",
  "leader_title2": "{{nowrap|[[Governor-General of the Bahamas|Governor-General]]}}",
  "leader_name2": "[[Cornelius A. Smith]]",
  "leader_title3": "[[Prime Minister of the Bahamas|Prime Minister]]",
  "leader_name3": "[[Hubert Minnis]]",
  "legislature": "[[Parliament of the Bahamas|Parliament]]",
  "upper_house": "[[Senate of the Bahamas|Senate]]",
  "lower_house": "[[House of Assembly of the Bahamas|House of Assembly]]",
  "sovereignty_type": "[[Independence]]",
  "established_event1": "from the [[United Kingdom]]",
  "established_date1": "10 July 1973",
  "area_km2": "13,878",
  "area_rank": "155th",
  "area_sq_mi": "5358",
  "percent_water": "28%",
  "population_estimate": "{{UN_Population|Bahamas}} {{UN_Population|ref}}",
  "population_census": "351,461",
  "population_estimate_year": "{{UN_Population|Year}}",
  "population_estimate_rank": "177th",
  "population_census_year": "2010",
  "population_density_km2": "25.21",
  "population_density_sq_mi": "63.5",
  "population_density_rank": "181st",
  "GDP_PPP": "$12.612 billion",
  "GDP_PPP_year": "2018",
  "GDP_PPP_rank": "148th",
  "GDP_PPP_per_capita": "$33,494",
  "GDP_PPP_per_capita_rank": "40th",
  "GDP_nominal": "$12.803 billion",
  "GDP_nominal_year": "2018",
  "GDP_nominal_rank": "130th",
  "GDP_nominal_per_capita": "$34,002",
  "GDP_nominal_per_capita_rank": "26th",
  "HDI": "0.807",
  "HDI_year": "2017",
  "HDI_change": "increase",
  "HDI_rank": "54th",
  "currency": "{{nowrap|[[Bahamian dollar]] (BSD)<br />|smaller|([[United States dollar|US dollars]] widely accepted)}} {{smaller|([[United States dollar|US dollars]] widely accepted)}}",
  "time_zone": "[[Eastern Time Zone|EST]]",
  "utc_offset": "\u22125",
  "utc_offset_DST": "\u22124",
  "time_zone_DST": "[[Eastern Daylight Time|EDT]]",
  "drives_on": "[[Right- and left-hand traffic|left]]",
  "calling_code": "[[Area code 242|+1 242]]",
  "iso3166code": "BS",
  "cctld": "[[.bs]]",
  "footnote_a": "{{note|bahoffbox}} Also referred to as ''Bahamian dialect'' or ''Bahamianese''"
}