{
  "coordinates": "{{Coord|10|40|0|N|61|30|27|W|type:city_region:TT-POS|display|=|inline}}",
  "conventional_long_name": "Republic of Trinidad and Tobago",
  "image_flag": "Flag of Trinidad and Tobago.svg",
  "image_coat": "Coat of Arms of Trinidad and Tobago.svg",
  "national_motto": "Together We Aspire, Together We Achieve",
  "national_anthem": "\"[[Forged from the Love of Liberty]]\"<br/><div style=\"padding-top:0.5em;\" class=\"center\">[[File:Forged from the Love of Liberty (instrumental).ogg]]</div>",
  "common_name": "Trinidad and Tobago",
  "image_map": "Trinidad and Tobago (orthographic projection).svg",
  "image_map2": "Trinidad and Tobago - Location Map (2013) - TTO - UNOCHA.svg",
  "capital": "[[Port of Spain]]",
  "largest_city": "[[Chaguanas]]<br> {{coord|10|31|7|N|61|24|37|W|display|=|inline}}",
  "official_languages": "[[Trinidadian and Tobagonian English|English]]",
  "languages_type": "Other languages",
  "languages": "'''<sup>See [[Demographics of Trinidad and Tobago#Language|Languages in Trinidad and Tobago]]</sup>'''",
  "ethnic_groups": "{{unbulleted list \n| 37.6% [[Indo-Trinidadian and Tobagonian|Indian]]\n| 36.3% [[Afro-Trinidadians and Tobagonians|African]]\n| 24.4% [[Demographics of Trinidad and Tobago#Mixed ethnicity|Mixed]]<ul>|small|\u2022 7.66% [[Dougla]]|<br></ul>\n| 0.65% [[White Trinidadian and Tobagonian|European]]<ul>|small|\u2022 0.06% [[Portuguese people|Portuguese]]|</ul>\n| 0.30% [[Chinese Trinidadian and Tobagonian|Chinese]]\n| 0.11% [[Indigenous peoples of the Americas|Indigenous Amerindian]]<br>|small|(incl. the [[Santa Rosa First Peoples Community]])|\n| 0.08% [[Arabs|Arab]]\n| 0.17% [[Ethnic groups in Trinidad and Tobago|Other]]\n| 6.22% Undeclared}} {{small|\u2022 7.66% [[Dougla]]}} <br></ul> {{small|\u2022 0.06% [[Portuguese people|Portuguese]]}} </ul> {{small|(incl. the [[Santa Rosa First Peoples Community]])}}",
  "ethnic_groups_year": "2011",
  "demonym": "{{unbulleted list\n|[[Trinidadians and Tobagonians]]\n|Trini (colloquial)\n|Trinbagonian (colloquial)|ref|{{cite web|url=https://www.macmillandictionary.com/dictionary/british/trinbagonian|title=Trinbagonian (noun) definition and synonyms \u2013 Macmillan Dictionary|website=macmillandictionary.com}}|</ref>|}}",
  "membership": "{{unbulleted list\n|[[United Nations|UN]]\n|[[Caribbean Community|CARICOM]]\n|[[World Trade Organization|WTO]]\n|[[Community of Latin American and Caribbean States|CELAC]]\n|[[Association of Caribbean States|ACS]]\n|[[Organization of American States|OAS]]\n|[[Commonwealth of Nations]]\n|[[Alliance of Small Island States|AOSIS]]\n|[[African, Caribbean and Pacific Group of States|ACP]]\n|[[Group of 24|G-24]]\n|[[Group of 77|G77]]}}",
  "government_type": "[[Unitary state|Unitary]] [[Parliamentary system|parliamentary]] [[Republic|constitutional republic]]",
  "leader_title1": "[[President of Trinidad and Tobago|President]]",
  "leader_name1": "[[Paula-Mae Weekes]] ([[Independent politician|I]])",
  "leader_title2": "[[List of Prime Ministers of Trinidad and Tobago|Prime Minister]]",
  "leader_name2": "[[Keith Rowley]] ([[People's National Movement|PNM]])",
  "leader_title3": "[[Leader of the Opposition (Trinidad and Tobago)|Leader of the Opposition]]",
  "leader_name3": "[[Kamla Persad-Bissessar]] ([[United National Congress|UNC]]/[[People's Partnership|PP]])",
  "leader_title4": "[[List of Speakers of the House of Representatives of Trinidad and Tobago|Speaker of the House of Representatives]]",
  "leader_name4": "[[Brigid Annisette-George]] ([[People's National Movement|PNM]])",
  "leader_title5": "[[President of the Senate of Trinidad and Tobago|President of the Senate]]",
  "leader_name5": "Christine Kangaloo ([[People's National Movement|PNM]])",
  "leader_title6": "[[Chief Justice of Trinidad and Tobago|Chief Justice]]",
  "leader_name6": "[[Ivor Archie]]",
  "legislature": "[[Parliament of Trinidad and Tobago|Parliament]]",
  "upper_house": "[[Senate (Trinidad and Tobago)|Senate]]",
  "lower_house": "[[House of Representatives (Trinidad and Tobago)|House of Representatives]]",
  "established_event1": "Independence from the [[United Kingdom]]",
  "established_event2": "Joins [[Caribbean Community|CARICOM]] at the [[Treaty of Chaguaramas]]",
  "established_event3": "Republic",
  "established_date1": "31 August 1962",
  "established_date2": "1 August 1973",
  "established_date3": "1 August 1976<br> {{small|(celebrated 24 September)}}",
  "area_km2": "5,131",
  "area_rank": "165th",
  "area_sq_mi": "1,981",
  "percent_water": "negligible",
  "population_estimate": "1,359,193",
  "population_census": "1,328,019",
  "population_estimate_year": "2018",
  "population_estimate_rank": "151st",
  "population_census_year": "2011",
  "population_density_km2": "264",
  "population_density_rank": "54th",
  "population_density_sq_mi": "684",
  "GDP_PPP": "$45.149 billion",
  "GDP_PPP_year": "2019",
  "GDP_PPP_per_capita": "$32,684",
  "GDP_nominal": "$22.438 billion",
  "GDP_nominal_year": "2019",
  "GDP_nominal_per_capita": "$16,243",
  "Gini": "39.0",
  "Gini_year": "2012",
  "HDI": "0.784",
  "HDI_year": "2017",
  "HDI_change": "increase",
  "HDI_rank": "69th",
  "currency": "[[Trinidad and Tobago dollar]]",
  "currency_code": "TTD",
  "time_zone": "[[Atlantic Standard Time]]",
  "utc_offset": "-4",
  "utc_offset_DST": "-4",
  "time_zone_DST": "not observed",
  "date_format": "dd/mm/yyyy",
  "drives_on": "[[Right- and left-hand traffic|left]]",
  "calling_code": "[[North American Numbering Plan|+1]] [[Area code 868|(868)]]",
  "cctld": "[[.tt]]",
  "religion": "{{unbulleted list\n|49.6% [[Christianity|Christian]]|18.2% [[Hinduism in Trinidad and Tobago|Hindu]]|5.7% [[Spiritual Baptist]]| 5.0% [[Islam in Trinidad and Tobago|Muslim]]|1.2% [[Bah\u00e1'\u00ed Faith in Trinidad and Tobago|Bah\u00e1'\u00ed]]|0.9% [[Trinidad Orisha|Orisha-Shango]] ([[Yoruba religion|Yoruba]])|0.3% [[Rastafari]]an|5.8% [[Religion in Trinidad and Tobago|Other]]|11.1% Not stated|2.2% [[Irreligion|None]]}}",
  "religion_year": "2011"
}