{
  "conventional_long_name": "United States of America",
  "common_name": "the United States",
  "image_flag": "Flag of the United States.svg",
  "image_coat": "Greater coat of arms of the United States.svg",
  "symbol_type": "Coat of arms",
  "symbol_type_article": "Great Seal of the United States#Design",
  "national_motto": "<div style=\"padding-bottom:0.5em;text-align:center;\">\"[[In God We Trust]]\" {{sfn|McKenna|2007|p|=|280}} {{efn|USC|36|302|}} </div> {{USC|36|302}} {{collapsible list\n|title|=|''|nobold|Other traditional mottos&nbsp;|''\n|titlestyle|=|background:transparent;text-align:center;line-height:1.15em;\n|liststyle|=|text-align:center;white-space:nowrap;\n|native phrase|la|\"[[E pluribus unum]]\"|italics|=|off| |small|(de facto)|<br />|small|\"Out of many, one\"|\n|native phrase|la|\"[[Annuit c\u0153ptis]]\"|italics|=|off|<br />|small|\"[[God|He]] has favored our undertakings\"|\n|native phrase|la|\"[[Novus ordo seclorum]]\"|italics|=|off|<br />|small|\"New order of the ages\"|}} {{nobold|Other traditional mottos&nbsp;}} '' {{native phrase|la|\"[[E pluribus unum]]\"|italics|=|off}} {{small|(de facto)}} <br /> {{small|\"Out of many, one\"}} {{native phrase|la|\"[[Annuit c\u0153ptis]]\"|italics|=|off}} <br /> {{small|\"[[God|He]] has favored our undertakings\"}} {{native phrase|la|\"[[Novus ordo seclorum]]\"|italics|=|off}} <br /> {{small|\"New order of the ages\"}}",
  "national_anthem": "<br />\"[[The Star-Spangled Banner]]\"<div style=\"display:inline-block;margin-top:0.4em;\"> {{center|[[File:Star Spangled Banner instrumental.ogg]]}} </div>",
  "march": "{{center|\"[[The Stars and Stripes Forever]]\"|sfn|Kidder|Oppenheim|2007|p|=|91|ref| name=\"urluscode.house.gov\"|{{cite web |url=http://uscode.house.gov/statviewer.htm?volume=112&page=1263 |title=uscode.house.gov |author= |authorlink= |vauthors= |date=August 12, 1999 |website=Public Law 105-225 |publisher=uscode.house.gov |pages=112 Stat. 1263 |language= |quote=Section 304. \"The composition by John Philip Sousa entitled \"The Stars and Stripes Forever\" is the national march.\" |accessdate=September 10, 2017}}|</ref>|}} <div style=\"display:inline-block;margin-top:0.4em;\"> {{sfn|Kidder|Oppenheim|2007|p|=|91}} {{center|[[File:March, \"The Stars and Stripes Forever\" \u00b7 Colonel John R. Bourgeois, Director \u00b7 John Philip Sousa \u00b7 United States Marine Band.ogg]]}} </div>",
  "other_symbol": "<div style=\"padding:0.3em;\">[[File:Great Seal of the United States (obverse).svg|90px]] [[File:Great Seal of the United States (reverse).svg|90px]]",
  "other_symbol_type": "[[Great Seal of the United States|Great Seal]]:",
  "image_map": "USA orthographic.svg",
  "map_width": "220px",
  "alt_map": "Projection of North America with the United States in green",
  "image_map2": "US insular areas SVG.svg",
  "alt_map2": "The United States and its [[Territories of the United States|territories]]",
  "map_caption2": "The United States, including its [[Territories of the United States|territories]]",
  "capital": "{{plainlist|\n* [[Washington, D.C.]]\n* |small|coord|38|53|N|77|01|W|display|=|inline}} {{small|coord|38|53|N|77|01|W|display|=|inline}} {{coord|38|53|N|77|01|W|display|=|inline}}",
  "largest_city": "{{plainlist|\n* [[New York City]]\n* |small|coord|40|43|N|74|00|W|display|=|inline}} {{small|coord|40|43|N|74|00|W|display|=|inline}} {{coord|40|43|N|74|00|W|display|=|inline}}",
  "official_languages": "{{nowrap|None at [[Federal government of the United States|federal level]]|efn|English is the [[Official language of the United States|official language]] of 32 states; English and [[Hawaiian language|Hawaiian]] are both official languages in [[Hawaii]], and English and [[Alaska Native languages|20 Indigenous languages]] are official in [[Alaska]]. [[Algonquian languages|Algonquian]], [[Cherokee language|Cherokee]], and [[Sioux language|Sioux]] are among many other official languages in Native-controlled lands throughout the country. [[French language|French]] is a ''de facto'', but unofficial, language in [[Maine]] and [[Louisiana]], while [[New Mexico]] law grants [[Spanish language|Spanish]] a special status.|sfn|Cobarrubias|1983|p|=|195|sfn|Garc\u00eda|2011|p|=|167}} {{efn|English is the [[Official language of the United States|official language]] of 32 states; English and [[Hawaiian language|Hawaiian]] are both official languages in [[Hawaii]], and English and [[Alaska Native languages|20 Indigenous languages]] are official in [[Alaska]]. [[Algonquian languages|Algonquian]], [[Cherokee language|Cherokee]], and [[Sioux language|Sioux]] are among many other official languages in Native-controlled lands throughout the country. [[French language|French]] is a ''de facto'', but unofficial, language in [[Maine]] and [[Louisiana]], while [[New Mexico]] law grants [[Spanish language|Spanish]] a special status.|sfn|Cobarrubias|1983|p|=|195|sfn|Garc\u00eda|2011|p|=|167}} {{sfn|Cobarrubias|1983|p|=|195}} {{sfn|Garc\u00eda|2011|p|=|167}}",
  "languages_type": "[[National language]]",
  "languages": "[[English language|English]] {{efn|name|=|\"language\"}}",
  "ethnic_groups": "{{plainlist|'''|small|By race:|'''\n* 76.5% [[White Americans|White]]\n* 13.4% [[African Americans|Black]]\n* 5.9% [[Asian Americans|Asian]]\n* 2.7% [[Multiracial Americans|Other/multiracial]]\n* 1.3% [[Native Americans in the United States|Native American]]\n* 0.2% [[Pacific Islands Americans|Pacific Islander]]}} {{small|By race:}} '''\n* 76.5% [[White Americans|White]]\n* 13.4% [[African Americans|Black]]\n* 5.9% [[Asian Americans|Asian]]\n* 2.7% [[Multiracial Americans|Other/multiracial]]\n* 1.3% [[Native Americans in the United States|Native American]]\n* 0.2% [[Pacific Islands Americans|Pacific Islander]] {{plainlist|'''|small|Ethnicity:|'''\n* 18.3% [[Hispanic and Latino Americans|Hispanic or Latino]]\n* 81.7% non-Hispanic or Latino}} {{small|Ethnicity:}} '''\n* 18.3% [[Hispanic and Latino Americans|Hispanic or Latino]]\n* 81.7% non-Hispanic or Latino",
  "ethnic_groups_year": "2018",
  "demonym": "[[Americans|American]]",
  "government_type": "[[Federalism in the United States|Federal]] [[presidential system|presidential]] [[republic|constitutional republic]]",
  "leader_title1": "[[President of the United States|President]]",
  "leader_name1": "{{nowrap|[[Donald Trump]]}} ([[Republican Party (United States)|R]])",
  "leader_title2": "[[Vice President of the United States|Vice President]]",
  "leader_name2": "{{nowrap|[[Mike Pence]]}} ([[Republican Party (United States)|R]])",
  "leader_title3": "{{nowrap|[[Speaker of the United States House of Representatives|House Speaker]]}}",
  "leader_name3": "{{nowrap|[[Nancy Pelosi]]}} ([[Democratic Party (United States)|D]])",
  "leader_title4": "[[Chief Justice of the United States|Chief Justice]]",
  "leader_name4": "[[John Roberts]]",
  "legislature": "[[United States Congress|Congress]]",
  "upper_house": "[[United States Senate|Senate]]",
  "lower_house": "[[United States House of Representatives|House of Representatives]]",
  "sovereignty_type": "[[American Revolution|Independence]]",
  "sovereignty_note": "from [[Kingdom of Great Britain|Great Britain]]",
  "established_event1": "[[United States Declaration of Independence|Declaration]]",
  "established_date1": "July 4, 1776",
  "established_event2": "[[Articles of Confederation|Confederation]]",
  "established_date2": "March 1, 1781",
  "established_event3": "[[Treaty of Paris (1783)|Treaty of Paris]]",
  "established_date3": "September 3, 1783",
  "established_event4": "{{nowrap|[[United States Constitution|Current constitution]]}}",
  "established_date4": "June 21, 1788",
  "established_event5": "[[Northern Mariana Islands|Last polity admitted]]",
  "established_date5": "March 24, 1976",
  "area_link": "Geography of the United States",
  "area_label": "Total area",
  "area_footnote": "{{efn|name|=|largestcountry}}",
  "area_rank": "3rd/4th",
  "area_sq_mi": "3,796,742",
  "percent_water": "6.97",
  "area_label2": "Total land area",
  "area_data2": "{{convert|3,531,905|sqmi|km2|abbr|=|on}}",
  "population_estimate": "{{increase}} 327,167,434 {{efn|name|=|\"pop\"}}",
  "population_census": "308,745,538 {{efn|name|=|\"pop\"}}",
  "population_estimate_year": "2018",
  "population_estimate_rank": "3rd",
  "population_census_year": "2010",
  "population_census_rank": "3rd",
  "population_density_sq_mi": "87",
  "population_density_rank": "146th",
  "GDP_PPP": "{{nowrap|$20.494 trillion|<!-- End nowrap. -->}}",
  "GDP_PPP_year": "2018",
  "GDP_PPP_rank": "2nd",
  "GDP_PPP_per_capita": "$62,606",
  "GDP_PPP_per_capita_rank": "11th",
  "GDP_nominal": "{{nowrap|$20.494 trillion}}",
  "GDP_nominal_year": "2018",
  "GDP_nominal_rank": "1st",
  "GDP_nominal_per_capita": "$62,606",
  "GDP_nominal_per_capita_rank": "7th",
  "Gini": "41.5",
  "Gini_year": "2016",
  "Gini_change": "increase",
  "Gini_rank": "56th",
  "HDI": "0.924",
  "HDI_year": "2017",
  "HDI_change": "increase",
  "HDI_rank": "13th",
  "currency": "[[ {{#property:p38}} ]] ($)",
  "currency_code": "USD",
  "utc_offset": "\u22124 to \u221212, +10, +11",
  "utc_offset_DST": "\u22124 to \u221210 {{efn|name|=|\"time\"}}",
  "date_format": "{{plainlist|\n* |abbr|mm|month|/|abbr|dd|day|/|abbr|yy|year|\n* |abbr|yyyy|year|-|abbr|mm|month|-|abbr|dd|day|ref|See [[Date and time notation in the United States]].|</ref>}} {{abbr|mm|month}} / {{abbr|dd|day}} / {{abbr|yy|year}} * {{abbr|yyyy|year}} - {{abbr|mm|month}} - {{abbr|dd|day}}",
  "electricity": "120 V\u201360 Hz",
  "drives_on": "right {{efn|name|=|\"drive\"}}",
  "calling_code": "[[North American Numbering Plan|+1]]",
  "iso3166code": "US",
  "cctld": "{{plainlist|\n* [[.us]] ([[ISO 3166]])\n* [[Sponsored top-level domain|sTLDs]] (official)}}",
  "religion": "{{plainlist|\n* 73.0% [[Christianity in the United States|Christian]]|<!--Note, double * notation doesn't work as expected in a {{plainlist}}. Keeping the entries for potential future use:\n** 48.5% [[Protestantism in the United States|Protestant/Other Christian]]\n** 22.7% [[Catholic Church in the United States|Catholic]]\n** 1.8% [[Mormonism|Mormon]]-->|\n* 21.3% [[Irreligion in the United States|Unaffiliated]]\n* 2.1% [[American Jews#Religion|Jewish]]\n* 0.8% [[Islam in the United States|Muslim]]\n* 2.9% Other}} * 21.3% [[Irreligion in the United States|Unaffiliated]]\n* 2.1% [[American Jews#Religion|Jewish]]\n* 0.8% [[Islam in the United States|Muslim]]\n* 2.9% Other",
  "religion_year": "2017"
}