{
  "conventional_long_name": "Argentine Republic {{efn-ua|name|=|altnames|Article 35 of the [[Argentine Constitution]] gives equal recognition to the names \"[[United Provinces of the Rio de la Plata]]\", \"Argentine Republic\" and \"Argentine Confederation\" and using \"Argentine Nation\" in the making and enactment of laws.|sfn|Constitution of Argentina|loc|=|art. 35}} {{sfn|Constitution of Argentina|loc|=|art. 35}}",
  "common_name": "Argentina",
  "native_name": "{{ubl|native name|es|Rep\u00fablica Argentina}} {{native name|es|Rep\u00fablica Argentina}}",
  "name": "{{collapsible list\n|titlestyle                  |=| background:transparent;text-align:center;line-height:normal;font-size:84%;\n|title                       |=| |resize|1.0 em|Other official names|\n|Infobox |subbox|=|yes |bodystyle|=|font-size:80%;font-weight:normal;\n|rowclass1 |=|mergedrow |label1|=|[[Guarani language|Guarani]]: |data1|=|lang|gn|Tavakuairet\u00e3 Argentina|\n|rowclass2 |=| mergedrow |label2|=|[[Welsh language|Welsh]]: |data2|=|lang|cy|Gweriniaeth Ariannin|\n|}} {{resize|1.0 em|Other official names}} {{Infobox |subbox|=|yes |bodystyle|=|font-size:80%;font-weight:normal;\n|rowclass1 |=|mergedrow |label1|=|[[Guarani language|Guarani]]: |data1|=|lang|gn|Tavakuairet\u00e3 Argentina|\n|rowclass2 |=| mergedrow |label2|=|[[Welsh language|Welsh]]: |data2|=|lang|cy|Gweriniaeth Ariannin|}} {{lang|gn|Tavakuairet\u00e3 Argentina}} {{lang|cy|Gweriniaeth Ariannin}}",
  "image_flag": "Flag of Argentina.svg",
  "image_coat": "Coat of arms of Argentina.svg",
  "other_symbol": "[[File:Sol de Mayo-Bandera de Argentina.svg|90x90px|alt=Sol de Mayo]]",
  "other_symbol_type": "{{native name|es|[[Sol de Mayo]]|sfnm|1a1|=|Crow|1y|=|1992|1p|=|457|1ps|=|: \"In the meantime, while the crowd assembled in the plaza continued to shout its demands at the cabildo, the sun suddenly broke through the overhanging clouds and clothed the scene in brilliant light. The people looked upward with one accord and took it as a favorable omen for their cause. This was the origin of the \"sun of May\" which has appeared in the center of the Argentine flag and on the Argentine coat of arms ever since.\"|2a1|=|Kopka|2y|=|2011|2p|=|5|2ps|=|: \"The sun's features are those of [[Inti]], the [[Inca]]n sun god. The sun commemorates the appearance of the sun through cloudy skies on 25 May 1810, during the first mass demonstration in favor of independence.\"|nolink|=|yes|paren|=|off}} <br /> {{sfnm|1a1|=|Crow|1y|=|1992|1p|=|457|1ps|=|: \"In the meantime, while the crowd assembled in the plaza continued to shout its demands at the cabildo, the sun suddenly broke through the overhanging clouds and clothed the scene in brilliant light. The people looked upward with one accord and took it as a favorable omen for their cause. This was the origin of the \"sun of May\" which has appeared in the center of the Argentine flag and on the Argentine coat of arms ever since.\"|2a1|=|Kopka|2y|=|2011|2p|=|5|2ps|=|: \"The sun's features are those of [[Inti]], the [[Inca]]n sun god. The sun commemorates the appearance of the sun through cloudy skies on 25 May 1810, during the first mass demonstration in favor of independence.\"}} {{small|(Sun of May)}}",
  "national_motto": "{{unbulleted list\n |list_style|=|line-height:125%;\n | |native phrase|es|\"[[En uni\u00f3n y libertad]]\"|nolink|=|yes|paren|=|off|\n | |small|(\"In Unity and Freedom\")|}} {{native phrase|es|\"[[En uni\u00f3n y libertad]]\"|nolink|=|yes|paren|=|off}} {{small|(\"In Unity and Freedom\")}}",
  "national_anthem": "{{unbulleted list\n |item1_style|=|line-height:125%;\n |item2_style|=|line-height:125%;\n |item3_style|=|margin-top:4px;\n | |native phrase|es|[[Argentine National Anthem|Himno Nacional Argentino]]|nolink|=|yes|paren|=|off|\n | |small|(\"Argentine National Anthem\")|\n | [[File:Himno Nacional Argentino instrumental.ogg|center]]}} {{native phrase|es|[[Argentine National Anthem|Himno Nacional Argentino]]|nolink|=|yes|paren|=|off}} {{small|(\"Argentine National Anthem\")}}",
  "image_map": "Argentina orthographic.svg",
  "map_caption": "Area controlled by Argentina shown in dark green;<br />regions claimed but not controlled shown in light green.",
  "ethnic_groups": "{{ublist |item_style|=|white-space:nowrap; |96.7% [[Argentines of European descent|White]]/[[Mestizo]]<br />\n\n|2.4% [[Indigenous peoples in Argentina|Amerindian]] |0.5% [[Asian Argentines|Asian]]|ref|{{cite web|url=http://www.telam.com.ar/notas/201611/171079-japon-visita-oficial-primer-ministro-nipon-shinzo-abe-casa-de-gobierno.html|title=Argentina inicia una nueva etapa en su relaci\u00f3n con Jap\u00f3n|website=www.telam.com.ar|access-date=2 August 2018|archive-url=https://web.archive.org/web/20180818095646/http://www.telam.com.ar/notas/201611/171079-japon-visita-oficial-primer-ministro-nipon-shinzo-abe-casa-de-gobierno.html|archive-date=18 August 2018|dead-url=no|df=dmy-all}}|</ref>|ref|{{cite web|url=https://www.clarin.com/sociedad/comunidad-china-duplico-ultimos-anos_0_Syfgy52TDQe.html|title=La comunidad china en el pa\u00eds se duplic\u00f3 en los \u00faltimos 5 a\u00f1os|last=Clar\u00edn.com|access-date=2 August 2018|archive-url=https://web.archive.org/web/20180803014649/https://www.clarin.com/sociedad/comunidad-china-duplico-ultimos-anos_0_Syfgy52TDQe.html|archive-date=3 August 2018|dead-url=no|df=dmy-all}}|</ref>|ref|{{cite web|url=http://www.index.go.kr/potal/main/EachDtlPageDetail.do?idx_cd=1682|title=\uad6d\uac00\uc9c0\ud45c\uccb4\uacc4|website=www.index.go.kr|access-date=2 August 2018|archive-url=https://web.archive.org/web/20180818092634/http://www.index.go.kr/potal/main/EachDtlPageDetail.do?idx_cd=1682|archive-date=18 August 2018|dead-url=no|df=dmy-all}}|</ref>|ref|{{cite web |title=WebINDEC \u2013 Poblaci Censo 2010 |url=https://www.indec.gov.ar/nivel4_default.asp?id_tema_1=2&id_tema_2=41&id_tema_3=135 |website=www.indec.gov.ar |access-date=2 August 2018 |archive-url=https://web.archive.org/web/20180803022723/https://www.indec.gov.ar/nivel4_default.asp?id_tema_1=2&id_tema_2=41&id_tema_3=135 |archive-date=3 August 2018 |dead-url=yes |df=dmy-all }}|</ref>| |0.4% [[Afro-Argentines|African]]|ref|{{cite web|url=https://www.cia.gov/library/publications/the-world-factbook/geos/ar.html|title=The World Factbook \u2014 Central Intelligence Agency|website=www.cia.gov|access-date=15 May 2007|archive-url=https://web.archive.org/web/20090830153530/https://www.cia.gov/library/publications/the-world-factbook/geos/ar.html|archive-date=30 August 2009|dead-url=no|df=dmy-all}}|</ref>}} {{plainlist|'''|small|Ethnicity:|'''\n* 62.5% [[Italian Argentines|Italian]]|ref| name=LaMatanza|{{cite web|url =http://infouniversidades.siu.edu.ar/noticia.php?titulo=historias_de_inmigrantes_italianos_en_argentina&id=1432 |title=Historias de inmigrantes italianos en Argentina |date=14 November 2011 |author =Departamento de Derecho y Ciencias Pol\u00edticas de la [[National University of La Matanza|Universidad Nacional de La Matanza]] |publisher=infouniversidades.siu.edu.ar |language=Spanish |quote=Se estima que en la actualidad, el 90% de la poblaci\u00f3n argentina tiene alguna ascendencia europea y que al menos 25 millones est\u00e1n relacionados con alg\u00fan inmigrante de Italia.}}|</ref>|\n* 37.5% Non-Italian}} {{small|Ethnicity:}} '''\n* 62.5% [[Italian Argentines|Italian]] * 37.5% Non-Italian",
  "map_width": "220px",
  "capital": "[[Buenos Aires]]",
  "coordinates": "{{Coord|34|36|S|58|23|W|type:city}}",
  "largest_city": "capital",
  "official_languages": "None",
  "languages_type": "[[National language]]",
  "languages": "[[Rioplatense Spanish|Spanish]] {{ref label|note-lang|a}}",
  "languages2_type": "Regional languages",
  "languages2": "{{Plainlist|\n* [[Guarani language|Guaran\u00ed]] in [[Corrientes Province|Corrientes]]|ref| name=\"Corrientes-5598\" |\n* [[Toba Qom language|Qom]], [[Mocov\u00ed language|Mocov\u00ed]], and [[Wich\u00ed languages|Wich\u00ed]] in [[Chaco Province|Chaco]]|ref| name=kom|}} * [[Toba Qom language|Qom]], [[Mocov\u00ed language|Mocov\u00ed]], and [[Wich\u00ed languages|Wich\u00ed]] in [[Chaco Province|Chaco]]",
  "religion_year": "2018",
  "religion": "{{ublist |item_style|=|white-space:nowrap; |92% [[Roman Catholicism]]  |2% [[Irreligion|Non-religious]] |2% [[Protestantism|Protestant]] |2% [[Jewish]] |2% Other}}",
  "demonym": "[[Argentine people|Argentine]], [[Argentine people|Argentinian]], [[Argentine people|Argentinean]]",
  "government_type": "[[Federal republic|Federal]] [[Presidential system|presidential]] [[Republic|constitutional republic]]",
  "leader_title1": "[[President of Argentina|President]]",
  "leader_name1": "[[Mauricio Macri]]",
  "leader_title2": "[[List of Vice Presidents of Argentina|Vice President]]",
  "leader_name2": "[[Gabriela Michetti]]",
  "leader_title3": "[[Chief of the Cabinet of Ministers]]",
  "leader_name3": "[[Marcos Pe\u00f1a]]",
  "leader_title4": "[[List of Presidents of the Argentine Chamber of Deputies|President of the Chamber of Deputies]]",
  "leader_name4": "[[:es:Emilio Monz\u00f3|Emilio Monz\u00f3]]",
  "leader_title5": "[[Supreme Court of Argentina|President of Supreme Court]]",
  "leader_name5": "[[Carlos Rosenkrantz]]",
  "legislature": "[[Argentine National Congress|Congress]]",
  "upper_house": "[[Argentine Senate|Senate]]",
  "lower_house": "[[Argentine Chamber of Deputies|Chamber of Deputies]]",
  "sovereignty_type": "[[Argentine War of Independence|Independence]]",
  "sovereignty_note": "from [[Spanish Empire|Spain]]",
  "established_event1": "[[May Revolution]]",
  "established_date1": "25 May 1810",
  "established_event2": "[[Argentine Declaration of Independence|Declared]]",
  "established_date2": "9 July 1816",
  "established_event3": "{{nowrap|[[Argentine Constitution|Constitution]]}}",
  "established_date3": "1 May 1853",
  "area_km2": "2780400",
  "area_footnote": "{{efn-ua|name|=|excl_area|Area does not include territorial claims in [[Argentine Antarctica#Argentine claim|Antarctica]] (965,597 km|smallsup|2|, including the [[South Orkney Islands]]), the [[Falkland Islands]] (11,410 km|smallsup|2|), the [[South Georgia Island|South Georgia]] (3,560 km|smallsup|2|) and the [[South Sandwich Islands]] (307 km|smallsup|2|).|ref| name=totalpop|{{cite web|url=http://www.indec.mecon.ar/nuevaweb/cuadros/2/f020202.xls |format=XLS |title=Poblaci\u00f3n por sexo e \u00edndice de masculinidad. Superficie censada y densidad, seg\u00fan provincia. Total del pa\u00eds. A\u00f1o 2010 |work=Censo Nacional de Poblaci\u00f3n, Hogares y Viviendas 2010 |publisher=INDEC \u2013 Instituto Nacional de Estad\u00edstica y Censos |place=Buenos Aires |year=2010 |language=Spanish |archiveurl=https://web.archive.org/web/20140608011356/http://www.indec.mecon.ar/nuevaweb/cuadros/2/f020202.xls |archivedate=8 June 2014 |deadurl=yes |df= }}|</ref>}} {{smallsup|2}} , including the [[South Orkney Islands]]), the [[Falkland Islands]] (11,410 km {{smallsup|2}} ), the [[South Georgia Island|South Georgia]] (3,560 km {{smallsup|2}} ) and the [[South Sandwich Islands]] (307 km {{smallsup|2}} ).",
  "area_rank": "8th",
  "percent_water": "1.57",
  "population_estimate": "{{UN_Population|Argentina}} {{UN_Population|ref}}",
  "population_census": "40,117,096",
  "population_estimate_year": "{{UN_Population|Year}}",
  "population_census_year": "2010",
  "population_census_rank": "32nd",
  "population_density_km2": "14.4",
  "population_density_rank": "214th",
  "GDP_PPP": "$920.209 billion",
  "GDP_PPP_year": "2019",
  "GDP_PPP_rank": "25th",
  "GDP_PPP_per_capita": "$20,425",
  "GDP_PPP_per_capita_rank": "56th",
  "GDP_nominal": "$477.743 billion",
  "GDP_nominal_year": "2019",
  "GDP_nominal_rank": "30th",
  "GDP_nominal_per_capita": "$10,604",
  "GDP_nominal_per_capita_rank": "53rd",
  "Gini": "40.6",
  "Gini_year": "2017",
  "Gini_change": "decrease",
  "HDI": "0.825",
  "HDI_year": "2017",
  "HDI_change": "increase",
  "HDI_rank": "47th",
  "currency": "[[Argentine peso|Peso]] ([[Dollar sign|$]])",
  "currency_code": "ARS",
  "time_zone": "[[Time in Argentina|ART]]",
  "utc_offset": "\u22123",
  "date_format": "dd.mm.yyyy ([[Common Era|CE]])",
  "drives_on": "right {{ref label|note-train|b}}",
  "calling_code": "[[+54]]",
  "cctld": "[[.ar]]",
  "footnote_a": "{{note|note-lang}} Though not declared official ''[[de jure]]'', the Spanish language is the only one used in the wording of laws, decrees, resolutions, official documents and public acts.",
  "footnote_b": "{{note|note-train}} 10 June 1945, but trains are still driven on left."
}