{
  "conventional_long_name": "Plurinational State of Bolivia",
  "common_name": "Bolivia",
  "native_name": "{{small|nobold|native name|es|Estado Plurinacional de Bolivia|<br />|native name|gn|Tet\u00e3 Het\u00e3voregua Mborivia|<br />|native name|qu|Puliwya Mamallaqta|<br />|native name|ay|Wuliwya Suyu|<!--end nobold:-->}} {{nobold|native name|es|Estado Plurinacional de Bolivia|<br />|native name|gn|Tet\u00e3 Het\u00e3voregua Mborivia|<br />|native name|qu|Puliwya Mamallaqta|<br />|native name|ay|Wuliwya Suyu|<!--end nobold:-->}} {{native name|es|Estado Plurinacional de Bolivia}} <br /> {{native name|gn|Tet\u00e3 Het\u00e3voregua Mborivia}} <br /> {{native name|qu|Puliwya Mamallaqta}} <br /> {{native name|ay|Wuliwya Suyu}}",
  "image_flag": "Flag of Bolivia (state).svg",
  "image_coat": "Coat of arms of Bolivia.svg",
  "national_motto": "{{native phrase|es|\"La Uni\u00f3n es la Fuerza\"|italics|=|off|nolink|=|yes}} <br/> {{small|\"Unity is Strength\"}} {{lower|0.2em|ref|{{Cite web | url=http://www.bcb.gov.bo/sitio/monedas/ligera/monedas/m10c.html | title=Moneda de 10 Centavos |trans-title=10 Cent Coins | language=Spanish | archiveurl=https://web.archive.org/web/20070428004356/http://www.bcb.gov.bo/sitio/monedas/ligera/monedas/m10c.html | archivedate=28 April 2007 | publisher=[[Central Bank of Bolivia]] | accessdate=28 January 2014}}|</ref>}}",
  "national_anthem": "{{native name|es|\"[[National Anthem of Bolivia|Himno Nacional de Bolivia]]\"|nolink|=|yes|italic|=|no}} <br/><center>[[File:Himno Nacional de Bolivia instrumental.ogg]]</center>",
  "image_map": "BOL orthographic.svg",
  "map_width": "220px",
  "image_map2": "Bolivia - Location Map (2011) - BOL - UNOCHA.svg",
  "map_caption": "{{map caption |location_color|=|dark green |region|=|[[South America]] |region_color|=| grey}}",
  "capital": "[[Sucre]] <small>(constitutional) </small> <br/>[[La Paz]] <small>(seat of government) </small> <br/>",
  "largest_city": "{{nowrap|[[Santa Cruz de la Sierra]]}} <br/> {{small|coord|17|48|S|63|10|W}} {{coord|17|48|S|63|10|W}}",
  "languages_type": "Official languages",
  "languages": "{{collapsible list\n  |titlestyle |=| background:transparent;text-align:left;font-weight:normal;\n  |title |=| [[Bolivian Spanish|Spanish]] and <br/> [[Languages of Bolivia|36 indigenous languages]] \n  |liststyle |=| border-top:1px solid #aaa; |[[Araona language|Araona]] | [[Aymara language|Aymara]] | [[Ayoreo language|Ayoreo]] | [[Baure language|Baure]] | [[Canichana language|Canichana]] | [[Cavine\u00f1a language|Cavine\u00f1a]] | [[Cayuvava language|Cayuvava]] | [[Ch\u00e1cobo language|Ch\u00e1cobo]] | [[Chim\u00e1n language|Chimane]] | [[Chiquitano language|Chiquitano]] | [[Eastern Bolivian Guaran\u00ed language|Eastern Bolivian Guaran\u00ed]] | [[Ese Ejja language|Ese Ejja]] | [[Guaran\u00ed language|Guaran\u00ed]] | [[Guarayu language|Guarayu]] | [[Ignaciano language|Ignaciano]] | [[Itene language|Itene]] | [[Itonama language|Itonama]] | [[Kallawaya language|Kallawaya]] | [[Leco language|Leco]] | [[Moset\u00e9n language|Moset\u00e9n]] | [[Movima language|Movima]] | [[Pakawara language|Pakawara]] | [[Pauserna language|Pauserna]] | [[Piro language (Peru)|Piro]] | [[Puquina language|Puquina]] | [[Quechua language|Quechua]] | [[Reyesano language|Reyesano]] | [[Sirion\u00f3 language|Sirion\u00f3]] | [[Tacana language|Tacana]] | [[Toromono language|Toromono]] | [[Trinitario language|Trinitario]] | [[Uru-Chipaya]] | [[Wich\u00ed Lhamt\u00e9s Nocten]] | [[Yaminawa language|Yaminawa]] | [[Yuki language (Bolivia)|Yuki]] | [[Yuracar\u00e9 language|Yuracar\u00e9]]}}",
  "ethnic_groups": "{{unbulleted list\n |68% [[Mestizo]]\n |20% [[Indigenous Bolivians]]\n |5% [[White Bolivians|White]]\n |1% [[Afro-Bolivian|Black]] \n |4% Other\n |2% Unspecified}}",
  "ethnic_groups_year": "2018",
  "demonym": "Bolivian",
  "government_type": "[[Unitary state|Unitary]] [[Presidential system|presidential]] [[Republic|constitutional republic]]",
  "leader_title1": "[[President of Bolivia|President]]",
  "leader_name1": "[[Evo Morales]]",
  "leader_title2": "[[Vice President of Bolivia|Vice President]]",
  "leader_name2": "[[\u00c1lvaro Garc\u00eda Linera]]",
  "legislature": "[[Plurinational Legislative Assembly]]",
  "upper_house": "[[Senate of Bolivia|Senate]]",
  "lower_house": "[[Chamber of Deputies of Bolivia|Chamber of Deputies]]",
  "sovereignty_type": "[[Bolivian Declaration of Independence|Independence]]",
  "sovereignty_note": "from [[Spain]]",
  "established_event1": "Declared",
  "established_date1": "6 August 1825",
  "established_event2": "Recognized",
  "established_date2": "21 July 1847",
  "established_event3": "[[United Nations Charter|Admitted to the]] [[United Nations]]",
  "established_date3": "14 November 1945",
  "established_event4": "Current constitution",
  "established_date4": "7 February 2009",
  "area_km2": "1,098,581",
  "area_rank": "27th",
  "area_sq_mi": "424,163",
  "percent_water": "1.29",
  "population_estimate": "11,428,245 (2019)",
  "population_estimate_year": "2019",
  "population_estimate_rank": "83rd",
  "population_density_km2": "10.4",
  "population_density_sq_mi": "26,9",
  "population_density_rank": "224th",
  "FR_total_population_estimate_year": "11,428,245 (2019)",
  "GDP_PPP": "$89.018 billion",
  "GDP_PPP_year": "2019",
  "GDP_PPP_per_capita": "$7,790",
  "GDP_nominal": "$43.687 billion",
  "GDP_nominal_year": "2019",
  "GDP_nominal_per_capita": "$3,823",
  "Gini": "44.6",
  "Gini_year": "2016",
  "Gini_change": "decrease",
  "HDI": "0.693",
  "HDI_year": "2017",
  "HDI_change": "increase",
  "HDI_rank": "118th",
  "currency": "[[Bolivian boliviano|Boliviano]]",
  "currency_code": "BOB",
  "time_zone": "[[UTC\u22124:00|BOT]]",
  "utc_offset": "\u22124",
  "drives_on": "right",
  "calling_code": "[[+591]]",
  "cctld": "[[.bo]]",
  "footnote_a": "{{note|1}} While [[Sucre]] is the constitutional capital, [[La Paz]] is the seat of the government as member of the UCCI and the ''de facto'' capital. See [[Bolivia#Capital|below]]."
}