{
  "conventional_long_name": "Republic of Chile",
  "native_name": "{{small|nobold|native name|es|Rep\u00fablica de Chile}} {{nobold|native name|es|Rep\u00fablica de Chile}} {{native name|es|Rep\u00fablica de Chile}}",
  "common_name": "Chile",
  "name": "{{collapsible list\n  | titlestyle |=| background:transparent;text-align:center;line-height:normal;font-size:84%;\n  | title |=| Indigenous names of Chile\n  | |Infobox |subbox|=|yes |bodystyle|=|font-size:77%;font-weight:normal;\n    | rowclass1 |=| mergedrow | label1 |=| [[Mapudungun language|Mapudungun]]: | data1 |=| |lang|arn|Chile W\u00fcdalmapu|\n    | rowclass2 |=| mergedrow | label2 |=| [[Aymara language|Aymara]]: | data2 |=| |lang|ay|Chili Suyu|\n    | rowclass3 |=| mergedrow | label3 |=| [[Quechua language|Quechua]]: | data3 |=| |lang|qu|Chili Ripuwlika|\n    | rowclass4 |=| mergedrow | label4 |=| [[Rapa Nui language|Rapa Nui]]: | data4 |=| |lang|rap|Rep\u016bvirika o Tire|\n    |}} {{Infobox |subbox|=|yes |bodystyle|=|font-size:77%;font-weight:normal;\n    | rowclass1 |=| mergedrow | label1 |=| [[Mapudungun language|Mapudungun]]: | data1 |=| |lang|arn|Chile W\u00fcdalmapu|\n    | rowclass2 |=| mergedrow | label2 |=| [[Aymara language|Aymara]]: | data2 |=| |lang|ay|Chili Suyu|\n    | rowclass3 |=| mergedrow | label3 |=| [[Quechua language|Quechua]]: | data3 |=| |lang|qu|Chili Ripuwlika|\n    | rowclass4 |=| mergedrow | label4 |=| [[Rapa Nui language|Rapa Nui]]: | data4 |=| |lang|rap|Rep\u016bvirika o Tire|}} {{lang|arn|Chile W\u00fcdalmapu}} {{lang|ay|Chili Suyu}} {{lang|qu|Chili Ripuwlika}} {{lang|rap|Rep\u016bvirika o Tire}}",
  "image_flag": "Flag of Chile.svg",
  "image_coat": "Coat of arms of Chile.svg",
  "national_motto": "{{vunblist |lang|es|Por la raz\u00f3n o la fuerza| |raise|0.45em |small|(English: \"By Right or Might\")|&nbsp;|lower|0.5em|ref|{{cite web|title=100 peso Coin |url=http://www.bcentral.cl/eng/banknotes-coins/coins/m0100.htm |work=[[Central Bank of Chile]] |accessdate=16 September 2012 |deadurl=yes |archiveurl=https://web.archive.org/web/20120510231608/http://www.bcentral.cl/eng/banknotes-coins/coins/m0100.htm |archivedate=10 May 2012 }}|</ref>}} {{lang|es|Por la raz\u00f3n o la fuerza}} {{raise|0.45em |small|(English: \"By Right or Might\")|&nbsp;|lower|0.5em|ref|{{cite web|title=100 peso Coin |url=http://www.bcentral.cl/eng/banknotes-coins/coins/m0100.htm |work=[[Central Bank of Chile]] |accessdate=16 September 2012 |deadurl=yes |archiveurl=https://web.archive.org/web/20120510231608/http://www.bcentral.cl/eng/banknotes-coins/coins/m0100.htm |archivedate=10 May 2012 }}|</ref>}} {{small|(English: \"By Right or Might\")}} &nbsp; {{lower|0.5em|ref|{{cite web|title=100 peso Coin |url=http://www.bcentral.cl/eng/banknotes-coins/coins/m0100.htm |work=[[Central Bank of Chile]] |accessdate=16 September 2012 |deadurl=yes |archiveurl=https://web.archive.org/web/20120510231608/http://www.bcentral.cl/eng/banknotes-coins/coins/m0100.htm |archivedate=10 May 2012 }}|</ref>}}",
  "national_anthem": "\"[[National Anthem of Chile|Himno Nacional de Chile]]\"<br /><div style=\"padding-top:0.5em;\">[[File:United States Navy Band - National Anthem of Chile.ogg|center]]</div>",
  "image_map": "File:CHL orthographic (+all claims).svg",
  "map_width": "220px",
  "capital": "[[Santiago]]<sup>a</sup>",
  "coordinates": "{{Coord|33|26|S|70|40|W|type:city}}",
  "largest_city": "capital",
  "languages_type": "[[National language]]",
  "languages": "[[Chilean Spanish|Spanish]]",
  "demonym": "Chilean",
  "ethnic_groups": "{{unbulleted list\n | 88.9% [[White people|White]] and [[Mestizo]] \n | 9.1% [[Mapuche]]\n | 0.7% [[Aymara people|Aymara]]\n | 1.0% other indigenous groups\n | 0.3% unspecified}}",
  "ethnic_groups_year": "2012",
  "government_type": "[[Unitary state|Unitary]] [[Presidential system|presidential]] [[constitutional republic]]",
  "leader_title1": "[[President of Chile|President]]",
  "leader_name1": "{{nowrap|[[Sebasti\u00e1n Pi\u00f1era]]}}",
  "leader_title2": "[[President of the Senate of Chile|President of the Senate]]",
  "leader_name2": "{{nowrap|[[:es: Jaime Quintana Leal|Jaime Quintana Leal]]}}",
  "leader_title3": "[[President of the Chamber of Deputies of Chile|President of the Chamber of Deputies]]",
  "leader_name3": "{{nowrap|[[:es: Iv\u00e1n Flores Garc\u00eda|Iv\u00e1n Flores Garc\u00eda]]}}",
  "legislature": "[[National Congress of Chile|National Congress]]",
  "upper_house": "[[Senate of Chile|Senate]]",
  "lower_house": "[[Chamber of Deputies of Chile|Chamber of Deputies]]",
  "sovereignty_type": "[[History of Chile|Independence]]",
  "sovereignty_note": "from [[Spain]]",
  "established_event1": "[[Government Junta of Chile (1810)|Government Junta]]",
  "established_date1": "September 18, 1810",
  "established_event2": "Declared",
  "established_date2": "February 12, 1818",
  "established_event3": "Recognized",
  "established_date3": "April 25, 1844",
  "established_event4": "{{nowrap|[[Constitution of Chile|Current constitution]]}}",
  "established_date4": "September 11, 1980",
  "area_rank": "37th",
  "area_km2": "756,096.3",
  "area_sq_mi": "291,930.4",
  "percent_water": "1.07<sup>b</sup>",
  "population_census": "17,574,003",
  "population_census_rank": "64th",
  "population_census_year": "2017",
  "population_density_km2": "24",
  "population_density_sq_mi": "61",
  "population_density_rank": "198th",
  "GDP_PPP": "$506 billion",
  "GDP_PPP_rank": "42nd",
  "GDP_PPP_year": "2019",
  "GDP_PPP_per_capita": "$27,058",
  "GDP_PPP_per_capita_rank": "53rd",
  "GDP_nominal": "$295 billion",
  "GDP_nominal_rank": "38th",
  "GDP_nominal_year": "2019",
  "GDP_nominal_per_capita": "$15,777",
  "GDP_nominal_per_capita_rank": "41st",
  "Gini_year": "2017",
  "Gini_change": "decrease",
  "Gini": "46.6",
  "HDI_year": "2017",
  "HDI_change": "increase",
  "HDI": "0.843",
  "HDI_rank": "44th",
  "currency": "[[Chilean peso|Peso]]",
  "currency_code": "CLP",
  "time_zone": "{{nowrap|[[Time in Chile|CLT and EAST]]<sup>c</sup>}}",
  "utc_offset": "\u22123 and \u22125",
  "drives_on": "right",
  "calling_code": "[[+56]]",
  "cctld": "[[.cl]]",
  "footnote_a": "[[Politics of Chile#Legislative branch|Legislature]] is based in [[Valpara\u00edso]].",
  "footnote_b": "Includes Easter Island and [[Isla Sala y G\u00f3mez]]; does not include {{convert|1250000|km2}} of territory claimed in Antarctica."
}