{
  "conventional_long_name": "Republic of Ecuador",
  "native_name": "{{ubl|native name|es|Rep\u00fablica del Ecuador|native name|qu|Ikwayur Runaq Imayka|native name|jiv|Ekuatur Nunka}} {{native name|es|Rep\u00fablica del Ecuador}} {{native name|qu|Ikwayur Runaq Imayka}} {{native name|jiv|Ekuatur Nunka}}",
  "common_name": "Ecuador",
  "image_flag": "Flag of Ecuador.svg",
  "image_coat": "Coat of arms of Ecuador.svg",
  "image_map": "ECU orthographic.svg",
  "map_caption": "{{map caption |location_color|=|dark green |region|=|[[South America]] |region_color|=| grey}}",
  "image_map2": "Ecuador - Location Map (2013) - ECU - UNOCHA.svg",
  "national_motto": "{{unbulleted list\n  | |native phrase|es|\"Dios, patria y libertad\"|italics|=|off|\n  | |native phrase|la|\"Pro Deo, Patria et Libertate\"|italics|=|off|\n  | |small|\"God, homeland and freedom\"|}} {{native phrase|es|\"Dios, patria y libertad\"|italics|=|off}} {{native phrase|la|\"Pro Deo, Patria et Libertate\"|italics|=|off}} {{small|\"God, homeland and freedom\"}}",
  "national_anthem": "{{native name|es|[[Salve, Oh Patria]]|nolink|=|on}} <br /> {{small|''Hail, Oh Homeland''}} <div style=\"padding-top:0.5em;\">[[File:Anthem of Ecuador.ogg|center]]</div>",
  "official_languages": "[[Spanish language in Ecuador|Spanish]]",
  "recognized_regional_languages": "[[Kichwa]] (Quichua), [[Shuar language|Shuar]] and others \"are in official use for indigenous peoples\"",
  "demonym": "[[Ecuadorians|Ecuadorian]]",
  "ethnic_groups": "{{unbulleted list\n  | 70% [[Mestizo]]\n  | 7%  [[Black]]/Afroecuadorian\n  | 7% [[Montubio]]\n  | 7% [[White]]\n  | 7% [[Indigenous peoples in Ecuador|Amerindian]]\n  | 2% Others}}",
  "ethnic_groups_year": "{{lower|0.4em|ref| name=ethn}}",
  "capital": "[[Quito]]",
  "coordinates": "{{Coord|00|9|S|78|21|W|type:city}}",
  "largest_city": "[[Quito]]",
  "government_type": "[[Unitary state|Unitary]] [[Presidential system|presidential]] [[Republic|constitutional republic]]",
  "leader_title1": "[[President of Ecuador|President]]",
  "leader_name1": "[[Len\u00edn Moreno]]",
  "leader_title2": "[[Vice President of Ecuador|Vice President]]",
  "leader_name2": "[[Otto Sonnenholzner]]",
  "legislature": "[[National Assembly (Ecuador)|National Assembly]]",
  "area_rank": "73rd",
  "area_km2": "283,561",
  "area_footnote": "<sup>a</sup>",
  "percent_water": "5",
  "population_estimate": "{{UN_Population|Ecuador}} {{UN_Population|ref}}",
  "population_estimate_rank": "66th",
  "population_estimate_year": "{{UN_Population|Year}}",
  "population_census": "17,300,000",
  "population_density_km2": "61",
  "population_density_sq_mi": "152.69",
  "population_density_rank": "151st",
  "GDP_PPP": "$202.043 billion",
  "GDP_PPP_year": "2019",
  "GDP_PPP_per_capita": "$11,701",
  "GDP_nominal": "$106.289 billion",
  "GDP_nominal_year": "2019",
  "GDP_nominal_per_capita": "$6,155",
  "sovereignty_type": "[[Ecuadorian War of Independence|Independence]]",
  "established_event1": "Declared",
  "established_date1": "August 10, 1809",
  "established_event2": "from [[Spain]]",
  "established_date2": "May 24, 1822",
  "established_event3": "{{nowrap|from [[Gran Colombia]]}}",
  "established_date3": "May 13, 1830",
  "established_event4": "Recognized by Spain",
  "established_date4": "February 16, 1840",
  "established_event5": "[[2008 Constitution of Ecuador|Current constitution]]",
  "established_date5": "September 28, 2008",
  "Gini_year": "2014",
  "Gini_change": "decrease",
  "Gini": "45.4",
  "HDI_year": "2017",
  "HDI_change": "increase",
  "HDI": "0.752",
  "HDI_rank": "86th",
  "currency": "[[United States dollar]]<sup>b</sup>",
  "currency_code": "USD",
  "time_zone": "[[Ecuador Time|ECT]] {{\\}} [[Gal\u00e1pagos Time|GALT]]",
  "utc_offset": "\u22125 {{\\}} \u22126",
  "drives_on": "right",
  "calling_code": "[[+593]]",
  "cctld": "[[.ec]]",
  "footnote_a": "Including [[Gal\u00e1pagos]].",
  "footnote_b": "[[Ecuadorian sucre|Sucre]] until 2000, replaced by the US$ and [[Ecuadorian centavo coins]]."
}