{
  "conventional_long_name": "Kingdom of Bahrain",
  "common_name": "Bahrain",
  "native_name": "{{native name|ar|\u0645\u0645\u0644\u0643\u0629 \u0627\u0644\u0628\u062d\u0631\u064a\u0646|italics|=|off}} <br>'' {{transl|ar|Mamlakat al-Ba\u1e25rayn}} ''",
  "image_flag": "Flag of Bahrain.svg",
  "image_coat": "Coat of arms of Bahrain.svg",
  "symbol_type": "Coat of arms",
  "national_anthem": "{{lang|ar|\u0646\u0634\u064a\u062f \u0627\u0644\u0628\u062d\u0631\u064a\u0646 \u0627\u0644\u0648\u0637\u0646\u064a}} <br />''[[Bahrainona]]''<br/>''Our Bahrain''<br/><center>[[File:Bahraini Anthem.ogg]]</center>",
  "image_map": "Bahrain on the globe (Afro-Eurasia centered).svg",
  "map_caption": "{{map caption |location_color|=| circled in red}}",
  "image_map2": "Bahrain_-_Location_Map_(2013)_-_BHR_-_UNOCHA.svg",
  "capital": "[[Manama]]",
  "coordinates": "{{Coord|26|13|N|50|35|E|type:city}}",
  "largest_city": "[[Manama]]",
  "official_languages": "[[Modern Standard Arabic|Arabic]]",
  "recognised_languages": "[[English language|English]]",
  "ethnic_groups": "{{unbulleted list\n  | 50.7% [[Arabs|Arab]] (46% [[Bahraini people]], 4.7% other Arabs)\n  | 45.5% Asian\n  | 1% European\n  | 1.2% Others}}",
  "ethnic_groups_year": "2010",
  "religion": "[[Islam in Bahrain|Islam]]",
  "demonym": "[[Bahraini people|Bahraini]]",
  "government_type": "[[Unitary state|Unitary]] [[parliamentary]] [[Constitutional monarchy|constitutional]] [[monarchy]]",
  "leader_title1": "[[King of Bahrain|King]]",
  "leader_name1": "[[Hamad bin Isa Al Khalifa]]",
  "leader_title2": "[[Line of succession to the Bahraini throne|Crown Prince]]",
  "leader_name2": "[[Salman, Crown Prince of Bahrain|Salman Bin Hamad Al Khalifa]]",
  "leader_title3": "[[Prime Minister of Bahrain|Prime Minister]]",
  "leader_name3": "[[Khalifa bin Salman Al Khalifa]]",
  "legislature": "[[National Assembly of Bahrain|National Assembly]]",
  "upper_house": "[[Consultative Council of Bahrain|Consultative Council]]",
  "lower_house": "[[Council of Representatives of Bahrain|Council of Representatives]]",
  "sovereignty_type": "[[Independence]]",
  "established_event1": "Declared Independence",
  "established_date1": "14 August 1971",
  "established_event2": "from [[United Kingdom]]",
  "established_date2": "15 August 1971",
  "established_event3": "[[United Nations Security Council Resolution 296|Admitted to the]] [[United Nations]]",
  "established_date3": "21 September 1971",
  "established_event4": "Kingdom of Bahrain",
  "established_date4": "14 February 2002",
  "area_km2": "778.3",
  "area_rank": "174th",
  "area_sq_mi": "300.5",
  "percent_water": "negligible",
  "population_estimate": "{{UN_Population|Bahrain}} {{UN_Population|ref}}",
  "population_census": "1,234,571",
  "population_estimate_year": "{{UN_Population|Year}}",
  "population_estimate_rank": "150th",
  "population_census_year": "2010",
  "population_density_km2": "1,831.1",
  "population_density_sq_mi": "4,742.7",
  "population_density_rank": "7th",
  "GDP_PPP": "{{nowrap|$75.174 billion|ref| name=imf2|{{cite web|url=https://www.imf.org/external/pubs/ft/weo/2018/02/weodata/weorept.aspx?pr.x=70&pr.y=14&sy=2016&ey=2020&scsm=1&ssd=1&sort=country&ds=.&br=1&c=419&s=NGDPD%2CPPPGDP%2CNGDPDPC%2CPPPPC&grp=0&a= |title=World Economic Outlook Database, October 2018 |publisher=[[International Monetary Fund]] |website=IMF.org |access-date=12 March 2019}}|</ref>|<!--end nowrap:-->}}",
  "GDP_PPP_year": "2018",
  "GDP_PPP_rank": "94th",
  "GDP_PPP_per_capita": "$50,750",
  "GDP_PPP_per_capita_rank": "15th",
  "GDP_nominal": "{{nowrap|$39.300 billion|ref| name=\"imf2\"}}",
  "GDP_nominal_year": "2018",
  "GDP_nominal_per_capita": "$26,531",
  "GDP_nominal_per_capita_rank": "33rd",
  "HDI": "0.846",
  "HDI_year": "2017",
  "HDI_change": "steady",
  "HDI_rank": "43rd",
  "currency": "[[Bahraini dinar]]",
  "currency_code": "BHD",
  "time_zone": "[[Arabia Standard Time|AST]]",
  "utc_offset": "+3",
  "drives_on": "right",
  "calling_code": "[[Telephone numbers in Bahrain|+973]]",
  "cctld": "[[.bh]]",
  "official_website": "bahrain.bh",
  "footnote_a": "Since 17 November 1967."
}