{
  "conventional_long_name": "People's Republic of Bangladesh",
  "common_name": "Bangladesh",
  "native_name": "{{ubl|native name|bn|\u0997\u09a3\u09aa\u09cd\u09b0\u099c\u09be\u09a4\u09a8\u09cd\u09a4\u09cd\u09b0\u09c0 \u09ac\u09be\u0982\u09b2\u09be\u09a6\u09c7\u09b6|italics|=|off|''G\u00f4noprojatontri Bangladesh''}} {{native name|bn|\u0997\u09a3\u09aa\u09cd\u09b0\u099c\u09be\u09a4\u09a8\u09cd\u09a4\u09cd\u09b0\u09c0 \u09ac\u09be\u0982\u09b2\u09be\u09a6\u09c7\u09b6|italics|=|off}}",
  "image_flag": "Flag of Bangladesh.svg",
  "image_coat": "National emblem of Bangladesh.svg",
  "symbol_type": "Emblem",
  "other_symbol": "{{unbulleted list |[[File:Government Seal of Bangladesh.svg|90x90px|Seal of the Government of Bangladesh]]}}",
  "other_symbol_type": "{{vunblist |[[Government Seal of Bangladesh]]}}",
  "national_anthem": "{{native phrase|bn|\"[[Amar Sonar Bangla]]\"|italics|=|off}} <br /> {{small|\"My Golden Bengal\"}} <br />\n<br />[[File:Amar Shonar Bangla instrumental.ogg|center]]\n---- {{center|'''March:''' \"[[Notuner Gaan]]\"<br />|small|\"The Song of Youth\"|ref| name=\"national march\"|{{cite web|title=National Symbols\u2192National march|website=Bangladesh Tourism Board|location=Bangladesh|publisher=Ministry of Civil Aviation & Tourism|url=http://visitbangladesh.gov.bd/about-bangladesh/national-symbol/|quote=In 13 January 1972, the ministry of Bangladesh has adopted this song as a national marching song on its first meeting after the country's independence.|access-date=21 February 2015|archive-url=https://web.archive.org/web/20161228040953/http://visitbangladesh.gov.bd/about-bangladesh/national-symbol/|archive-date=28 December 2016|dead-url=yes}}|</ref>}} {{small|\"The Song of Youth\"}}",
  "image_map": "Bangladesh (orthographic projection).svg",
  "image_map2": "Bangladesh - Location Map (2013) - BGD - UNOCHA.svg",
  "map_width": "220px",
  "capital": "[[Dhaka]]",
  "coordinates": "{{Coord|23|42|N|90|21|E|type:city}}",
  "largest_city": "Dhaka",
  "languages_type": "Official language <br /> {{nowrap|nobold|and national language}} {{nobold|and national language}}",
  "languages": "[[Bengali language|Bengali]]",
  "religion": "{{ublist |item_style|=|white-space:nowrap; |90% [[Islam in Bangladesh|Islam]] |small|(Official)| |9.5% [[Hinduism in Bangladesh|Hinduism]] |0.6% [[Buddhism in Bangladesh|Buddhism]] |0.4% [[Christianity in Bangladesh|Christianity]]}} {{small|(Official)}}",
  "religion_year": "2011",
  "ethnic_groups": "{{vunblist\n | 98% [[Bengalis]]\n | |collapsible list\n     |titlestyle |=| background:transparent;text-align:left;font-weight:normal;font-size:100%;\n     |title|=| 2% minorities\n | [[Chakma people|Chakmas]] | [[Biharis in Bangladesh|Biharis]] | [[Marma people|Marmas]] | [[Santhal people|Santhals]] | [[Mru people (Mrucha)|Mros]] | [[Tanchangya people|Tanchangyas]] | [[Bawm people|Bawms]] | [[Tripuri people|Tripuris]] | [[Khumi people|Khumis]] | [[Kuki people|Kukis]] | [[Garo people|Garos]] | [[Bisnupriya Manipuri people|Bisnupriya Manipuris]]\n     |}} {{collapsible list\n     |titlestyle |=| background:transparent;text-align:left;font-weight:normal;font-size:100%;\n     |title|=| 2% minorities\n | [[Chakma people|Chakmas]] | [[Biharis in Bangladesh|Biharis]] | [[Marma people|Marmas]] | [[Santhal people|Santhals]] | [[Mru people (Mrucha)|Mros]] | [[Tanchangya people|Tanchangyas]] | [[Bawm people|Bawms]] | [[Tripuri people|Tripuris]] | [[Khumi people|Khumis]] | [[Kuki people|Kukis]] | [[Garo people|Garos]] | [[Bisnupriya Manipuri people|Bisnupriya Manipuris]]}}",
  "ethnic_groups_year": "2011",
  "demonym": "[[Bangladeshi]]",
  "membership": "[[United Nations|UN]], [[World Trade Organization|WTO]], [[South Asian Association for Regional Cooperation|SAARC]], [[Bay of Bengal Initiative for Multi-Sectoral Technical and Economic Cooperation|BIMSTEC]], [[Islamic Military Counter Terrorism Coalition|IMCTC]], [[Organization of Islamic Cooperation|OIC]], [[Commonwealth of Nations]]",
  "government_type": "{{nowrap|[[Unitary state|Unitary]] [[Parliamentary system|parliamentary]]<br />[[Constitution of Bangladesh|constitutional]] [[republic]]}}",
  "leader_title1": "[[President of Bangladesh|President]]",
  "leader_name1": "[[Abdul Hamid (politician)|Abdul Hamid]]",
  "leader_title2": "[[Prime Minister of Bangladesh|Prime Minister]]",
  "leader_name2": "[[Sheikh Hasina]]",
  "leader_title3": "[[Speaker of the Jatiya Sangsad|House Speaker]]",
  "leader_name3": "[[Shirin Sharmin Chaudhury|Shirin Chaudhury]]",
  "leader_title4": "[[Chief Justice of Bangladesh|Chief Justice]]",
  "leader_name4": "[[Syed Mahmud Hossain]]",
  "legislature": "[[Jatiya Sangsad]]",
  "sovereignty_type": "<div style=\"text-align: left;\">[[History of Bangladesh|Formation]] and [[Bangladesh Liberation War|independence]]</div>",
  "established_event1": "[[Independence Day of Bangladesh|Declared]]",
  "established_date1": "26 March 1971",
  "established_event2": "[[Victory Day of Bangladesh|V-Day]]",
  "established_date2": "16 December 1971",
  "area_km2": "147,570",
  "area_rank": "92nd",
  "area_sq_mi": "56,992.54",
  "percent_water": "6.4",
  "population_estimate": "{{increase}} {{UN_Population|Bangladesh}} {{UN_Population|ref}}",
  "population_census": "149,772,364",
  "population_estimate_year": "{{UN_Population|Year}}",
  "population_estimate_rank": "8th",
  "population_census_year": "2011",
  "population_census_rank": "8th",
  "population_density_km2": "1,106",
  "population_density_sq_mi": "2,864.5",
  "population_density_rank": "10th",
  "GDP_PPP": "{{increase}} $831.750 billion <br />",
  "GDP_PPP_year": "2019",
  "GDP_PPP_rank": "29th",
  "GDP_PPP_per_capita": "{{increase}} $4,992 <br />",
  "GDP_PPP_per_capita_rank": "136th",
  "GDP_nominal": "{{increase}} $314.656 billion <br />",
  "GDP_nominal_year": "2019",
  "GDP_nominal_rank": "39th",
  "GDP_nominal_per_capita": "{{increase}} $1,888 <br />",
  "GDP_nominal_per_capita_rank": "143th",
  "Gini": "32.4",
  "Gini_year": "2016",
  "HDI": "0.608",
  "HDI_year": "2017",
  "HDI_change": "increase",
  "HDI_rank": "{{ordinal|136}}",
  "currency": "[[Bangladeshi taka]] ( {{lang|bn|\u09f3}} )",
  "currency_code": "BDT",
  "time_zone": "[[Bangladesh Standard Time|BST]]",
  "utc_offset": "+6",
  "date_format": "{{unbulleted list |dd-mm-yyyy |[[Bengali Era|BS]]&nbsp;|lang|bn|\u09a6\u09a6-\u09ae\u09ae-\u09ac\u09ac\u09ac\u09ac| |small|([[Common Era|CE]]\u2212594)}} {{lang|bn|\u09a6\u09a6-\u09ae\u09ae-\u09ac\u09ac\u09ac\u09ac}} {{small|([[Common Era|CE]]\u2212594)}}",
  "drives_on": "[[Right- and left-hand traffic#Bangladesh|left]]",
  "calling_code": "[[Telephone numbers in Bangladesh|+880]]",
  "cctld": "[[.bd]]<br /> {{lang|bn|[[.bangla|.\u09ac\u09be\u0982\u09b2\u09be]]}}",
  "official_website": "{{URL|bangladesh.gov.bd}}"
}