{
  "conventional_long_name": "Kingdom of Bhutan",
  "common_name": "Bhutan",
  "native_name": "{{ubl|native name|dz|\u0f51\u0f54\u0f63\u0f0b\u0f63\u0fa1\u0f53\u0f0b\u0f60\u0f56\u0fb2\u0f74\u0f42\u0f0b\u0f42\u0f72\u0f0b\u0f62\u0f92\u0fb1\u0f63\u0f0b\u0f41\u0f56\u0f0b|''Druk Gyal Khap''}} {{native name|dz|\u0f51\u0f54\u0f63\u0f0b\u0f63\u0fa1\u0f53\u0f0b\u0f60\u0f56\u0fb2\u0f74\u0f42\u0f0b\u0f42\u0f72\u0f0b\u0f62\u0f92\u0fb1\u0f63\u0f0b\u0f41\u0f56\u0f0b}}",
  "image_flag": "Flag of Bhutan.svg",
  "image_coat": "Bhutan emblem.svg",
  "symbol_type": "Emblem",
  "national_anthem": "'' {{lang|dz-Latn|[[Druk tsendhen]]}} ''<br /> {{small|\"The Thunder Dragon Kingdom\"}} <div style=\"padding-top:0.5em;\" class=\"center\">[[File:Druk tsendhen instrumental.ogg]]</div>",
  "image_map": "Bhutan (orthographic projection).svg",
  "alt_map": "A map of the world, centred on East Asia, highlighting Bhutan",
  "image_map2": "Bhutan in its region.svg",
  "alt_map2": "A map of east-central Asia, highlighting Bhutan",
  "capital": "[[Thimphu]]",
  "coordinates": "{{Coord|27|28.0|N|89|38.5|E|type:city}}",
  "largest_city": "capital",
  "official_languages": "[[Dzongkha]]",
  "demonym": "Bhutanese",
  "government_type": "[[Unitary state|Unitary]] [[parliamentary system|parliamentary]] [[constitutional monarchy]]",
  "leader_title1": "[[Druk Gyalpo|King]]",
  "leader_name1": "[[Jigme Khesar Namgyal Wangchuck]]",
  "leader_title2": "[[List of Prime Ministers of Bhutan|Prime Minister]]",
  "leader_name2": "[[Lotay Tshering]]",
  "legislature": "[[Parliament of Bhutan|Parliament]]",
  "upper_house": "[[National Council (Bhutan)|National Council]]",
  "lower_house": "[[National Assembly (Bhutan)|National Assembly]]",
  "sovereignty_type": "[[History of Bhutan|Formation]]",
  "established_event1": "Unification of Bhutan",
  "established_date1": "1616\u20131634",
  "established_event2": "[[House of Wangchuck]]",
  "established_date2": "17 December 1907",
  "established_event3": "[[Bhutan-India relations|Indo-Bhutan Treaty]]",
  "established_date3": "8 August 1949",
  "established_event4": "[[United Nations|UN membership]]",
  "established_date4": "21 September 1971",
  "established_event5": "[[Constitution of Bhutan|Democratic Constitutional monarchy]]",
  "established_date5": "18 July 2008",
  "area_km2": "38,394",
  "area_rank": "133rd",
  "area_sq_mi": "14,824",
  "percent_water": "1.1",
  "population_estimate": "741,700",
  "population_estimate_year": "2019",
  "population_estimate_rank": "165th",
  "population_density_km2": "19.3",
  "population_density_sq_mi": "53.0",
  "population_density_rank": "196th",
  "population_census": "727,145",
  "population_census_year": "2017<sup>a</sup>",
  "GDP_PPP": "$7.701 billion",
  "GDP_PPP_year": "2018",
  "GDP_PPP_per_capita": "$9,426",
  "GDP_PPP_per_capita_rank": "115th",
  "GDP_nominal": "$2.547 billion",
  "GDP_nominal_year": "2018",
  "GDP_nominal_per_capita": "$3,117",
  "GDP_nominal_per_capita_rank": "130th",
  "Gini": "38.7",
  "Gini_year": "2012",
  "HDI": "0.612",
  "HDI_year": "2017",
  "HDI_change": "increase",
  "HDI_rank": "134th",
  "currency": "[[Bhutanese ngultrum|Ngultrum]]",
  "currency_code": "BTN",
  "time_zone": "[[Bhutan Time|BTT]]",
  "utc_offset": "+6",
  "drives_on": "[[Right- and left-hand traffic|left]]",
  "calling_code": "[[Telephone numbers in Bhutan|+975]]",
  "cctld": "[[.bt]]",
  "footnote_a": "The population of Bhutan had been estimated based on the reported figure of about 1 million in the 1970s when the country had joined the United Nations and precise statistics were lacking.<big> </big> Thus, using the annual increase rate of 2\u20133%, the most population estimates were around 2 million in the year 2000. A national census was carried out in 2005 and it turned out that the population was 672,425. Consequently, [[United Nations Population Division]] reduced its estimation of the country's population in the 2006 revision<big> </big> for the whole period from 1950 to 2050.",
  "religion": "77.4% [[Vajrayana|Vajrayana Buddhism]]<br /> 22.6% \n[[Hinduism in Bhutan|Hinduism]]"
}