{
  "conventional_long_name": "Nation of Brunei, the Abode of Peace",
  "common_name": "Brunei",
  "native_name": "{{ubl|lang|ms|Negara Brunei Darussalam| |small|([[Rumi script]])|lang|ms-Arab|\u0646\u06ac\u0627\u0631\u0627 \u0628\u0631\u0648\u0646\u064a \u062f\u0627\u0631\u0627\u0644\u0633\u0644\u0627\u0645| |small|([[Jawi script]])}} {{lang|ms|Negara Brunei Darussalam}} {{small|([[Rumi script]])}} {{lang|ms-Arab|\u0646\u06ac\u0627\u0631\u0627 \u0628\u0631\u0648\u0646\u064a \u062f\u0627\u0631\u0627\u0644\u0633\u0644\u0627\u0645}} {{small|([[Jawi script]])}}",
  "image_flag": "Flag of Brunei.svg",
  "image_coat": "Coat of arms of Brunei.svg",
  "symbol_type": "Emblem",
  "national_motto": "{{vunblist |big|lang|ar|\u0627\u0644\u062f\u0627\u0626\u0645\u0648\u0646 \u0627\u0644\u0645\u062d\u0633\u0646\u0648\u0646 \u0628\u0627\u0644\u0647\u062f\u0649| |nowrap|''|lang|ms|Sentiasa membuat kebajikan dengan petunjuk Allah|''| |small|\"Always in service with God's guidance\"}} {{big|lang|ar|\u0627\u0644\u062f\u0627\u0626\u0645\u0648\u0646 \u0627\u0644\u0645\u062d\u0633\u0646\u0648\u0646 \u0628\u0627\u0644\u0647\u062f\u0649}} {{lang|ar|\u0627\u0644\u062f\u0627\u0626\u0645\u0648\u0646 \u0627\u0644\u0645\u062d\u0633\u0646\u0648\u0646 \u0628\u0627\u0644\u0647\u062f\u0649}} {{nowrap|''|lang|ms|Sentiasa membuat kebajikan dengan petunjuk Allah|''}} {{lang|ms|Sentiasa membuat kebajikan dengan petunjuk Allah}} '' {{small|\"Always in service with God's guidance\"}}",
  "national_anthem": "{{vunblist |''[[Allah Peliharakan Sultan]]'' |small|\"God Bless the Sultan\"}} <div style=\"padding-top:0.5em;\">[[File:United States Navy Band - Allah Peliharakan Sultan.oga|center]]</div> {{small|\"God Bless the Sultan\"}}",
  "image_map": "Location Brunei ASEAN.svg",
  "map_caption": "{{map caption |location_color|=|green |region|=|[[ASEAN]] |region_color|=|dark grey |legend|=|Location Brunei ASEAN.svg}}",
  "capital": "[[Bandar Seri Begawan]]",
  "coordinates": "{{Coord|4|53.417|N|114|56.533|E|type:city}}",
  "largest_city": "[[Bandar Seri Begawan]]",
  "official_languages": "[[Malay language|Malay]] {{ref label|Malay|a}}",
  "languages_type": "Recognised languages",
  "languages_sub": "yes",
  "languages": "[[English language|English]] {{ref label|English|b}}",
  "languages2_type": "Other languages\n<br />and local dialects",
  "languages2": "{{hlist |[[Brunei Malay]] |[[Malay language|Jawi Malay]] | [[Tutong language|Tutong]] |[[Kedayan]] |[[Belait language|Belait]]| [[Chinese languages|Chinese]] ([[Hokkien]], [[Hakka Chinese]], [[Standard Chinese]] and [[Cantonese]]) |Indigenous languages |[[Lun Bawang language|Murut]] |[[Dusun language|Dusun]] |[[Brunei Bisaya language|Brunei Bisaya]]}} {{infobox|child|=|yes\n| label1 |=| [[Official script]]s\n| data1 |=| |vunblist |[[Malay alphabet]] |[[Jawi alphabet]]|ref|[http://www.bt.com.bn/news-national/2010/10/22/writing-contest-promotes-usage-history-jawi-script Writing contest promotes usage, history of Jawi script] {{webarchive|url=https://web.archive.org/web/20120612065057/http://www.bt.com.bn/news-national/2010/10/22/writing-contest-promotes-usage-history-jawi-script |date=12 June 2012 }}. The Brunei Times (22 October 2010)|</ref>|}} {{vunblist |[[Malay alphabet]] |[[Jawi alphabet]]|ref|[http://www.bt.com.bn/news-national/2010/10/22/writing-contest-promotes-usage-history-jawi-script Writing contest promotes usage, history of Jawi script] {{webarchive|url=https://web.archive.org/web/20120612065057/http://www.bt.com.bn/news-national/2010/10/22/writing-contest-promotes-usage-history-jawi-script |date=12 June 2012 }}. The Brunei Times (22 October 2010)|</ref>}}",
  "ethnic_groups": "{{vunblist\n  | 66% [[Bruneian Malay people|Malays]]\n  | 10% [[Ethnic Chinese in Brunei|Chinese]]\n  | 24% others}}",
  "ethnic_groups_year": "2016",
  "religion": "[[Sunni Islam]]",
  "demonym": "Bruneian",
  "government_type": "{{nowrap|[[Unitary state|Unitary]] [[Islamic state|Islamic]] [[Absolute monarchy|absolute<br />monarchy]]}}",
  "leader_title1": "[[List of Sultans of Brunei|Sultan]], [[Yang di-Pertuan Negara|Yang di-Pertuan]] and [[Prime Minister of Brunei|Prime Minister]]",
  "leader_name1": "[[Hassanal Bolkiah]]",
  "leader_title2": "[[Crown Prince]]",
  "leader_name2": "[[Al-Muhtadee Billah]]",
  "leader_title3": "[[State Mufti of Brunei|State Mufti]]",
  "leader_name3": "[[Abdul Aziz Juned]]",
  "legislature": "[[Legislative Council of Brunei|Legislative Council]]",
  "sovereignty_type": "[[History of Brunei|Formation]]",
  "established_event1": "[[Muhammad Shah of Brunei|Creation of the Sultanate]]",
  "established_date1": "c. 1368",
  "established_event2": "[[Bruneian Empire]]",
  "established_date2": "15th \u2013 19th century",
  "established_event3": "{{nowrap|[[British protected state]]}}",
  "established_date3": "17 September 1888",
  "established_event4": "{{nowrap|[[Japanese occupation of British Borneo|Japanese occupation]]}}",
  "established_date4": "1941\u20131945",
  "established_event5": "{{nowrap|[[Independence]] from<br />the [[United Kingdom]]}}",
  "established_date5": "1 January 1984",
  "established_event6": "[[ASEAN Declaration]]",
  "established_date6": "7 January 1984",
  "area_km2": "5,765",
  "area_rank": "164th",
  "area_sq_mi": "2,226",
  "percent_water": "8.6",
  "population_estimate": "411,900",
  "population_estimate_year": "2014",
  "population_estimate_rank": "175th",
  "population_density_km2": "72.11",
  "population_density_sq_mi": "186.75",
  "population_density_rank": "134th",
  "GDP_PPP": "$36.854 billion",
  "GDP_PPP_year": "2019",
  "GDP_PPP_rank": "125th",
  "GDP_PPP_per_capita": "$83,777",
  "GDP_PPP_per_capita_rank": "4th",
  "GDP_nominal": "$13.325 billion",
  "GDP_nominal_year": "2019",
  "GDP_nominal_rank": "124th",
  "GDP_nominal_per_capita": "$30,290",
  "GDP_nominal_per_capita_rank": "29th",
  "HDI": "0.853",
  "HDI_year": "2017",
  "HDI_change": "decrease",
  "HDI_rank": "39th",
  "currency": "[[Brunei dollar]]",
  "currency_code": "BND",
  "time_zone": "[[Time in Brunei|Brunei Darussalam Time]]",
  "utc_offset": "+8",
  "drives_on": "left",
  "calling_code": "[[+673]] {{ref label|Calling Code|c}}",
  "cctld": "[[.bn]]",
  "footnote_a": "{{note|Malay}} Under Article 82: \"Official language\" of the Constitution of Brunei, [[Malay language|Malay]] is the official language.",
  "footnote_b": "{{note|English}} Under Article 82: \"Official language\" of the Constitution of Brunei, [[English language|English]] is used in official documents (official documents are bilingual; Malay and English).",
  "footnote_c": "{{note|Calling Code}} Also 080 from [[East Malaysia]]."
}