{
  "conventional_long_name": "Kingdom of Cambodia",
  "common_name": "Cambodia",
  "native_name": "{{ubl|native name|km|\u1796\u17d2\u179a\u17c7\u179a\u17b6\u1787\u17b6\u178e\u17b6\u1785\u1780\u17d2\u179a\u1780\u1798\u17d2\u1796\u17bb\u1787\u17b6|italics|=|off|''pr\u0115\u0259h ri\u0259ci\u0259naacak kampuci\u0259''<br />|small|([[Romanization of Khmer|Khmer romanization]])|native name|fr|Royaume du Cambodge}} {{native name|km|\u1796\u17d2\u179a\u17c7\u179a\u17b6\u1787\u17b6\u178e\u17b6\u1785\u1780\u17d2\u179a\u1780\u1798\u17d2\u1796\u17bb\u1787\u17b6|italics|=|off}} {{small|([[Romanization of Khmer|Khmer romanization]])}} {{native name|fr|Royaume du Cambodge}}",
  "image_flag": "Flag of Cambodia.svg",
  "image_coat": "Royal arms of Cambodia.svg",
  "symbol_type": "Royal arms",
  "national_motto": "<br /> {{lang|km|\u1787\u17b6\u178f\u17b7 \u179f\u17b6\u179f\u1793\u17b6 \u1796\u17d2\u179a\u17c7\u1798\u17a0\u17b6\u1780\u17d2\u179f\u178f\u17d2\u179a}} <br />\"Nation, Religion, King\"",
  "national_anthem": "{{vunblist|\"[[Nokor Reach]]\"|lang|km|\u1794\u1791\u1793\u1782\u179a\u179a\u17b6\u1787|\"Majestic Kingdom\"}} <div style=\"padding-top:0.5em;\">[[File:United States Navy Band - Nokoreach.ogg|center]]</div> {{lang|km|\u1794\u1791\u1793\u1782\u179a\u179a\u17b6\u1787}}",
  "image_map": "Location Cambodia ASEAN.svg",
  "map_caption": "{{map caption |location_color|=|green |region|=|[[ASEAN]] |region_color|=|dark grey |legend|=|Location Cambodia ASEAN.svg}}",
  "capital": "[[Phnom Penh]]",
  "coordinates": "{{Coord|11|33|N|104|55|E|type:city|display|=|inline,title}}",
  "largest_city": "capital",
  "official_languages": "[[Khmer language|Khmer]]",
  "languages_type": "Spoken languages",
  "languages": "{{hlist|[[Khmer language|Khmer]] | [[Cham language|Cham]] | [[English Language|English]] | [[French language|French]]}}",
  "languages2_type": "Official script",
  "languages2": "[[Khmer script|Khmer]]",
  "ethnic_groups": "{{unbulleted list\n  | 97.6% [[Khmer people|Khmer]]\n  | 1.2% [[Chams]]\n  | 0.1% [[Vietnamese Cambodian|Vietnamese]]\n  | 0.1% [[Chinese Cambodian|Chinese]]\n  | 1% [[Demographics of Cambodia|other]]}}",
  "ethnic_groups_year": "2013",
  "religion": "{{unbulleted list\n  | 96.9% [[Buddhism in Cambodia|Buddhism]] (official) \n  | 2.0% [[Islam in Cambodia|Islam]]\n  | 0.5% [[Folk religion]] \n  | 0.4% [[Christianity in Cambodia|Christianity]]\n  | 0.2% [[Irreligion|unaffiliated]]}}",
  "religion_year": "2010",
  "demonym": "{{hlist|Cambodian | Khmer}}",
  "government_type": "[[Unitary state|Unitary]] [[dominant-party system|dominant-party]] [[parliamentary system|parliamentary]] [[Elective monarchy|elective]] [[constitutional monarchy]] (''de jure'') under a [[one-party state|one-party]] [[authoritarianism|authoritarian dictatorship]] (''de facto'')",
  "leader_title1": "[[Monarchy of Cambodia|King]]",
  "leader_name1": "[[Norodom Sihamoni]]",
  "leader_title2": "[[Prime Minister of Cambodia|Prime Minister]]",
  "leader_name2": "[[Hun Sen]]",
  "leader_title3": "[[List of presidents of the Senate of Cambodia|President of the Senate]]",
  "leader_name3": "[[Say Chhum]]",
  "leader_title4": "[[List of presidents of the National Assembly of Cambodia|President of the National Assembly]]",
  "leader_name4": "[[Heng Samrin]]",
  "legislature": "[[Parliament of Cambodia|Parliament]]",
  "upper_house": "[[Senate of Cambodia|Senate]]",
  "lower_house": "[[National Assembly of Cambodia|National Assembly]]",
  "sovereignty_type": "[[History of Cambodia|Formation]]",
  "established_event1": "[[Funan|Funan Empire]]",
  "established_date1": "50/68 AD\u2013550 AD",
  "established_event2": "[[Chenla|Chenla Empire]]",
  "established_date2": "550\u2013802",
  "established_event3": "[[Khmer Empire|Angkor Empire]]",
  "established_date3": "802\u20131431",
  "established_event4": "[[Dark ages of Cambodia|Middle Period]]",
  "established_date4": "1431\u20131863",
  "established_event5": "{{nowrap|[[Cambodian independence movement|Independence]]<br />(from [[French colonial empire|France]])}}",
  "established_date5": "9 November 1953",
  "established_event6": "[[United Nations Security Council Resolution 109|Admitted to the]] [[United Nations]]",
  "established_date6": "14 December 1955",
  "established_event7": "{{nowrap|[[1991 Paris Peace Accords|Paris Peace Accords]]}}",
  "established_date7": "23 October 1991",
  "established_event8": "{{nowrap|[[Constitution of Cambodia|Current constitution]]}}",
  "established_date8": "24 September 1993",
  "established_event9": "[[ASEAN Declaration]]",
  "established_date9": "30 April 1999",
  "area_km2": "181,035",
  "area_rank": "88th",
  "area_sq_mi": "69,898",
  "percent_water": "2.5",
  "population_census": "{{increase}} 15,288,489 {{efn|Figure excludes 1,235,993 migrants working abroad.}}",
  "population_census_rank": "73rd",
  "population_census_year": "March 2019",
  "population_density_km2": "86",
  "population_density_sq_mi": "211.8",
  "population_density_rank": "96th",
  "GDP_PPP": "$70.242&nbsp;billion",
  "GDP_PPP_year": "2018",
  "GDP_PPP_per_capita": "$4,322",
  "GDP_nominal": "US$24.360&nbsp;billion",
  "GDP_nominal_year": "2018",
  "GDP_nominal_per_capita": "US$1,559",
  "Gini": "31.8",
  "Gini_year": "2011",
  "HDI": "0.582",
  "HDI_year": "2017",
  "HDI_change": "increase",
  "HDI_rank": "146th",
  "currency": "[[Cambodian riel|Riel]]",
  "currency_code": "KHR",
  "time_zone": "[[Indochina Time|ICT]]",
  "utc_offset": "+7",
  "date_format": "dd/mm/yyyy",
  "drives_on": "right",
  "calling_code": "[[Telephone numbers in Cambodia|+855]]",
  "cctld": "[[.kh]]"
}