{
  "conventional_long_name": "Democratic Republic of Timor-Leste",
  "native_name": "{{ubl|native name|tet|Rep\u00fablika Demokr\u00e1tika Tim\u00f3r-Leste|native name|pt|Rep\u00fablica Democr\u00e1tica de Timor-Leste}} {{native name|tet|Rep\u00fablika Demokr\u00e1tika Tim\u00f3r-Leste}} {{native name|pt|Rep\u00fablica Democr\u00e1tica de Timor-Leste}}",
  "common_name": "East Timor",
  "image_flag": "Flag of East Timor.svg",
  "image_coat": "Coat of arms of East Timor.svg",
  "national_motto": "{{native phrase|pt|Unidade, Ac\u00e7\u00e3o, Progresso|nolink|=|on}} <br /> {{native phrase|tet|Unidade, Asaun, Progresu|nolink|=|on}} <br />( {{Lang-en|\"Unity, Action, Progress\"}} )",
  "national_anthem": "{{native phrase|pt|\"[[P\u00e1tria]]\"|italic|=|no|nolink|=|on}} <br />( {{Lang-en|\"Fatherland\"}} )<br /><div style=\"display:inline-block;margin-top:0.2em;\"></div><center>[[File:East Timorese national anthem.wav]]</center>",
  "image_map": "Timor Leste (orthographic projection).svg",
  "image_map2": "East Timor - Location Map (2013) - TLS - UNOCHA.svg",
  "capital": "[[Dili]]",
  "coordinates": "{{Coord|8.55|S|125.56|E|display|=|inline,title}}",
  "largest_city": "Dili",
  "official_languages": "{{plainlist|[[Portuguese language|Portuguese]]<br />[[Tetum]]<sup>a</sup>}}",
  "languages_type": "{{nobold|[[National language]]s}}",
  "languages": "{{Collapsible list|title|=|15 languages|\n* [[Atauru language|Atauru]]\n* [[Uab Meto language|Baikeno]]\n* [[Bekais language|Bekais]]\n* [[Bunak language|Bunak]]\n* [[Fataluku language|Fataluku]]\n* [[Galoli language|Galoli]]\n* [[Habun language|Habun]]\n* [[Idalaka language|Idalaka]]\n* [[Kawaimina languages|Kawaimina]]\n* [[Kemak language|Kemak]]\n* [[Makalero dialect|Makalero]]\n* [[Makasae language|Makasae]]\n* [[Makuv'a language|Makuva]]\n* [[Mambai language (Timor)|Mambai]]\n* [[Tokodede]]}}",
  "religion": "96.9% [[Roman Catholic]]<br />3.1% other religions",
  "religion_year": "2010",
  "demonym": "East Timorese<br />Timorese<br />Maubere (informal)",
  "government_type": "{{nowrap|[[Unitary state|Unitary]] [[Semi-presidential system|semi-presidential]]}} [[Republic|constitutional republic]]",
  "leader_title1": "[[President of East Timor|President]]",
  "leader_name1": "[[Francisco Guterres]]",
  "leader_title2": "[[Prime Minister of East Timor|Prime Minister]]",
  "leader_name2": "[[Taur Matan Ruak]]",
  "legislature": "[[National Parliament of East Timor|National Parliament]]",
  "sovereignty_type": "[[East Timor (province) |Independence]]",
  "sovereignty_note": "from [[Indonesia]]",
  "established_event1": "[[Portuguese Timor]]",
  "established_date1": "16th century",
  "established_event2": "Independence declared",
  "established_date2": "28 November 1975",
  "established_event3": "[[East Timor (province)|Annexation by Indonesia]]",
  "established_date3": "17 July 1976",
  "established_event4": "Administered by [[United Nations Transitional Administration in East Timor|UNTAET]]",
  "established_date4": "25 October 1999",
  "established_event5": "Independence restored",
  "established_date5": "20 May 2002",
  "area_km2": "15,007",
  "area_rank": "154th",
  "area_sq_mi": "5,794",
  "percent_water": "negligible",
  "population_census": "1,167,242",
  "population_census_year": "2015",
  "population_density_km2": "78",
  "population_density_sq_mi": "201",
  "GDP_PPP": "$7.221 billion",
  "GDP_PPP_year": "2019",
  "GDP_PPP_per_capita": "$5,561",
  "GDP_nominal": "$3.145 billion",
  "GDP_nominal_year": "2019",
  "GDP_nominal_per_capita": "$2,422",
  "HDI": "0.625",
  "HDI_year": "2017",
  "HDI_change": "increase",
  "HDI_rank": "132nd",
  "currency": "[[United States dollar]]<sup>b</sup>",
  "currency_code": "USD",
  "utc_offset": "+9",
  "drives_on": "left",
  "calling_code": "[[+670]]",
  "iso3166code": "TL",
  "cctld": "[[.tl]]<sup>c</sup>",
  "footnote_a": "Fifteen further \"national languages\" are recognised by the Constitution.",
  "footnote_b": "[[East Timor centavo coins|Centavo coins]] also used.",
  "footnote_c": "[[.tp]] has been phased out.",
  "official_website": "[http://timor-leste.gov.tl/ timor-leste.gov.tl]"
}