{
  "conventional_long_name": "Republic of Iraq",
  "native_name": "{{unbulleted list|native name|ar|\u062c\u0645\u0647\u0648\u0631\u064a\u0629 \u0627\u0644\u0639\u0631\u0627\u0642|italics|=|off|native name|ckb|\u06a9\u06c6\u0645\u0627\u0631\u06cc \u0639\u06ce\u0631\u0627\u0642|italics|=|off|native name|kmr|\u06a9\u06c6\u0645\u0627\u0631\u0627 \u0626\u06ce\u0640\u0631\u0627\u0642\u06ce|italics|=|off}} {{native name|ar|\u062c\u0645\u0647\u0648\u0631\u064a\u0629 \u0627\u0644\u0639\u0631\u0627\u0642|italics|=|off}} {{native name|ckb|\u06a9\u06c6\u0645\u0627\u0631\u06cc \u0639\u06ce\u0631\u0627\u0642|italics|=|off}} {{native name|kmr|\u06a9\u06c6\u0645\u0627\u0631\u0627 \u0626\u06ce\u0640\u0631\u0627\u0642\u06ce|italics|=|off}}",
  "common_name": "Iraq",
  "image_flag": "Flag of Iraq.svg",
  "image_coat": "Coat_of_arms_of_Iraq.svg",
  "image_map": "Iraq (orthographic projection).svg",
  "national_motto": "{{native phrase|ar|\u0627\u0644\u0644\u0647 \u0623\u0643\u0628\u0631|italics|=|off}} <br />\"[[Takbir|Allahu Akbar]]\"&nbsp; {{small|([[transliteration]])<br />\"[[God in Islam|God]] is the Greatest\"}}",
  "national_anthem": "\"[[Mawtini]]\"<br /> {{lang|ar|\"\u0645\u0648\u0637\u0646\u064a\"}} <br />( {{Lang-en|\"My Homeland\"}} )<br /><center>[[File:United States Navy Band - Mawtini.ogg]]</center>",
  "capital": "[[Baghdad]]",
  "coordinates": "{{Coord|33|20|N|44|23|E|type:city_region:IQ}}",
  "largest_city": "capital",
  "official_languages": "{{hlist |[[Modern Standard Arabic|Arabic]]|[[Kurdish languages|Kurdish]]}}",
  "religion": "[[Islam]]",
  "demonym": "Iraqi",
  "government_type": "[[Federalism|Federal]] [[Parliamentary system|parliamentary]] [[constitutional republic]]",
  "leader_title1": "[[President of Iraq|President]]",
  "leader_name1": "[[Barham Salih]]",
  "leader_title3": "[[Prime Minister of Iraq|Prime Minister]]",
  "leader_name3": "[[Adil Abdul-Mahdi]]",
  "leader_title4": "[[List of Speakers of the Council of Representatives of Iraq|Speaker]]",
  "leader_name4": "[[Mohamed al-Halbousi]]",
  "leader_title5": "[[Federal Supreme Court of Iraq|Chief Justice]]",
  "leader_name5": "[[Medhat al-Mahmoud]]",
  "legislature": "[[Council of Representatives of Iraq|Majlis AlNuwwab]]",
  "area_rank": "58th",
  "area_km2": "437,072",
  "area_sq_mi": "169,234",
  "percent_water": "1.1",
  "population_estimate": "{{UN_Population|Iraq}} {{UN_Population|ref}}",
  "population_estimate_rank": "36th",
  "population_estimate_year": "{{UN_Population|Year}}",
  "population_density_km2": "82.7",
  "population_density_sq_mi": "183.9",
  "population_density_rank": "125th",
  "GDP_PPP": "$733.926 billion",
  "GDP_PPP_rank": "34th",
  "GDP_PPP_year": "2019",
  "GDP_PPP_per_capita": "$17,952",
  "GDP_PPP_per_capita_rank": "76th",
  "GDP_nominal_year": "2019",
  "GDP_nominal": "$250.070 billion",
  "GDP_nominal_rank": "48th",
  "GDP_nominal_per_capita": "$6,116",
  "GDP_nominal_per_capita_rank": "97th",
  "sovereignty_type": "Independence {{nobold|from the [[United Kingdom]]}}",
  "established_event1": "[[Kingdom of Iraq]]",
  "established_date1": "3 October 1932",
  "established_event2": "[[14 July Revolution|Republic declared]]",
  "established_event3": "[[Constitution of Iraq|Current constitution]]",
  "established_date2": "14 July 1958",
  "established_date3": "15 October 2005",
  "Gini_year": "2012",
  "Gini": "29.5",
  "HDI_year": "2017",
  "HDI_change": "increase",
  "HDI": "0.685",
  "HDI_rank": "120th",
  "currency": "[[Iraqi dinar]]",
  "currency_code": "IQD",
  "time_zone": "[[Arabia Standard Time|AST]]",
  "utc_offset": "+3",
  "drives_on": "right",
  "calling_code": "[[Telephone numbers in Iraq|+964]]",
  "cctld": "[[.iq]]",
  "footnote_a": "Constitution of Iraq, Article 4 (1st)."
}