{
  "conventional_long_name": "Japan",
  "common_name": "Japan",
  "linking_name": "Japan",
  "native_name": "{{ubl|lang|ja|\u65e5\u672c|''Nippon'' or ''Nihon''}} {{lang|ja|\u65e5\u672c}}",
  "image_flag": "Flag of Japan(bordered).svg",
  "flag_size": "125px",
  "alt_flag": "Centered deep red circle on a white rectangle",
  "image_coat": "Imperial Seal of Japan.svg",
  "alt_coat": "Golden circle subdivided by golden wedges with rounded outer edges and thin black outlines",
  "symbol_type": "Imperial Seal",
  "other_symbol": "<div style=\"padding:0.3em;\">[[File:Goshichi no kiri.svg|80px|Seal of the Office of the Prime Minister and the Government of Japan]]</div> {{lang|ja|\u4e94\u4e03\u6850}} <br /> {{small|Go-Shichi no Kiri}}",
  "other_symbol_type": "[[Government Seal of Japan]]",
  "national_anthem": "[[Kimigayo]] {{lang|ja|\"\u541b\u304c\u4ee3\"|italics|=|off}} <br /> {{small|\"His Imperial Majesty's Reign\"}} {{lower|0.2em|[[File:Kimi ga Yo instrumental.ogg|center]]}}",
  "image_map": "Japan (orthographic projection).svg",
  "map_width": "220px",
  "alt_map": "Projection of Asia with Japan's Area coloured green",
  "map_caption": "Japanese territory in dark green; claimed, but uncontrolled land shown in light green",
  "capital": "[[Tokyo]]",
  "coordinates": "{{Coord|35|41|N|139|46|E|type:city}}",
  "largest_city": "capital",
  "official_languages": "{{clarify|text|=|None|date|=|August 2019}} {{NoteTag|Although there are someones argue that Japan's [[National Diet]] have not officially enacted a law stating that the official language is [[Japanese language|Japanese]], In fact only Japanese can be utilized before the court and in patent proceedings.|ref| name=\"houseikyokusangiin\"|{{cite web|url=http://houseikyoku.sangiin.go.jp/column/column068.htm|script-title=ja:\u6cd5\u5236\u57f7\u52d9\u30b3\u30e9\u30e0\u96c6\u300c\u6cd5\u5f8b\u3068\u56fd\u8a9e\u30fb\u65e5\u672c\u8a9e\u300d|publisher=Legislative Bureau of the House of Councillors|accessdate=January 19, 2009|language=Japanese}}|</ref>|ref| name=\"Patent Law\"|{{cite web|url=https://elaws.e-gov.go.jp/search/elawsSearch/elaws_search/lsg0500/detail?lawId=334AC0000000121|script-title=ja:\u7279\u8a31\u6cd5|language=Japanese}}|</ref>|ref| name=\"Court Act\"|{{cite web|url=https://elaws.e-gov.go.jp/search/elawsSearch/elaws_search/lsg0500/detail?lawId=322AC0000000059|script-title=ja:\u88c1\u5224\u6240\u6cd5|language=Japanese}}|</ref>}}",
  "languages_type": "[[National language]]",
  "languages": "[[Japanese language|Japanese]]",
  "ethnic_groups": "{{unbulleted list\n  |98.1% [[Japanese people|Japanese]]\n  |0.5% [[Koreans in Japan|Korean]]\n  |0.4% [[Chinese people in Japan|Chinese]]\n  |1% [[Ethnic groups of Japan|Other]]}}",
  "ethnic_groups_year": "2018",
  "demonym": "[[Japanese people|Japanese]]",
  "government_type": "[[Unitary state|Unitary]] [[parliamentary]] [[constitutional monarchy]]",
  "leader_title1": "[[Emperor of Japan|Emperor]]",
  "leader_name1": "[[Naruhito]]",
  "leader_title2": "[[Prime Minister of Japan|Prime Minister]]",
  "leader_name2": "[[Shinz\u014d Abe]]",
  "leader_title3": "[[List of Speakers of the House of Representatives (Japan)|Speaker of the House of Representatives]]",
  "leader_name3": "[[Tadamori Oshima]]",
  "leader_title4": "[[List of Presidents of the House of Councillors (Japan)|President of the House of Councillors]]",
  "leader_name4": "[[Akiko Sant\u014d]]",
  "leader_title5": "[[Chief Justice of Japan|Chief Justice]]",
  "leader_name5": "[[Naoto \u014ctani]]",
  "legislature": "[[National Diet]]",
  "upper_house": "[[House of Councillors (Japan)|House of Councillors]]",
  "lower_house": "[[House of Representatives (Japan)|House of Representatives]]",
  "sovereignty_type": "[[History of Japan|Formation]]",
  "established_event1": "[[National Foundation Day]]",
  "established_date1": "February 11, 660&nbsp;BC",
  "established_event2": "[[Meiji Constitution]]",
  "established_date2": "November 29, 1890",
  "established_event3": "{{nowrap|[[Constitution of Japan|Current constitution]]}}",
  "established_date3": "May 3, 1947",
  "established_event4": "{{nowrap|[[Treaty of San Francisco|San Francisco<br />Peace Treaty]]}}",
  "established_date4": "April 28, 1952",
  "area_km2": "377,973",
  "area_rank": "61st",
  "area_sq_mi": "{{convert|377,973|km2|sqmi|disp|=|output number only}}",
  "percent_water": "3.55",
  "population_census": "126,317,000",
  "population_census_year": "January 2019",
  "population_census_rank": "11th",
  "population_density_km2": "334",
  "population_density_rank": "41st",
  "GDP_PPP": "$5.749 trillion",
  "GDP_PPP_year": "2019",
  "GDP_PPP_rank": "4th",
  "GDP_PPP_per_capita": "$45,565",
  "GDP_PPP_per_capita_rank": "31st",
  "GDP_nominal": "$5.176 trillion",
  "GDP_nominal_year": "2019",
  "GDP_nominal_rank": "3rd",
  "GDP_nominal_per_capita": "$41,021",
  "GDP_nominal_per_capita_rank": "26th",
  "Gini": "37.9",
  "Gini_year": "2011",
  "Gini_rank": "76th",
  "HDI": "0.909",
  "HDI_year": "2017",
  "HDI_change": "increase",
  "HDI_rank": "19th",
  "currency": "[[Japanese yen|Yen]] (\u00a5) {{\\}} '' {{transl|ja|En}} '' {{lang|ja|\u5186}}",
  "currency_code": "JPY",
  "time_zone": "[[Japan Standard Time|JST]]",
  "utc_offset": "+09:00",
  "date_format": "{{unbulleted list|yyyy-mm-dd|lang|ja|yyyy\u5e74m\u6708d\u65e5|[[Japanese era name|Era]]&nbsp;|lang|ja|yy\u5e74m\u6708d\u65e5| |small|([[Common Era|CE]]\u22122018)}} {{lang|ja|yyyy\u5e74m\u6708d\u65e5}} {{lang|ja|yy\u5e74m\u6708d\u65e5}} {{small|([[Common Era|CE]]\u22122018)}}",
  "electricity": "100 V\u201350 and 60 Hz",
  "drives_on": "[[Right- and left-hand traffic#Japan|left]]",
  "calling_code": "[[Telephone numbers in Japan|+81]]",
  "cctld": "[[.jp]]",
  "official_website": "[http://www.japan.go.jp/index.html www.japan.go.jp]",
  "religion": "{{ublist|item_style|=|white-space:nowrap;|51.8% Folk [[Shinto]] / None|34.9% [[Buddhism in Japan|Buddhism]]|4% [[Shinto sects and schools|Shinto sects]]|2.3% [[Christianity in Japan|Christianity]] |7% No answer}}",
  "population_density_sq_mi": "882.7",
  "iso3166code": "JP",
  "religion_year": "2000"
}