{
  "conventional_long_name": "Hashemite Kingdom of Jordan",
  "common_name": "Jordan",
  "native_name": "{{native name|ar|\u0627\u0644\u0645\u0645\u0644\u0643\u0629 \u0627\u0644\u0623\u0631\u062f\u0646\u064a\u0629 \u0627\u0644\u0647\u0627\u0634\u0645\u064a\u0629  |italics|=|no}}",
  "image_flag": "Flag of Jordan.svg",
  "image_coat": "Coat of arms of Jordan.svg",
  "national_motto": "\"God, Country, King\" <br/> {{lang|ar|lower|0.1em|big|\"\u0627\u0644\u0644\u0647\u060c \u0627\u0644\u0648\u0637\u0646 \u060c \u0627\u0644\u0645\u0644\u0643\"|italics|=|no}} <br />''Al-L\u0101h, Al-Wa\u1e6dan, Al-Mal\u012bk'' {{lower|0.1em|big|\"\u0627\u0644\u0644\u0647\u060c \u0627\u0644\u0648\u0637\u0646 \u060c \u0627\u0644\u0645\u0644\u0643\"}} {{big|\"\u0627\u0644\u0644\u0647\u060c \u0627\u0644\u0648\u0637\u0646 \u060c \u0627\u0644\u0645\u0644\u0643\"}}",
  "national_anthem": "[[The Royal Anthem of Jordan]]<br/> {{lang|ar|big|\u0627\u0644\u0633\u0644\u0627\u0645 \u0627\u0644\u0645\u0644\u0643\u064a \u0627\u0644\u0623\u0631\u062f\u0646\u064a}} <br />''As-Sal\u0101m Al-Malak\u012b Al-\u02beUrdun\u012b''<br/><br/>[[File:National anthem of Jordan instrumental.ogg|center]] {{big|\u0627\u0644\u0633\u0644\u0627\u0645 \u0627\u0644\u0645\u0644\u0643\u064a \u0627\u0644\u0623\u0631\u062f\u0646\u064a}}",
  "image_map": "Jordan (orthographic projection).svg",
  "image_map2": "Jordan - Location Map (2013) - JOR - UNOCHA.svg",
  "capital": "[[Amman]]",
  "coordinates": "{{Coord|31|57|N|35|56|E|type:city}}",
  "largest_city": "capital",
  "religion": "{{unbulleted list |95% [[Islam]] (official) |4% [[Christianity]] |1% [[Druze]], [[Bah\u00e1'\u00ed]]}}",
  "official_languages": "[[Modern Standard Arabic|Arabic]]",
  "ethnic_groups": "{{unbulleted list |98% [[Arab people|Arab]] \n|1% [[Circassian diaspora#Jordan|Circassian]], [[Chechens]] | 1% [[Armenians in Jordan|Armenian]]}}",
  "demonym": "Jordanian",
  "government_type": "{{nowrap|[[Unitary state|Unitary]] [[Parliamentary system|parliamentary]]<br />[[constitutional monarchy]]}}",
  "leader_title1": "[[List of kings of Jordan|Monarch]]",
  "leader_name1": "[[Abdullah II of Jordan|Abdullah II]]",
  "leader_title2": "[[Prime Minister of Jordan|Prime Minister]]",
  "leader_name2": "[[Omar Razzaz]]",
  "legislature": "[[Parliament of Jordan|Parliament]]",
  "upper_house": "[[Senate (Jordan)|Senate]]",
  "lower_house": "{{nowrap|[[House of Representatives (Jordan)|House of Representatives]]}}",
  "sovereignty_type": "[[Independence]]",
  "sovereignty_note": "from the [[United Kingdom]]",
  "established_event1": "[[Emirate of Transjordan|Emirate]]",
  "established_date1": "11 April 1921",
  "established_event2": "[[League of Nations mandate|Independence]]",
  "established_date2": "25 May 1946",
  "established_event3": "[[Constitution of Jordan|Constitution]]",
  "established_date3": "11 January 1952",
  "area_km2": "89342",
  "area_rank": "110th",
  "percent_water": "0.6",
  "population_estimate": "10,407,793",
  "population_estimate_year": "2019",
  "population_estimate_rank": "86th",
  "population_census": "9,531,712",
  "population_census_year": "2015",
  "population_density_km2": "114",
  "population_density_sq_mi": "295",
  "population_density_rank": "70th",
  "GDP_PPP": "$93.159 billion",
  "GDP_PPP_year": "2018",
  "GDP_PPP_rank": "87th",
  "GDP_PPP_per_capita": "$9,406",
  "GDP_PPP_per_capita_rank": "86th",
  "GDP_nominal": "$41.869 billion",
  "GDP_nominal_year": "2018",
  "GDP_nominal_rank": "92nd",
  "GDP_nominal_per_capita": "$4,228",
  "GDP_nominal_per_capita_rank": "95th",
  "Gini": "35.4",
  "Gini_year": "2011",
  "Gini_rank": "79th",
  "HDI": "0.735",
  "HDI_year": "2017",
  "HDI_change": "steady",
  "HDI_rank": "95th",
  "currency": "[[Jordanian dinar]]",
  "currency_code": "JOD",
  "time_zone": "[[Eastern European Time|EET]]",
  "utc_offset": "+2",
  "utc_offset_DST": "+3",
  "time_zone_DST": "[[Eastern European Summer Time|EEST]]",
  "drives_on": "right",
  "calling_code": "[[Telephone numbers in Jordan|+962]]",
  "cctld": "[[.jo]]<br/> {{rtl-lang|ar|[[.\u0627\u0644\u0627\u0631\u062f\u0646]]}}",
  "official_website": "[https://jordan.gov.jo/wps/portal/%5c?lang=en#/ jordan.gov.jo]"
}