{
  "conventional_long_name": "State of Kuwait",
  "common_name": "Kuwait",
  "native_name": "{{native name|ar|\u062f\u0648\u0644\u0629 \u0627\u0644\u0643\u0648\u064a\u062a|italics|=|off}} <br>'' {{transl|ar|Dawlat al-Kuwait}} ''",
  "image_flag": "Flag of Kuwait.svg",
  "image_coat": "Emblem of Kuwait.svg",
  "symbol_type": "Emblem",
  "national_anthem": "''[[Al-Nasheed Al-Watani]]''<br /> {{small|''National Anthem''}} <div style=\"padding-top:0.5em;\" class=\"center\">[[File:National anthem of Kuwait (instrumental).ogg]]</div>",
  "image_map": "KWT orthographic.svg",
  "map_caption": "{{map caption |location_color|=| green}}",
  "image_map2": "Kuwait - Location Map (2013) - KWT - UNOCHA.svg",
  "capital": "[[Kuwait City]]",
  "coordinates": "{{Coord|29|22|N|47|58|E|type:city}}",
  "largest_city": "capital",
  "official_languages": "[[Modern Standard Arabic|Arabic]]",
  "ethnic_groups": "{{unbulleted list\n | 57.65% [[Arabs|Arab]] (30.36% [[Demographics of Kuwait|Kuwaiti]], 27.29% other Arabs)\n | 40.42% Asian\n | 1.02% African\n | 0.39% European\n | 0.52% Other}}",
  "demonym": "[[Demographics of Kuwait|Kuwaiti]]",
  "government_type": "[[Unitary state|Unitary]] [[parliamentary system|parliamentary]] [[constitutional monarchy]]",
  "leader_title1": "[[Emir of Kuwait|Emir]]",
  "leader_name1": "[[Sabah Al-Ahmad Al-Jaber Al-Sabah|Sabah Ahmad al-Sabah]]",
  "leader_title3": "[[List of Speakers of Kuwait National Assembly|Speaker of the National Assembly]]",
  "leader_name3": "[[Marzouq Al-Ghanim]]",
  "leader_title2": "[[List of Prime Ministers of Kuwait|Prime Minister]]",
  "leader_name2": "[[Jaber Al-Mubarak Al-Hamad Al-Sabah|Jaber Mubarak al-Sabah]]",
  "legislature": "[[National Assembly (Kuwait)|National Assembly]]",
  "sovereignty_type": "[[History of Kuwait|Establishment]]",
  "established_event1": "Independence from the Emirate of Al Hasa",
  "established_date1": "1752",
  "established_event2": "[[Anglo-Ottoman Convention of 1913|Anglo-Ottoman Convention]]",
  "established_date2": "1913",
  "established_event3": "End of treaties with the [[United Kingdom]]",
  "established_date3": "19 June 1961",
  "area_km2": "17,818",
  "area_rank": "152nd",
  "area_sq_mi": "6,880",
  "percent_water": "negligible",
  "population_estimate": "4,621,638",
  "population_census": "2,213,403",
  "population_estimate_year": "2018",
  "population_estimate_rank": "128th",
  "population_census_year": "2005",
  "population_density_km2": "200.2",
  "population_density_sq_mi": "518.4",
  "population_density_rank": "61st",
  "GDP_PPP": "$303&nbsp;billion",
  "GDP_PPP_year": "2018",
  "GDP_PPP_per_capita": "$69,669",
  "GDP_PPP_per_capita_rank": "5th",
  "GDP_nominal": "$118.271&nbsp;billion",
  "GDP_nominal_year": "2018",
  "GDP_nominal_rank": "55th",
  "GDP_nominal_per_capita": "$28,199",
  "GDP_nominal_per_capita_rank": "23rd",
  "HDI": "0.803",
  "HDI_year": "2017",
  "HDI_change": "decrease",
  "HDI_rank": "56th",
  "currency": "[[Kuwaiti dinar]]",
  "currency_code": "KWD",
  "time_zone": "[[Arabia Standard Time|AST]]",
  "utc_offset": "+3",
  "date_format": "dd/mm/yyyy ([[Common Era|CE]])",
  "drives_on": "right",
  "calling_code": "[[Telephone numbers in Kuwait|+965]]",
  "cctld": "[[.kw]]",
  "official_website": "[https://www.e.gov.kw/sites/kgoEnglish/Pages/HomePage.aspx www.e.gov.kw]",
  "footnote_a": "Nominal [[Order of succession|succession]] within the [[House of Sabah]].",
  "footnote_b": "[[Emirate]]",
  "religion": "[[Islam]] 74.36%<br> [[Christianity]] 18.17%<br> Other 7.47%"
}