{
  "conventional_long_name": "Lebanese Republic",
  "common_name": "Lebanon",
  "native_name": "{{vunblist|item_style|=|font-size:88%; |native name|ar|\u0627\u0644\u062c\u0645\u0647\u0648\u0631\u064a\u0629 \u0627\u0644\u0644\u0628\u0646\u0627\u0646\u064a\u0629|italics|=|off|<br /><small>''|transl|ar|Al-Jumh\u016br\u012byah al-Lubn\u0101n\u012byah|''</small>|native name|fr|R\u00e9publique Libanaise}} {{native name|ar|\u0627\u0644\u062c\u0645\u0647\u0648\u0631\u064a\u0629 \u0627\u0644\u0644\u0628\u0646\u0627\u0646\u064a\u0629|italics|=|off}} <br /><small>'' {{transl|ar|Al-Jumh\u016br\u012byah al-Lubn\u0101n\u012byah}} ''</small> {{native name|fr|R\u00e9publique Libanaise}}",
  "image_flag": "Flag of Lebanon.svg",
  "image_coat": "Coat of Arms of Lebanon.svg",
  "national_anthem": "{{unbulleted list |lower|0.1em|big|[[Lebanese National Anthem|\u0643\u0644\u0651\u0646\u0627 \u0644\u0644\u0648\u0637\u0646]]| |transl|ar|ISO|''Kulluna lil-watan''| |small|''All Of Us, For the Country!''}} [[File:Lebanese national anthem.ogg|center]] {{lower|0.1em|big|[[Lebanese National Anthem|\u0643\u0644\u0651\u0646\u0627 \u0644\u0644\u0648\u0637\u0646]]}} {{big|[[Lebanese National Anthem|\u0643\u0644\u0651\u0646\u0627 \u0644\u0644\u0648\u0637\u0646]]}} {{transl|ar|ISO|''Kulluna lil-watan''}} {{small|''All Of Us, For the Country!''}}",
  "image_map": "Lebanon (orthographic projection).svg",
  "image_map2": "Lebanon - Location Map (2012) - LBN - UNOCHA.svg",
  "capital": "[[Beirut]]",
  "coordinates": "{{Coord|33|54|N|35|32|E|type:city}}",
  "largest_city": "[[Beirut]]",
  "official_languages": "[[Arabic language|Arabic]]",
  "recognised_languages": "[[English language|English]] and [[French language|French]]",
  "demonym": "[[Lebanese people|Lebanese]]",
  "government_type": "[[Unitary state|Unitary]] [[Parliamentary system|parliamentary]]<br />[[constitutional republic]]",
  "leader_title1": "[[:President of Lebanon|President]]",
  "leader_name1": "[[Michel Aoun]]",
  "leader_title2": "[[Prime Minister of Lebanon|Prime Minister]]",
  "leader_name2": "[[Saad Hariri]]",
  "leader_title3": "[[List of Speakers of the Parliament of Lebanon|Speaker of the Parliament]]",
  "leader_name3": "[[Nabih Berri]]",
  "legislature": "[[Parliament of Lebanon|Parliament]]",
  "established_event1": "[[Mount Lebanon Emirate]]",
  "established_date1": "1516",
  "established_event2": "[[Mount Lebanon Mutasarrifate]]",
  "established_date2": "1861",
  "established_event3": "[[Greater Lebanon]]",
  "established_date3": "1 September 1920",
  "established_event4": "Constitution",
  "established_date4": "23 May 1926",
  "established_event5": "Independence declared",
  "established_date5": "22 November 1943",
  "established_event6": "[[French Mandate for Syria and the Lebanon|French mandate]] ended",
  "established_date6": "24 October 1945",
  "established_event7": "Withdrawal of [[Allies of World War II|French forces]]",
  "established_date7": "31 December 1946",
  "established_event8": "[[Syrian occupation of Lebanon|Syrian]] and [[Israeli occupation of Southern Lebanon|Israeli]] occupations",
  "established_date8": "1976 - 2005",
  "established_event9": "[[Cedar Revolution#Withdrawal of Syrian troops|Syrian troops withdrawn]]",
  "established_date9": "30 April 2005",
  "area_km2": "10452",
  "area_label": "Total",
  "area_rank": "161st",
  "area_sq_mi": "4036",
  "percent_water": "1.8",
  "population_estimate": "{{UN_Population|Lebanon}} {{UN_Population|ref}}",
  "population_estimate_year": "{{UN_Population|Year}}",
  "population_estimate_rank": "112th",
  "population_density_km2": "560",
  "population_density_sq_mi": "1,450",
  "population_density_rank": "21st",
  "GDP_PPP": "$94&nbsp;billion",
  "GDP_PPP_year": "2019",
  "GDP_PPP_per_capita": "$20,543",
  "GDP_PPP_per_capita_rank": "66th",
  "GDP_nominal": "$59&nbsp;billion",
  "GDP_nominal_year": "2019",
  "GDP_nominal_rank": "82th",
  "GDP_nominal_per_capita": "$12,992",
  "HDI": "0.757",
  "HDI_year": "2017",
  "HDI_change": "increase",
  "HDI_rank": "80th",
  "currency": "[[Lebanese pound]]",
  "currency_code": "LBP",
  "time_zone": "[[Eastern European Time|EET]]",
  "utc_offset": "+2",
  "utc_offset_DST": "+3",
  "time_zone_DST": "[[Eastern European Summer Time|EEST]]",
  "drives_on": "Right side of the road",
  "calling_code": "[[Telephone numbers in Lebanon|+961]]",
  "cctld": "[[.lb]]"
}