{
  "conventional_long_name": "Malaysia",
  "common_name": "Malaysia",
  "image_flag": "Flag of Malaysia.svg",
  "alt_flag": "A blue rectangle with a gold star and crescent in the canton, with 14 horizontal red and white lines on the rest of the flag",
  "image_coat": "Coat of arms of Malaysia.svg",
  "symbol_type": "Coat of arms",
  "alt_coat": "Shield showing symbols of the Malaysian states with a star and crescent above it and a motto below it supported by two tigers",
  "image_map": "Malaysia (orthographic projection).svg",
  "national_motto": "\"Bersekutu Bertambah Mutu\" {{lower|0.2em|ref|{{cite web |url=http://mygov.malaysia.gov.my/EN/Main/MsianGov/MsianFlagAndCrest/Pages/MsianFlagAndCrest.aspx |archive-url=https://web.archive.org/web/20131022191931/http://mygov.malaysia.gov.my/EN/Main/MsianGov/MsianFlagAndCrest/Pages/MsianFlagAndCrest.aspx |dead-url=yes |archive-date=22 October 2013 |title=Malaysian Flag and Coat of Arms |publisher=Malaysian Government |accessdate=9 September 2013}}|</ref>|<!--end lower:-->}} <br /> {{small|\"Unity Is Strength\"}}",
  "national_anthem": "\"[[Negaraku]]\"<br />( {{Lang-en|\"My Country\"}} )<div style=\"padding-top:0.5em;\" class=\"center\">[[File:Negaraku instrumental.ogg]]</div>",
  "capital": "[[Kuala Lumpur]]<br /> {{small|coord|3|8|N|101|41|E|display|=|inline}} <br />[[Putrajaya]] {{coord|3|8|N|101|41|E|display|=|inline}} {{small|(administrative)}} <br /> {{small|coord|2.9430952|101.699373|region:MY|display|=|inline}} {{coord|2.9430952|101.699373|region:MY|display|=|inline}}",
  "largest_city": "[[Kuala Lumpur]]<br /> {{small|coord|3|8|N|101|41|E|display|=|inline}} {{coord|3|8|N|101|41|E|display|=|inline}}",
  "languages_type": "'''[[Official language]]'''<br /> {{nobold|and [[national language]]}}",
  "languages": "[[Malaysian language|Malaysian]] {{#tag:ref|Section 2 of the [[National Language Act 1963/67]] states that \"Save as provided in this Act and subject to the safeguards contained in Article 152(1) of the Constitution relating to any other language and the language of any other community in Malaysia the national language shall be used for official purposes\".|group|=|\"n\"}}",
  "languages_sub": "yes",
  "languages2_type": "Recognised language",
  "languages2": "[[Malaysian English|English]]",
  "ethnic_groups": "{{unbulleted list\n  | 68.8% [[Bumiputera (Malaysia)|Bumiputera]] ([[Malays (ethnic group)|Malay]] & [[Orang Asal]])\n  | 23.2% [[Malaysian Chinese|Chinese]]\n  | &nbsp;7.0% [[Malaysian Indian|Indian]]\n  | &nbsp;1.0% Others}}",
  "ethnic_groups_year": "2017",
  "religion": "{{unbulleted list\n  | 61.3% [[Islam]] (official)|ref|{{cite web|url=http://www.jac.gov.my/images/stories/akta/federalconstitution.pdf|title=The States, Religion and Law of the Federation|work=Constitution of Malaysia|publisher=Judicial Appointments Commission|accessdate=29 October 2017|quote=Islam is the religion of the Federation; but other religions may be practised in peace and harmony in any part of the Federation.}}|</ref>|\n  | 19.8% [[Buddhism]]\n  | &nbsp;9.2% [[Christianity]]\n  | &nbsp;6.3% [[Hinduism]]\n  | &nbsp;1.3% [[Chinese folk religion]]\n  | &nbsp;1.0% Unknown\n  | &nbsp;0.4% Others\n  | &nbsp;0.7% [[Irreligion]]|ref|{{cite web|url=https://www.dosm.gov.my/v1/index.php?r=column/cthemeByCat&cat=117&bul_id=MDMxdHZjWTk1SjFzTzNkRXYzcVZjdz09&menu_id=L0pheU43NWJwRWVSZklWdzQ4TlhUUT09|title=Population Distribution and Basic Demographic Characteristic Report 2010 (Updated: 05/08/2011)|publisher=Department of Statistics, Malaysia|date=29 July 2011|accessdate=11 June 2018}}|</ref>|}}",
  "demonym": "[[Malaysians|Malaysian]]",
  "government_type": "[[Federal monarchy|Federal]] [[parliamentary system|parliamentary]] [[Elective monarchy|elective]] [[constitutional monarchy]]",
  "leader_title1": "[[Yang di-Pertuan Agong]]",
  "leader_name1": "[[Abdullah of Pahang|Abdullah al-Haj]]",
  "leader_title2": "[[Prime Minister of Malaysia|Prime Minister]]",
  "leader_name2": "[[Mahathir Mohamad]]",
  "legislature": "[[Parliament of Malaysia|Parliament]]",
  "upper_house": "[[Dewan Negara]] (Senate)",
  "lower_house": "[[Dewan Rakyat]] (House of Representatives)",
  "sovereignty_type": "[[Independence]]",
  "sovereignty_note": "from the [[United Kingdom]]",
  "established_event1": "[[Merdeka Day|Independence]] of the [[Federation of Malaya]]",
  "established_date1": "31 August 1957",
  "established_event2": "[[Sarawak Self-government Day|Sarawak Self-government]]",
  "established_date2": "22 July 1963",
  "established_event3": "[[North Borneo Self-government Day|North Borneo Self-government]]",
  "established_date3": "31 August 1963",
  "established_event4": "[[Proclamation of Malaysia]]",
  "established_date4": "16 September 1963",
  "established_event5": "[[Singapore in Malaysia|Secession of Singapore]]",
  "established_date5": "9 August 1965",
  "area_rank": "66th",
  "area_km2": "330,803",
  "area_sq_mi": "127,720",
  "percent_water": "0.3",
  "population_estimate": "32,049,700",
  "population_estimate_year": "2017",
  "population_estimate_rank": "44th",
  "population_census_year": "2010",
  "population_census": "28,334,135",
  "population_density_km2": "92",
  "population_density_sq_mi": "237",
  "population_density_rank": "116th",
  "GDP_PPP_year": "2019",
  "GDP_PPP": "$1.068 trillion",
  "GDP_PPP_rank": "26th",
  "GDP_PPP_per_capita": "$32,501",
  "GDP_PPP_per_capita_rank": "41st",
  "GDP_nominal_year": "2019",
  "GDP_nominal": "$372.628 billion",
  "GDP_nominal_rank": "38th",
  "GDP_nominal_per_capita": "$11,338",
  "GDP_nominal_per_capita_rank": "62nd",
  "Gini_year": "2015",
  "Gini_change": "decrease",
  "Gini": "41",
  "HDI_year": "2017",
  "HDI_change": "increase",
  "HDI": "0.802",
  "HDI_rank": "57th",
  "currency": "[[Malaysian ringgit|Ringgit]] (RM)",
  "currency_code": "MYR",
  "date_format": "dd-mm-yyyy",
  "time_zone": "[[Malaysian Standard Time|MST]]",
  "utc_offset": "+8",
  "drives_on": "[[Right- and left-hand traffic|left]]",
  "calling_code": "[[+60]]",
  "cctld": "[[.my]]"
}