{
  "conventional_long_name": "Republic of Maldives",
  "common_name": "Maldives",
  "native_name": "{{ubl|native name|dv|\u078b\u07a8\u0788\u07ac\u0780\u07a8\u0783\u07a7\u0787\u07b0\u0796\u07ad\u078e\u07ac \u0796\u07aa\u0789\u07b0\u0780\u07ab\u0783\u07a8\u0787\u07b0\u0794\u07a7|italics|=|off|''Dhivehi Raajjeyge Jumhooriyyaa''}} {{native name|dv|\u078b\u07a8\u0788\u07ac\u0780\u07a8\u0783\u07a7\u0787\u07b0\u0796\u07ad\u078e\u07ac \u0796\u07aa\u0789\u07b0\u0780\u07ab\u0783\u07a8\u0787\u07b0\u0794\u07a7|italics|=|off}}",
  "image_flag": "Flag of Maldives.svg",
  "image_coat": "Emblem of Maldives.svg",
  "symbol_type": "Emblem",
  "national_anthem": "'' {{lang|dv-Latn|[[Gaumii salaam|Qaumii salaam]]}} ''<br /> {{small|''National Salute''}} <div style=\"padding-top:0.5em;\">[[File:Gaumii salaam.ogg|Gaumii salaam|center]]</div>",
  "image_map": "Maldives (orthographic projection).svg",
  "map_caption": "Location of Maldives in the Indian Ocean",
  "image_map2": "Maldives - Location Map (2013) - MDV - UNOCHA.svg",
  "capital": "[[Mal\u00e9]]",
  "official_languages": "[[Maldivian language|Dhivehi]]",
  "recognised_languages": "[[English Language|English]]",
  "ethnic_groups": "\u2248100% [[Maldivians]]<sup>a</sup>",
  "ethnic_groups_year": "2019",
  "religion": "[[Islam]] ([[State religion|mandated by law]])",
  "demonym": "Maldivian",
  "government_type": "[[Unitary state|Unitary]] [[Presidential system|presidential]] [[republic]]",
  "leader_title1": "[[President of the Maldives|President]]",
  "leader_name1": "[[Ibrahim Mohamed Solih]]",
  "leader_title2": "[[Vice President of the Maldives|Vice President]]",
  "leader_name2": "[[Faisal Naseem]]",
  "leader_title3": "[[People's Majlis#The Speaker|Speaker of the Majlis]]",
  "leader_name3": "[[Mohamed Nasheed]]",
  "leader_title4": "[[Chief Justice]]",
  "leader_name4": "[[Ahmed Abdulla Didi]]",
  "legislature": "[[People's Majlis|People's ''Majlis'']]",
  "sovereignty_type": "Independence",
  "established_event1": "from the [[United Kingdom]]",
  "established_date1": "26 July 1965",
  "established_event2": "{{nowrap|[[Constitution of the Maldives|Current constitution]]}}",
  "established_date2": "7 August 2008",
  "area_km2": "298",
  "area_rank": "187th",
  "area_sq_mi": "115",
  "population_estimate": "392,473",
  "population_census": "341,356",
  "population_estimate_year": "2018",
  "population_estimate_rank": "175th",
  "population_census_year": "2014",
  "population_density_km2": "1,102.5",
  "population_density_sq_mi": "2,855.4",
  "population_density_rank": "11th",
  "GDP_PPP": "{{increase}} $8.608 billion",
  "GDP_PPP_year": "2019",
  "GDP_PPP_rank": "162nd",
  "GDP_PPP_per_capita": "{{increase}} $23,154",
  "GDP_PPP_per_capita_rank": "69th",
  "GDP_nominal": "{{increase}} $5.749 billion",
  "GDP_nominal_year": "2019",
  "GDP_nominal_per_capita": "{{increase}} $15,463",
  "Gini": "37.4",
  "Gini_year": "2005\u20132013",
  "Gini_rank": "76th (CIA)",
  "HDI": "0.717",
  "HDI_year": "2017",
  "HDI_change": "increase",
  "HDI_rank": "101st",
  "currency": "[[Maldivian rufiyaa]]",
  "currency_code": "MVR",
  "time_zone": "[[Time in the Maldives|Maldives Time]]",
  "utc_offset": "+5",
  "date_format": "dd/mm/yy",
  "drives_on": "[[Left- and right-hand traffic|left]]",
  "calling_code": "[[+960]]",
  "cctld": "[[.mv]]",
  "footnote_a": "Excluding foreign nationals"
}