{
  "conventional_long_name": "Mongolia",
  "native_name": "\u041c\u043e\u043d\u0433\u043e\u043b \u0423\u043b\u0441<br /> {{MongolUnicode|\u182e\u1823\u1829\u182d\u1823\u182f}} {{MongolUnicode|\u1824\u182f\u1824\u1830}} <br /> {{native name|mn|Mongol Uls}}",
  "common_name": "Mongolia",
  "image_flag": "Flag of Mongolia.svg",
  "image_coat": "Coat of Arms of Mongolia.svg",
  "symbol_type": "Emblem",
  "image_map": "File:Mongolia (orthographic projection).svg",
  "map_caption": "{{map caption |location_color|=|green}}",
  "national_anthem": "{{unbulleted list |[[National anthem of Mongolia|\u041c\u043e\u043d\u0433\u043e\u043b \u0443\u043b\u0441\u044b\u043d \u0442\u04e9\u0440\u0438\u0439\u043d \u0434\u0443\u0443\u043b\u0430\u043b]]<br />|transl|mn|''Mongol ulsyn t\u00f6riin duulal''|<br />(|Lang-en|\"National anthem of Mongolia\"|)}} <br /><center>[[File:National anthem of Mongolia 2006 official-instrumental.ogg]]</center> {{transl|mn|''Mongol ulsyn t\u00f6riin duulal''}} <br />( {{Lang-en|\"National anthem of Mongolia\"}} )",
  "official_languages": "[[Mongolian language|Mongolian]]",
  "languages_type": "[[Official script]]s",
  "languages": "[[Mongolian Cyrillic alphabet|Mongolian Cyrillic]]<br />[[Mongolian script]]",
  "ethnic_groups": "{{unbulleted list\n  | 96% [[Mongols]]\n  | 4% [[Kazakhs]]|ref| name=\"cia\"|{{cite web |url = https://www.cia.gov/library/publications/the-world-factbook/geos/mg.html |title = Mongolia |publisher = CIA |work = The World Factbook |accessdate = August 9, 2015 |deadurl = no |archiveurl = https://web.archive.org/web/20150703173449/https://www.cia.gov/Library/publications/the-world-factbook/geos/mg.html |archivedate = July 3, 2015 |df = mdy-all }}|</ref>|}}",
  "ethnic_groups_year": "2010",
  "demonym": "{{hlist |Mongolian|Ref label|b|b|[[Mongol]]}} {{Ref label|b|b}}",
  "capital": "[[Ulaanbaatar]] {{Ref label|a|a}}",
  "religion": "[[Buddhism in Mongolia|Buddhism]] (53%)<br />Non-religious (38.6%)<br/>[[Islam in Mongolia|Islam]] (3%)<br/>[[Mongolian shamanism|Shamanism]] (2.9%)<br/>[[Christianity in Mongolia|Christianity]] (2.2%)<br/>Others (0.4%)",
  "coordinates": "{{coord|47|55|N|106|53|E|scale:20000000_source:GNS|display|=|title}}",
  "largest_city": "capital",
  "government_type": "{{nowrap|[[Unitary state|Unitary]] [[Semi-presidential system|semi-presidential]]}} [[republic]]",
  "leader_title1": "[[President of Mongolia|President]]",
  "leader_name1": "[[Khaltmaagiin Battulga]]",
  "leader_title2": "[[Prime Minister of Mongolia|Prime Minister]]",
  "leader_name2": "[[Ukhnaagiin Kh\u00fcrels\u00fckh]]",
  "legislature": "[[State Great Khural]]",
  "area_rank": "18th",
  "area_km2": "1,566,000",
  "area_sq_mi": "603,909",
  "percent_water": "0.67",
  "population_estimate": "3,256,176",
  "population_estimate_year": "2019",
  "population_estimate_rank": "134th",
  "population_density_km2": "1.97",
  "population_density_sq_mi": "5.10",
  "population_density_rank": "238th",
  "GDP_PPP_year": "2019",
  "GDP_PPP": "$47&nbsp;billion",
  "GDP_PPP_rank": "115th",
  "GDP_PPP_per_capita": "$14,270",
  "GDP_PPP_per_capita_rank": "93rd",
  "GDP_nominal": "$13.7&nbsp;billion",
  "GDP_nominal_year": "2019",
  "GDP_nominal_rank": "133rd",
  "GDP_nominal_per_capita": "$4,151",
  "GDP_nominal_per_capita_rank": "116th",
  "Gini_year": "2016",
  "Gini": "32.3",
  "HDI_year": "2017",
  "HDI_change": "decrease",
  "HDI": "0.741",
  "HDI_rank": "92nd",
  "sovereignty_type": "[[History of Mongolia|Formation]]",
  "established_event1": "[[Xiongnu|Xiongnu Empire]]",
  "established_date1": "formed 209 BC",
  "established_event2": "[[Mongol Empire]]",
  "established_date2": "formed 1206",
  "established_event3": "[[Mongolian Revolution of 1911|Declaration of independence]] from [[Qing dynasty|China]]",
  "established_date3": "December 29, 1911",
  "established_event4": "[[Mongolian People's Republic]] was established",
  "established_date4": "November 26, 1924",
  "established_event5": "Independence was recognized by [[Republic of China (1912\u20131949)|China]]",
  "established_date5": "January 5, 1946",
  "established_event6": "[[Constitution of Mongolia|Current constitution]]",
  "established_date6": "February 13, 1992",
  "currency": "[[Mongolian t\u00f6gr\u00f6g|T\u00f6gr\u00f6g]]",
  "currency_code": "MNT",
  "utc_offset": "+7/+8",
  "utc_offset_DST": "+8/+9",
  "date_format": "yyyy.mm.dd ([[Common Era|CE]])",
  "drives_on": "[[Right- and left-hand traffic#Right-hand traffic|right]]",
  "calling_code": "[[+976]]",
  "iso3166code": "MN",
  "cctld": "[[.mn]], [[.\u043c\u043e\u043d]]",
  "footnote_a": "{{Note|a}} Also spelled \"Ulan Bator\".",
  "footnote_b": "{{Note|b}} \"Mongolian\" denotes nationality, which includes minorities such as [[Kazakhs]] or [[Tuvans]], while \"Mongol\" indicates [[Mongols|Mongol ethnicity]]."
}