{
  "conventional_long_name": "Republic of the Union of Myanmar",
  "common_name": "Myanmar",
  "native_name": "{{ubl|native name|my|\u1015\u103c\u100a\u103a\u1011\u1031\u102c\u1004\u103a\u1005\u102f \u101e\u1019\u1039\u1019\u1010 \u1019\u103c\u1014\u103a\u1019\u102c\u1014\u102d\u102f\u1004\u103a\u1004\u1036\u1010\u1031\u102c\u103a\u200c<wbr />|''Pyidaunzu Thanm\u0103da My\u0103ma Nainngandaw''}} {{native name|my|\u1015\u103c\u100a\u103a\u1011\u1031\u102c\u1004\u103a\u1005\u102f \u101e\u1019\u1039\u1019\u1010 \u1019\u103c\u1014\u103a\u1019\u102c\u1014\u102d\u102f\u1004\u103a\u1004\u1036\u1010\u1031\u102c\u103a\u200c<wbr />}}",
  "image_flag": "Flag of Myanmar.svg",
  "image_coat": "State seal of Myanmar.svg",
  "symbol_type": "State Seal",
  "national_anthem": "{{unbulleted list |\"[[Kaba Ma Kyei]]\"|(|Lang-en|\"Till the End of the World\"|)}} <div style=\"display:inline-block;margin-top:0.4em;\">[[File:U.S. Navy Band - Kaba Ma Kyei.oga|centre]]</div> {{Lang-en|\"Till the End of the World\"}} )",
  "image_map": "Location Burma (Myanmar) ASEAN.svg",
  "map_caption": "{{map caption |location_color|=|green |region|=|[[ASEAN]] |region_color|=|dark grey |legend|=|Location Burma (Myanmar) ASEAN.svg}}",
  "image_map2": "Myanmar - Location Map (2013) - MMR - UNOCHA.svg",
  "capital": "[[Naypyidaw]] (Nay Pyi Taw)",
  "coordinates": "{{Coord|19|45|N|96|6|E|type:city}}",
  "largest_city": "[[Yangon]] (Rangoon)",
  "official_languages": "[[Burmese language|Burmese]]",
  "regional_languages": "{{hlist| |[[Kachin language|Kachin]] |[[Kayah language|Kayah]] |[[Karen language|Karen]] |[[Chin language|Chin]] |[[Mon language|Mon]] |[[Rakhine language|Rakhine]] |[[Shan language|Shan]]}}",
  "languages_type": "[[Official script]]",
  "languages": "[[Burmese script]]",
  "ethnic_groups": "{{unbulleted list\n| 68% [[Bamar people|Bamar]]\n| 9% [[Shan people|Shan]]\n| 7% [[Karen people|Karen]]\n| 4% [[Rakhine people|Rakhine]]\n| 2% [[Mon people|Mon]]\n| 10% others}}",
  "ethnic_groups_year": "{{lower|0.45em|ref| name=\"CIA geos\"}}",
  "religion": "[[Theravada|Therav\u0101da]] [[Buddhism in Myanmar|Buddhism]] 87.9%<br /> [[Christianity in Myanmar|Christianity]] 6.2%<br /> [[Islam in Myanmar|Islam]] 4.3%<br />[[Religion in Myanmar|Other]] 1.6%",
  "demonym": "Burmese / Myanma",
  "government_type": "[[Unitary state|Unitary]] [[Parliamentary system|parliamentary]] [[republic|constitutional republic]]",
  "leader_title1": "[[President of Myanmar|President]]",
  "leader_name1": "[[Win Myint (politician, born 1951)|Win Myint]]",
  "leader_title2": "[[State Counsellor of Myanmar|State Counsellor]]",
  "leader_name2": "[[Aung San Suu Kyi]]",
  "leader_title3": "[[Vice President of Myanmar|1st Vice President]]",
  "leader_name3": "[[Myint Swe (general)|Myint Swe]]",
  "leader_title4": "[[Vice President of Myanmar|2nd Vice President]]",
  "leader_name4": "[[Henry Van Thio]]",
  "legislature": "[[Assembly of the Union]]",
  "upper_house": "[[House of Nationalities]]",
  "lower_house": "{{nowrap|[[House of Representatives (Myanmar)|House of Representatives]]}}",
  "sovereignty_type": "[[History of Myanmar|Formation]]",
  "established_event1": "[[Pagan Kingdom]]",
  "established_date1": "23 December 849",
  "established_event2": "[[Taungoo Dynasty]]",
  "established_date2": "16 October 1510",
  "established_event3": "[[Konbaung Dynasty]]",
  "established_date3": "29 February 1752",
  "established_event4": "[[Third Anglo-Burmese War|Annexation by Britain]]",
  "established_date4": "1 January 1886",
  "established_event5": "{{nowrap|[[Post-independence Burma, 1948\u20131962|Independence]]}}",
  "established_date5": "4 January 1948",
  "established_event6": "[[1962 Burmese coup d'\u00e9tat|Coup d'\u00e9tat]]",
  "established_date6": "2 March 1962",
  "established_event7": "[[President of Myanmar|Restoration of presidency]]",
  "established_date7": "30 March 2011",
  "area_km2": "676,578",
  "area_rank": "39th",
  "area_sq_mi": "261,227",
  "percent_water": "3.06",
  "population_census": "53,582,855 (2017)",
  "population_census_year": "2017",
  "population_census_rank": "25th",
  "population_density_km2": "76",
  "population_density_rank": "125th",
  "GDP_PPP": "$359.107&nbsp;billion",
  "GDP_PPP_year": "2018",
  "GDP_PPP_rank": "51st",
  "GDP_PPP_per_capita": "$6,797",
  "GDP_PPP_per_capita_rank": "128th",
  "GDP_nominal": "$71.543&nbsp;billion",
  "GDP_nominal_year": "2018",
  "GDP_nominal_rank": "72nd",
  "GDP_nominal_per_capita": "$1,354",
  "GDP_nominal_per_capita_rank": "155th",
  "Gini": "38.1",
  "Gini_year": "2015",
  "HDI": "0.578",
  "HDI_year": "2017",
  "HDI_change": "increase",
  "HDI_rank": "148th",
  "currency": "[[Burmese kyat|Kyat]] (K)",
  "currency_code": "MMK",
  "time_zone": "[[Myanmar Standard Time|MMT]]",
  "utc_offset": "+06:30",
  "drives_on": "right",
  "calling_code": "[[Telephone numbers in Myanmar|+95]]",
  "iso3166code": "MM",
  "cctld": "[[.mm]]"
}