{
  "conventional_long_name": "{{nowrap|Federal Democratic Republic of Nepal}}",
  "common_name": "Nepal",
  "native_name": "{{ubl|native name|ne|\u0938\u0919\u094d\u0918\u0940\u092f \u0932\u094b\u0915\u0924\u093e\u0928\u094d\u0924\u094d\u0930\u093f\u0915 \u0917\u0923\u0924\u0928\u094d\u0924\u094d\u0930 \u0928\u0947\u092a\u093e\u0932|italics|=|off|''Sa\u1e45gh\u012bya Lokat\u0101ntrik Ga\u1e47atantra Nep\u0101l''}} {{native name|ne|\u0938\u0919\u094d\u0918\u0940\u092f \u0932\u094b\u0915\u0924\u093e\u0928\u094d\u0924\u094d\u0930\u093f\u0915 \u0917\u0923\u0924\u0928\u094d\u0924\u094d\u0930 \u0928\u0947\u092a\u093e\u0932|italics|=|off}}",
  "image_flag": "Flag of Nepal.svg {{!}} x125px",
  "flag_border": "no",
  "image_coat": "Emblem of Nepal.svg",
  "symbol_type": "Emblem",
  "symbol_width": "100px",
  "national_motto": "{{native phrase|sa|[[Janani Janmabhoomischa Swargadapi Gariyasi|\u091c\u0928\u0928\u0940 \u091c\u0928\u094d\u092e\u092d\u0942\u092e\u093f\u0936\u094d\u091a \u0938\u094d\u0935\u0930\u094d\u0917\u093e\u0926\u092a\u093f \u0917\u0930\u0940\u092f\u0938\u0940]]|italics|=|off}} <br /> {{native phrase|en|Mother and motherland are greater than heaven|italics|=|off}}",
  "national_anthem": "{{native phrase|ne|[[Sayaun Thunga Phool Ka|\u0938\u092f\u094c\u0902 \u0925\u0941\u0901\u0917\u093e \u092b\u0942\u0932\u0915\u093e]] | italics|=|off}} <br /> {{native phrase|en|Made of hundreds of flowers|italics|=|off}} <br /><div style=\"padding-top:0.5em;\" class=\"center\">[[File:Sayaun Thunga Phool Ka_(instrumental).ogg]]</div>",
  "image_map": "Nepal (orthographic projection).svg",
  "image_map2": "Nepal - Location Map (2013) - NPL - UNOCHA.svg",
  "map_width": "220px",
  "capital": "[[Kathmandu]]",
  "largest_city": "[[Kathmandu]]",
  "coordinates": "{{Coord|28|10|N|84|15|E|region:NP_type:country|display|=|inline,title}}",
  "official_languages": "[[Nepali language|Nepali]]",
  "national_languages": "[[Languages of Nepal#Languages in Nepal by numbers of speakers|All languages used in Nepal]]",
  "ethnic_groups": "{{Collapsible list\n| titlestyle |=| background:transparent;text-align:left;font-weight:normal;font-size:100%;\n| title |=| Ethnic demography|16.6% [[Chhetri]]/ [[Khas people|Khas]] | 12.2% [[Bahun]] | 7.1% [[Magar people|Magar]] | 6.6% [[Tharu people|Tharu]] | 5.8% [[Tamang people|Tamang]] | 5% [[Newar people|Newar]] | 4.8% [[Kaami people|Kami]] | 4.4% [[Nepali Muslims|Muslims]] | 4% [[Yadav]] | 2.3% [[Rai people|Rai]] | 2% [[Gurung people|Gurung]] | 1.8% [[Damai]]/[[Dholi]] | 1.6%\n[[Thakuri]] | 1.5% [[Limbu people|Limbu]] | 1.4% [[Sarki (ethnic group)|Sarki]] | 1.4% [[Teli]] | 1.3% [[Chamar]]/[[Harijan]] | 1.2% [[Koiri]]/[[Kushwaha]] | 19% Other}}",
  "ethnic_groups_year": "[[2011 Nepal census|2011]]",
  "religion": "81.3% [[Hinduism in Nepal|Hinduism]]<br />9% [[Buddhism in Nepal|Buddhism]]<br />4.4% [[Islam in Nepal|Islam]]<br />3% [[Kirat Mundhum|Kirant]]<br />1.4% [[Christianity in Nepal|Christianity]]<br />0.4% [[Animism]]<br />0.5% [[Irreligion]]",
  "demonym": "[[Nepalis|Nepali]] (official), Nepalese",
  "government_type": "[[Federal republic|Federal]] [[Parliamentary system|parliamentary]] [[republic]]",
  "leader_title1": "[[President of Nepal|President]]",
  "leader_name1": "[[Bidhya Devi Bhandari]]",
  "leader_title2": "[[Vice President of Nepal|Vice President]]",
  "leader_name2": "[[Nanda Kishor Pun]]",
  "leader_title3": "[[Prime Minister of Nepal|Prime Minister]]",
  "leader_name3": "[[KP Sharma Oli|Khadga Prasad Sharma Oli]]",
  "leader_title6": "[[House of Representatives (Nepal)|House Speaker]]",
  "leader_name6": "[[Krishna Bahadur Mahara]]",
  "leader_title5": "{{nowrap|[[National Assembly (Nepal)|Assembly Chairman]]}}",
  "leader_name5": "[[Ganesh Prasad Timilsina]]",
  "leader_title4": "[[Chief Justice of Nepal|Chief Justice]]",
  "leader_name4": "[[Cholendra Shumsher JBR]]",
  "legislature": "[[Federal parliament of Nepal|Federal Parliament]]",
  "upper_house": "[[National Assembly (Nepal)|National Assembly]]",
  "lower_house": "[[House of Representatives (Nepal)|House of Representatives]]",
  "sovereignty_type": "[[Unification of Nepal|Formation]]",
  "established_event1": "{{nowrap|[[Kingdom of Nepal|Kingdom declared]]}}",
  "established_date1": "25 September 1768",
  "established_event2": "[[2006 democracy movement in Nepal|State declared]]",
  "established_date2": "18 May 2006",
  "established_event3": "{{nowrap|[[Republic Day (Nepal)|Federal Democratic Republic declared]]}}",
  "established_date3": "28 May 2008",
  "established_event4": "[[Constitution of Nepal|Promulgation of the Constitution]]",
  "established_date4": "20 September 2015",
  "area_km2": "147,181",
  "area_rank": "93rd",
  "area_sq_mi": "56,827",
  "percent_water": "2.8",
  "population_estimate": "{{UN Population|Nepal}} {{UN Population|ref}}",
  "population_estimate_rank": "48th",
  "population_estimate_year": "{{UN Population|Year}}",
  "population_census": "26,494,504",
  "population_census_year": "2011",
  "population_density_km2": "180",
  "population_density_sq_mi": "518",
  "population_density_rank": "62nd",
  "GDP_PPP": "$84 billion",
  "GDP_PPP_year": "2018",
  "GDP_PPP_per_capita": "$2,842",
  "GDP_nominal": "{{nowrap|$27 billion|ref| name=imf2|{{cite web |url=https://www.imf.org/external/pubs/ft/weo/2018/01/weodata/weorept.aspx?pr.x=70&pr.y=12&sy=2018&ey=2018&scsm=1&ssd=1&sort=country&ds=.&br=1&c=558&s=NGDPD%2CPPPGDP%2CNGDPDPC%2CPPPPC&grp=0&a= |title=Nepal |publisher=International Monetary Fund |accessdate=12 March 2016}}|</ref>}}",
  "GDP_nominal_year": "2018",
  "GDP_nominal_per_capita": "$919",
  "Gini": "32.8",
  "Gini_year": "2010",
  "Gini_change": "increase",
  "HDI": "0.574",
  "HDI_year": "2017",
  "HDI_change": "increase",
  "HDI_rank": "149th",
  "currency": "[[Nepalese rupee]] Rs ( {{lang-ne|\u0930\u0942}} )",
  "currency_code": "NPR",
  "time_zone": "[[Nepal Standard Time]]",
  "utc_offset": "[[UTC+05:45|+05:45]]",
  "DST_note": "{{nowrap|''[[Daylight saving time|DST]] not observed''}}",
  "drives_on": "[[Right- and left-hand traffic|left]]",
  "calling_code": "[[Telephone numbers in Nepal|+977]]",
  "cctld": "[[.np]]"
}