{
  "conventional_long_name": "Democratic People's Republic of Korea",
  "common_name": "North Korea",
  "native_name": "{{ubl|lang|ko|\uc870\uc120\ubbfc\uc8fc\uc8fc\uc758\uc778\ubbfc\uacf5\ud654\uad6d|''Chos\u014fn Minjuju\u016di Inmin Konghwaguk''}} {{lang|ko|\uc870\uc120\ubbfc\uc8fc\uc8fc\uc758\uc778\ubbfc\uacf5\ud654\uad6d}}",
  "image_flag": "Flag of North Korea.svg",
  "image_coat": "Coat of Arms of North Korea.svg",
  "symbol_type": "Emblem",
  "national_anthem": "{{unbulleted list|\"[[Aegukka]]\"|Lang-ko|\uc560\uad6d\uac00}} ( {{Lang-ko|\uc560\uad6d\uac00}} {{Lang-en|\"The Patriotic Song\"}} )\n[[File:National Anthem of the Democratic People's Republic of Korea.ogg|center]]",
  "image_map": "Democratic People's Republic of Korea (orthographic projection).svg",
  "map_caption": "Land controlled by North Korea shown in dark green; claimed but uncontrolled land shown in light green",
  "capital": "[[Pyongyang]]",
  "largest_city": "capital",
  "coordinates": "{{Coord|39|2|N|125|45|E|type:city}}",
  "official_languages": "[[Korean language|Korean]]",
  "languages_type": "[[Official script]]",
  "languages": "[[Chos\u014fn'g\u016dl]]",
  "demonym": "{{hlist |[[Demographics of North Korea|North Korean]] |[[Koreans|Korean]]}}",
  "government_type": "{{nowrap|[[Unitary state|Unitary]] [[One-party state|one-party]]<br />[[republic]]|<!--Do not change without consensus. See Talk page and its archives.-->|ref|{{cite book|title=Britannica Book of the Year 2014|chapter-url=https://books.google.com/books?id=LccRAwAAQBAJ&pg=PA642|year=2014|publisher=Encyclopedia Britannica, Inc.|location=London|isbn=978-1-62513-171-3|page=642|chapter=Korea, North}}|</ref>}}",
  "leader_title1": "[[Chairman of the Workers' Party of Korea|Party Chairman]] and [[Chairman of the State Affairs Commission]]",
  "leader_name1": "[[Kim Jong-un]]",
  "leader_title2": "[[President of the Presidium of the Supreme People's Assembly|President of Assembly Presidium]]",
  "leader_name2": "[[Choe Ryong-hae]]",
  "leader_title3": "[[State Affairs Commission of North Korea|First Vice Chairman of State Affairs Commission]]",
  "leader_name3": "[[Choe Ryong-hae]]",
  "leader_title4": "[[State Affairs Commission of North Korea|Vice Chairman of State Affairs Commission]]",
  "leader_name4": "[[Pak Pong-ju]]",
  "leader_title5": "[[Premier of North Korea|Premier of Cabinet]]",
  "leader_name5": "[[Kim Jae-ryong]]",
  "leader_title6": "[[Supreme People's Assembly|Assembly Chairman]]",
  "leader_name6": "Pak Thae-song",
  "legislature": "[[Supreme People's Assembly]]",
  "sovereignty_type": "Formation",
  "established_event1": "[[Gojoseon|First Kingdom]]",
  "established_date1": "c. 7th century BC",
  "established_event2": "[[Three Kingdoms of Korea|Three Kingdoms]]",
  "established_date2": "18 BC",
  "established_event3": "[[North-South States Period|North-South Kingdoms]]",
  "established_date3": "698",
  "established_event4": "[[Goryeo dynasty]]",
  "established_date4": "918",
  "established_event5": "[[Joseon dynasty]]",
  "established_date5": "1392",
  "established_event6": "[[Korean empire]]",
  "established_date6": "12 October 1897",
  "established_event7": "[[Japan-Korea Treaty of 1910|Japan-Korea Treaty]]",
  "established_date7": "29 August 1910",
  "established_event8": "[[Korean Declaration of Independence|Declaration of Independence]]",
  "established_date8": "1 March 1919",
  "established_event9": "[[Provisional Government of the Republic of Korea|Provisional Government]]",
  "established_date9": "11 April 1919",
  "established_event10": "[[Victory over Japan Day|Liberation]]/Independence from [[Empire of Japan|Japan]]",
  "established_date10": "15 August 1945",
  "established_event11": "[[Provisional People's Committee for North Korea|Soviet administration]] of Korea north of the [[38th Parallel north|38th parallel]]",
  "established_date11": "8 February 1946",
  "established_event12": "Foundation of DPRK",
  "established_date12": "9 September 1948",
  "established_event13": "Chinese withdrawal",
  "established_date13": "October 1958",
  "established_event14": "[[Constitution of North Korea|Current constitution]]",
  "established_date14": "27 December 1972",
  "established_event15": "Admitted to the [[United Nations]]",
  "established_date15": "17 September 1991",
  "area_km2": "120,540",
  "area_sq_mi": "46,540",
  "area_rank": "97th",
  "percent_water": "0.11",
  "population_estimate_year": "{{UN_Population|Year}}",
  "population_estimate": "{{UN_Population|Dem. People's Republic of Korea}} {{UN_Population|ref}}",
  "population_estimate_rank": "52nd",
  "population_census_year": "2008",
  "population_census": "24,052,231",
  "population_density_km2": "212",
  "population_density_rank": "65th",
  "GDP_PPP": "$40 billion",
  "GDP_PPP_year": "2014",
  "GDP_PPP_per_capita": "$1,800",
  "GDP_nominal": "$25 billion",
  "GDP_nominal_year": "2015",
  "GDP_nominal_per_capita": "$1,000",
  "currency": "[[North Korean won|Korean People's won]] (\u20a9)",
  "currency_code": "KPW",
  "time_zone": "[[Pyongyang Time]]",
  "utc_offset": "+9",
  "date_format": "{{unbulleted list |yy, |lang|ko|yyyy\ub144 mm\uc6d4 dd\uc77c| |yy, yyyy/mm/dd |resize|75%|([[Juche calendar|AD\u20131911]]|\\|[[Anno Domini|AD]])}} {{lang|ko|yyyy\ub144 mm\uc6d4 dd\uc77c}} {{resize|75%|([[Juche calendar|AD\u20131911]]|\\|[[Anno Domini|AD]])}} {{\\}} [[Anno Domini|AD]])",
  "drives_on": "right",
  "calling_code": "[[Telephone numbers in North Korea|+850]]",
  "cctld": "[[.kp]]"
}