{
  "conventional_long_name": "Islamic Republic of Pakistan",
  "common_name": "Pakistan",
  "image_flag": "Flag of Pakistan.svg",
  "image_coat": "Coat of arms of Pakistan.svg",
  "symbol_type": "State emblem",
  "national_motto": "{{Transl|ur|''[[\u012am\u0101n, Ittih\u0101d, Nazam]]''}} <br /> {{native name|ur|Nastaliq|\u0627\u06cc\u0645\u0627\u0646\u060c \u0627\u062a\u062d\u0627\u062f\u060c \u0646\u0638\u0645|italics|=|off|nolink|=|on}} <br /> {{Nastaliq|\u0627\u06cc\u0645\u0627\u0646\u060c \u0627\u062a\u062d\u0627\u062f\u060c \u0646\u0638\u0645}} {{small|\"Faith, Unity, Discipline\"}} &nbsp; {{lower|0.2em|ref| name=\"The State Emblem\"|{{cite web |title=The State Emblem |url=http://www.infopak.gov.pk/Eemblem.aspx |archiveurl=https://web.archive.org/web/20070701023430/http://www.infopak.gov.pk/Eemblem.aspx |archivedate=1 July 2007 |publisher=Ministry of Information and Broadcasting, [[Government of Pakistan]]. |access-date=18 December 2013}}|</ref>|<!--end lower:-->}}",
  "national_anthem": "{{transl|ur|ALA-LC|''[[Qaumi Taranah|Qaum\u012b Tar\u0101nah]]''}} <br /> {{lang|ur|Nastaliq|\u0642\u064e\u0648\u0645\u06cc \u062a\u0631\u0627\u0646\u06c1}} <br /><center> {{Nastaliq|\u0642\u064e\u0648\u0645\u06cc \u062a\u0631\u0627\u0646\u06c1}} {{small|\"The National Anthem\"}} <br />[[File:National anthem of Pakistan.OGG]]</center>",
  "image_map": "Pakistan (orthographic projection).svg",
  "map_width": "220px",
  "map_caption": "Land controlled by Pakistan shown in dark green; land claimed but not controlled shown in light green",
  "capital": "[[Islamabad]]",
  "coordinates": "{{Coord|33|41|30|N|73|03|00|E|type:city_region:PK}}",
  "largest_city": "[[Karachi]]<br /> {{small|coord|24|51|36|N|67|00|36|E|display|=|inline}} {{coord|24|51|36|N|67|00|36|E|display|=|inline}}",
  "official_languages": "{{hlist |[[English language|English]]|[[Urdu]]|ref|{{cite news |title=SC orders immediate implementation of Urdu as official language |url=http://tribune.com.pk/story/952913/sc-orders-implementation-of-urdu-as-official-language/ |newspaper=[[The Express Tribune]] |date=7 September 2015|access-date=8 September 2015}}|</ref>|ref|{{cite news |title=Pakistan to replace English with Urdu as official language |url=http://tribune.com.pk/story/928480/pakistan-to-replace-english-with-urdu-as-official-language/ |newspaper=[[The Express Tribune]] |date=29 July 2015|access-date=8 September 2015}}|</ref>|ref|{{cite web |url=http://dunyanews.tv/index.php/en/Pakistan/288574-PM-approves-implementation-of-Urdu-language-in-gov |title=PM approves implementation of Urdu language in govt departments \u2013 Pakistan \u2013 Dunya News |website=dunyanews.tv}}|</ref>|ref|{{cite web |url=http://www.dawn.com/news/1193624 |title=PM, president to deliver speeches in Urdu on foreign trips, SC told |author=Irfan Haider |website=dawn.com|date=10 July 2015 }}|</ref>|ref|{{cite web |url=http://www.thenewsteller.com/pakistan/govt-submits-plan-to-supreme-court-to-promote-urdu-as-official-language/19569/ |title=Govt. submits plan to Supreme Court to promote Urdu as official language |website=The News Teller}}|</ref>}}",
  "regional_languages": "{{collapsible list\n |titlestyle |=| background:transparent;text-align:left;font-weight:normal;font-size:100%;\n |title |=| [[Languages of Pakistan|Provincial level]]\n |[[Punjabi language|Punjabi]]|dot| [[Pashto language|Pashto]]|dot|[[Sindhi language|Sindhi]]|dot| [[Balochi language|Balochi]]|dot|[[Saraiki language|Saraiki]]|dot|[[Kashmiri language|Kashmiri]]|dot|[[Brahui language|Brahui]]|dot|[[Hindko language|Hindko]]|dot|[[Shina language|Shina]]|dot|[[Balti language|Balti]]|dot|[[Khowar language|Khowar]]|dot|[[Burushaski]]|dot|[[Kohistani language|Kohistani]]|dot|[[Wakhi language|Wakhi]]|dot|[[Yidgha language|Yidgha]]|dot|[[Dameli language|Dameli]]|dot|[[Kalasha-mun|Kalasha]]|dot|[[Gawar-Bati language|Gawar-Bati]]|dot|[[Domaaki language|Domaaki]]|ref|{{cite web |title=Population by Mother Tongue |url=https://www.census.gov.pk/MotherTongue.htm |publisher=Population Census Organization, Government of Pakistan |access-date=28 December 2011 |deadurl=yes |archiveurl=https://web.archive.org/web/20110912021653/http://www.census.gov.pk/MotherTongue.htm |archivedate=12 September 2011}}|</ref>|ref| name=\"state.gov\" |}} {{dot}} [[Pashto language|Pashto]] {{dot}} [[Sindhi language|Sindhi]] {{dot}} [[Balochi language|Balochi]] {{dot}} [[Saraiki language|Saraiki]] {{dot}} [[Kashmiri language|Kashmiri]] {{dot}} [[Brahui language|Brahui]] {{dot}} [[Hindko language|Hindko]] {{dot}} [[Shina language|Shina]] {{dot}} [[Balti language|Balti]] {{dot}} [[Khowar language|Khowar]] {{dot}} [[Burushaski]] {{dot}} [[Kohistani language|Kohistani]] {{dot}} [[Wakhi language|Wakhi]] {{dot}} [[Yidgha language|Yidgha]] {{dot}} [[Dameli language|Dameli]] {{dot}} [[Kalasha-mun|Kalasha]] {{dot}} [[Gawar-Bati language|Gawar-Bati]] {{dot}} [[Domaaki language|Domaaki]]",
  "languages_type": "[[National language]]s",
  "languages": "[[Urdu]]",
  "languages2_type": "Auxiliary languages",
  "languages2": "[[Arabic]]",
  "ethnic_groups": "{{ublist |item_style|=|white-space:nowrap;\n      | 44.7% [[Punjabis]]\n      | 15.4% [[Pashtuns]]\n      | 14.1% [[Sindhis]]\n      | 8.4% [[Saraiki people|Saraikis]]\n      | 7.6% [[Muhajir people|Muhajirs]]\n      | 3.6% [[Baloch people|Balochs]]\n      | 6.3% [[Ethnic groups in Pakistan|others]]|ref| name=\"cia\"|[https://www.cia.gov/library/publications/the-world-factbook/fields/2075.html#pk \"Pakistan\"] The World Factbook \u2014 Central Intelligence Agency.|</ref>|}}",
  "religion": "{{ublist |item_style|=|white-space:nowrap;\n      | 96.0% [[Islam]] |small|(Official)|ref| name=\"Article_2\" |\n      | 1.85% [[Hinduism in Pakistan|Hinduism]]\n      | 1.5% [[Christianity in Pakistan|Christianity]]|ref| name=\"LoC\"|{{cite web |url=http://lcweb2.loc.gov/frd/cs/profiles/Pakistan.pdf |title=Country Profile: Pakistan |date=February 2005 |website=[[Library of Congress Country Studies]] on Pakistan |quote=''Religion: Approximately 1.6 percent of the population is Hindu, 1.6 percent is Christian, and 0.3 percent belongs to other religions, such as Bahaism and Sikhism.''}}|</ref>|\n      | 0.6% [[Religion in Pakistan|others]]}} {{small|(Official)}}",
  "demonym": "[[Pakistani]]",
  "government_type": "[[Federal parliamentary republic|Federal parliamentary constitutional republic]]",
  "leader_title1": "[[President of Pakistan|President]]",
  "leader_name1": "[[Arif Alvi]]",
  "leader_title2": "[[Prime Minister of Pakistan|Prime Minister]]",
  "leader_name2": "[[Imran Khan]]",
  "leader_title3": "[[Chairman of the Senate of Pakistan|Chairman of the Senate]]",
  "leader_name3": "[[Sadiq Sanjrani]]",
  "leader_title4": "[[Speaker of the National Assembly of Pakistan|Speaker of the National Assembly]]",
  "leader_name4": "[[Asad Qaiser]]",
  "leader_title5": "[[Chief Justice of Pakistan|Chief Justice]]",
  "leader_name5": "[[Asif Saeed Khan Khosa]]",
  "legislature": "[[Parliament of Pakistan|Parliament]]",
  "upper_house": "[[Senate of Pakistan|Senate]]",
  "lower_house": "[[National Assembly of Pakistan|National Assembly]]",
  "sovereignty_type": "[[Pakistan Movement|Independence]]",
  "sovereignty_note": "from the [[United Kingdom]]",
  "established_event1": "[[Dominion of Pakistan|Dominion]]",
  "established_date1": "14 August 1947",
  "established_event2": "[[Islamic Republic]]",
  "established_date2": "23 March 1956",
  "established_event3": "[[Constitution of Pakistan|Current constitution]]",
  "established_date3": "14 August 1973",
  "area_km2": "881,913",
  "area_footnote": "{{efn|\"Includes data for Pakistani territories of Kashmir; [[Azad Kashmir]] (|convert|13297|km2|sqmi|disp|=|or|abbr|=|on|) and [[Gilgit\u2013Baltistan]] (|convert|72520|km2|sqmi|disp|=|or|abbr|=|on|).|ref|{{cite web |url=http://www.geohive.com/cntry/pakistan.aspx |title=Pakistan statistics |publisher=Geohive |access-date=20 April 2013 |deadurl=yes |archiveurl=https://web.archive.org/web/20130406012611/http://www.geohive.com/cntry/pakistan.aspx |archivedate=6 April 2013}}|</ref>| Excluding these territories would produce an area figure of |convert|796,095|km2|sqmi|abbr|=|on|.\"}} {{convert|13297|km2|sqmi|disp|=|or|abbr|=|on}} ) and [[Gilgit\u2013Baltistan]] ( {{convert|72520|km2|sqmi|disp|=|or|abbr|=|on}} ). Excluding these territories would produce an area figure of {{convert|796,095|km2|sqmi|abbr|=|on}} .\"",
  "area_rank": "33rd",
  "area_sq_mi": "307,374",
  "percent_water": "2.86",
  "population_density_km2": "244.4",
  "population_density_sq_mi": "633",
  "population_density_rank": "56th",
  "population_census": "{{increase}} 212,742,631 ([[List of countries and dependencies by population|5th]])",
  "population_census_year": "2017",
  "GDP_PPP": "{{increase}} {{nowrap|$1.195 trillion|ref| name=\"imf2\"|{{cite web |url=https://www.imf.org/external/pubs/ft/weo/2019/01/weodata/weorept.aspx?pr.x=37&pr.y=12&sy=2016&ey=2021&scsm=1&ssd=1&sort=country&ds=.&br=1&c=564&s=NGDPD%2CPPPGDP%2CNGDPDPC%2CPPPPC&grp=0&a= |title=World Economic Outlook Database, April 2019 |website=IMF.org |publisher=[[International Monetary Fund]] |access-date=25 April 2019}}|</ref>}}",
  "GDP_PPP_year": "2019",
  "GDP_PPP_rank": "24th",
  "GDP_PPP_per_capita": "{{increase}} $5,839",
  "GDP_PPP_per_capita_rank": "133rd",
  "GDP_nominal": "{{decrease}} {{nowrap|$278.019 billion|ref| name=\"imf2\"}}",
  "GDP_nominal_year": "2019",
  "GDP_nominal_rank": "40th",
  "GDP_nominal_per_capita": "{{decrease}} $1,357",
  "GDP_nominal_per_capita_rank": "148th",
  "Gini": "33.5",
  "Gini_year": "2015",
  "HDI": "0.562",
  "HDI_year": "2017",
  "HDI_change": "increase",
  "HDI_rank": "150th",
  "currency": "[[Pakistani rupee]] (\u20a8)",
  "currency_code": "PKR",
  "time_zone": "[[Pakistan Standard Time|PST]]",
  "utc_offset": "+5 {{sup|b}}",
  "drives_on": "[[Right- and left-hand traffic|left]]",
  "calling_code": "[[Telephone numbers in Pakistan|+92]]",
  "cctld": "[[.pk]]",
  "official_website": "{{URL|http://www.pakistan.gov.pk/}}",
  "footnote_a": "See also [[Pakistani English]].: {{note|Alpha|\u03b1}}",
  "footnote_b": "{{note|reference_name_b}} The Arabic language is officially recognised by the constitution of Pakistan."
}