{
  "conventional_long_name": "State of Qatar",
  "common_name": "Qatar",
  "native_name": "{{native name|ar|\u062f\u0648\u0644\u0629 \u0642\u0637\u0631|italics|=|off}} <br><small>'' {{transl|ar|Dawlat Qatar}} ''</small>",
  "image_flag": "Flag of Qatar.svg",
  "image_coat": "Emblem of Qatar.svg",
  "symbol_type": "Emblem",
  "national_anthem": "{{lang|ar|\u0627\u0644\u0633\u0644\u0627\u0645 \u0627\u0644\u0623\u0645\u064a\u0631\u064a}} <br />''[[As-Salam al-Amiri]]'' {{nbsp|2}} {{small|([[transliteration]])<br />''Amiri Salute''}} <br />[[File:National anthem of Qatar.ogg|center]]",
  "image_map": "QAT orthographic.svg",
  "map_caption": "Location and extent of Qatar (dark green) on the [[Arabian Peninsula]].",
  "image_map2": "Qatar - Location Map (2013) - QAT - UNOCHA.svg",
  "capital": "[[Doha]]",
  "coordinates": "{{Coord|25|18|N|51|31|E|type:city}}",
  "largest_city": "capital",
  "ethnic_groups": "11.6% [[Demographics of Qatar|Qatari]] <br /> 88.4% non-Qatari",
  "ethnic_groups_year": "2015",
  "official_languages": "[[Arabic]]",
  "common_languages": "[[English Language|English]]",
  "demonym": "[[Demographics of Qatar|Qatari]]",
  "government_type": "[[Hereditary monarchy]]",
  "leader_title1": "[[List of emirs of Qatar|Emir]]",
  "leader_name1": "[[Tamim bin Hamad Al Thani|Tamim bin Hamad]]",
  "leader_title2": "[[List of prime ministers of Qatar|Prime Minister]]",
  "leader_name2": "[[Abdullah bin Nasser bin Khalifa Al Thani|Abdullah bin Nasser]]",
  "legislature": "[[Consultative Assembly of Qatar|Consultative Assembly]]",
  "established_event1": "[[Qatar National Day]]",
  "established_date1": "18 December 1878",
  "established_event2": "Declared independence",
  "established_date2": "<br />1 September 1971",
  "established_event3": "Independence from the [[United Kingdom]]",
  "established_date3": "<br />3 September 1971",
  "area_km2": "11,581",
  "area_rank": "158th",
  "area_sq_mi": "4,467.6",
  "percent_water": "0.8",
  "population_estimate": "2,641,669",
  "population_census": "1,699,435",
  "population_estimate_year": "2017",
  "population_estimate_rank": "140th",
  "population_census_year": "2010",
  "population_census_rank": "148th",
  "population_density_km2": "176",
  "population_density_sq_mi": "455",
  "population_density_rank": "76th",
  "GDP_PPP": "$357.338 billion",
  "GDP_PPP_year": "2018",
  "GDP_PPP_rank": "51st",
  "GDP_PPP_per_capita": "$128,702",
  "GDP_PPP_per_capita_rank": "1st",
  "GDP_nominal": "$183.807 billion",
  "GDP_nominal_year": "2018",
  "GDP_nominal_rank": "56th",
  "GDP_nominal_per_capita": "$66,202",
  "GDP_nominal_per_capita_rank": "6th",
  "Gini": "41.1",
  "Gini_year": "2007",
  "HDI": "0.856",
  "HDI_year": "2018",
  "HDI_change": "increase",
  "HDI_rank": "37th",
  "currency": "[[Qatari riyal|Riyal]]",
  "currency_code": "QAR",
  "time_zone": "[[Arabia Standard Time|AST]]",
  "utc_offset": "+3",
  "drives_on": "right",
  "calling_code": "+974",
  "cctld": "{{unbulleted list |[[.qa]] |[[\u0642\u0637\u0631.]]}}",
  "religion": "[[Islam]]"
}