{
  "common_name": "Singapore",
  "name": "{{collapsible list\n | titlestyle |=| background:transparent;text-align:center;line-height:normal;font-size:84%;\n | title |=| |resize|1.25em|Republic of Singapore|\n | |Infobox |subbox|=|yes |bodystyle|=|padding-top:0.5em;font-size:76%;font-weight:normal;\n  | rowclass1 |=| mergedrow |label1|=|[[Malay language|Malay]]: |data1|=|lang|ms|Republik Singapura|\n  | rowclass2 |=| mergedrow |label2|=|[[Standard Chinese|Chinese]]:|data2|=|lang|zh|\u65b0\u52a0\u5761\u5171\u548c\u56fd|\n  | rowclass3 |=| mergedrow |label3|=|[[Tamil language|Tamil]]: |data3|=|lang|ta|\u0b9a\u0bbf\u0b99\u0bcd\u0b95\u0baa\u0bcd\u0baa\u0bc2\u0bb0\u0bcd \u0b95\u0bc1\u0b9f\u0bbf\u0baf\u0bb0\u0b9a\u0bc1|\n  |}} {{resize|1.25em|Republic of Singapore}} {{Infobox |subbox|=|yes |bodystyle|=|padding-top:0.5em;font-size:76%;font-weight:normal;\n  | rowclass1 |=| mergedrow |label1|=|[[Malay language|Malay]]: |data1|=|lang|ms|Republik Singapura|\n  | rowclass2 |=| mergedrow |label2|=|[[Standard Chinese|Chinese]]:|data2|=|lang|zh|\u65b0\u52a0\u5761\u5171\u548c\u56fd|\n  | rowclass3 |=| mergedrow |label3|=|[[Tamil language|Tamil]]: |data3|=|lang|ta|\u0b9a\u0bbf\u0b99\u0bcd\u0b95\u0baa\u0bcd\u0baa\u0bc2\u0bb0\u0bcd \u0b95\u0bc1\u0b9f\u0bbf\u0baf\u0bb0\u0b9a\u0bc1|}} {{lang|ms|Republik Singapura}} {{lang|zh|\u65b0\u52a0\u5761\u5171\u548c\u56fd}} {{lang|ta|\u0b9a\u0bbf\u0b99\u0bcd\u0b95\u0baa\u0bcd\u0baa\u0bc2\u0bb0\u0bcd \u0b95\u0bc1\u0b9f\u0bbf\u0baf\u0bb0\u0b9a\u0bc1}}",
  "image_flag": "Flag of Singapore.svg",
  "image_coat": "Coat of arms of Singapore (blazon).svg",
  "national_motto": "{{native phrase|ms|Majulah Singapura|italics|=|on|nolink|=|on}} <br /> {{small|(English: \"Onward, Singapore\")}}",
  "national_anthem": "''[[Majulah Singapura]]''<br /> {{small|(English: \"Onward, Singapore\")}} <br /><div style=\"padding-top:0.5em;\">[[File:Majulah Singapura.ogg|center]]</div>",
  "image_map": "File:Singapore on the globe (Southeast Asia centered).svg",
  "image_map2": "Singapore - Location Map (2013) - SGP - UNOCHA.svg",
  "capital": "Singapore ([[city-state]])",
  "coordinates": "{{Coord|1|17|N|103|50|E|type:city}}",
  "largest_settlement": "[[Bedok]] <br /> {{small|coord|1|19|25|N|103|55|38|E|display|=|inline}} {{coord|1|19|25|N|103|55|38|E|display|=|inline}}",
  "largest_settlement_type": "[[Planning Areas of Singapore|PA]]",
  "national_languages": "[[Malay language|Malay]]",
  "official_languages": "{{hlist|[[English language|English]]|[[Malay language|Malay]] |[[Standard Chinese|Chinese]] |[[Tamil language|Tamil]]}}",
  "languages_type": "[[Official script]]s",
  "languages": "{{hlist |[[Latin script]] (English and Malay) |[[Simplified Chinese characters|Simplified Chinese]] |[[Tamil script|Tamil]]}}",
  "ethnic_groups": "{{ublist|list_style|=|line-height:1.3em; |class|=|nowrap | 74.3% [[Chinese Singaporeans|Chinese]] |13.3% [[Malay Singaporeans|Malay]] |9.1% [[Indian Singaporeans|Indian]] |3.3% other}}",
  "ethnic_groups_year": "2015",
  "religion": "{{ublist|list_style|=|line-height:1.3em; |class|=|nowrap | 33.2% [[Buddhism in Singapore|Buddhism]] |18.8% [[Christianity in Singapore|Christianity]] |18.5% Irreligious |14.0% [[Islam in Singapore|Islam]] |10.0% [[Taoism]] and<br />[[Chinese folk religion|folk religion]] |5.0% [[Hinduism in Singapore|Hinduism]] |0.6% [[Religion in Singapore|other]]}}",
  "demonym": "[[Singaporean]]",
  "government_type": "[[Unitary state|Unitary]] [[Dominant-party system|dominant-party]] [[Parliamentary system|parliamentary]] [[constitutional republic]]",
  "leader_title1": "[[President of Singapore|President]]",
  "leader_name1": "[[Halimah Yacob]]",
  "leader_title2": "[[Prime Minister of Singapore|Prime Minister]]",
  "leader_name2": "[[Lee Hsien Loong]]",
  "leader_title3": "[[Speaker of the Parliament of Singapore|Parliament Speaker]]",
  "leader_name3": "[[Tan Chuan-Jin]]",
  "leader_title4": "[[Chief Justice of Singapore|Chief Justice]]",
  "leader_name4": "[[Sundaresh Menon]]",
  "legislature": "[[Parliament of Singapore|Parliament]]",
  "sovereignty_type": "[[Colony of Singapore|Independence]]",
  "sovereignty_note": "from [[Malaysia]]",
  "established_event1": "{{nowrap|[[Singapore in Malaysia|Accession to Malaysia]]}}",
  "established_date1": "16 September 1963",
  "established_event2": "[[Proclamation of Singapore]]",
  "established_date2": "9 August 1965",
  "established_event3": "[[ASEAN Declaration]]",
  "established_date3": "8 August 1967",
  "area_km2": "722.5",
  "area_rank": "176th",
  "population_estimate": "5,638,700 {{refn|Of which 3,471,900 are citizens.|ref| name=\"Population and Population Structure\"|group|=|Note}}",
  "population_estimate_year": "2018",
  "population_estimate_rank": "113th",
  "population_density_km2": "7,804",
  "population_density_sq_mi": "20,212",
  "population_density_rank": "2nd",
  "GDP_PPP": "$589.187&nbsp;billion",
  "GDP_PPP_year": "2019",
  "GDP_PPP_rank": "36th",
  "GDP_PPP_per_capita": "$103,717",
  "GDP_PPP_per_capita_rank": "2nd",
  "GDP_nominal": "$372.807&nbsp;billion",
  "GDP_nominal_year": "2019",
  "GDP_nominal_rank": "31st",
  "GDP_nominal_per_capita": "$65,627",
  "GDP_nominal_per_capita_rank": "7th",
  "Gini": "45.9",
  "Gini_year": "2017",
  "Gini_change": "steady",
  "HDI": "0.932",
  "HDI_year": "2017",
  "HDI_change": "increase",
  "HDI_rank": "9th",
  "currency": "[[Singapore dollar]] (S$)",
  "currency_code": "SGD",
  "time_zone": "[[Singapore Standard Time]]",
  "utc_offset": "+8",
  "date_format": "{{nowrap|dd-mm-yyyy}}",
  "drives_on": "[[Right- and left-hand traffic|left]]",
  "calling_code": "[[+65]]",
  "iso3166code": "SG",
  "cctld": "{{hlist|[[.sg]]|[[.\u65b0\u52a0\u5761]]|[[.\u0b9a\u0bbf\u0b99\u0bcd\u0b95\u0baa\u0bcd\u0baa\u0bc2\u0bb0\u0bcd]]}}"
}