{
  "conventional_long_name": "Republic of Korea",
  "common_name": "South Korea",
  "native_name": "{{ubl|lang|ko|\ub300\ud55c\ubbfc\uad6d<br />\u5927\u97d3\u6c11\u570b|''Daehan Minguk''}} {{lang|ko|\ub300\ud55c\ubbfc\uad6d<br />\u5927\u97d3\u6c11\u570b}}",
  "image_flag": "Flag of South Korea.svg",
  "alt_flag": "Centered taegeuk on a white rectangle inclusive of four black trigrams",
  "image_coat": "Emblem of South Korea.svg",
  "alt_coat": "Centered taegeuk on a hibiscus syriacus surrounded by five stylized petals and a ribbon",
  "symbol_type": "Emblem",
  "national_motto": "<br /> {{lang|ko|[[Hongik Ingan|\"\ud64d\uc775\uc778\uac04\" (\"\u5f18\u76ca\u4eba\u9593\")]]|italics|=|off}} <br /> {{small|\"Benefit broadly in the human world /<br />Devotion to the Welfare of Humanity\"}}",
  "anthem": "<br /> {{lang|ko|\"\uc560\uad6d\uac00\" (\"\u611b\u570b\u6b4c\")|italics|=|off}} <br />\"[[Aegukga]]\" <br /> {{small|\"Patriotic Song\"}} {{lower|0.2em|[[File:National anthem of South Korea, performed by the United States Navy Band.wav|center]]}}",
  "image_map": "Republic of Korea (orthographic projection).svg",
  "map_width": "220px",
  "map_caption": "Land controlled by South Korea shown in dark green; claimed but uncontrolled land shown in light green",
  "capital": "[[Seoul]]",
  "coordinates": "{{Coord|37|33|N|126|58|E|type:city}}",
  "largest_city": "Seoul",
  "official_languages": "[[Korean language|Korean]]<br />[[Korean Sign Language]]",
  "languages_type": "[[Official script]]",
  "languages": "[[Hangul|Korean]]",
  "ethnic_groups": "Predominantly [[Koreans|Korean]]. No official statistics {{Efn|No official data regarding ethnicity is collected by the South Korean government. At the end of 2015, approximately 4% of the population are foreigners.|ref|et. al. [http://www.index.go.kr/potal/main/EachDtlPageDetail.do?idx_cd=2756 \uc9c0\ud45c\uc0c1\uc138] {{webarchive|url=https://web.archive.org/web/20150906170554/http://www.index.go.kr/potal/main/EachDtlPageDetail.do?idx_cd=2756 |date=September 6, 2015 }}. Index.go.kr (July 19, 2016). Retrieved October 5, 2016.|</ref>}}",
  "religion": "{{ublist |item_style|=|white-space:nowrap; |1|=|56.9% [[Irreligion|Unaffiliated]] |2|=|  27.6% [[Christianity]]|ref| name=\"2015 Census\" |\n|3|=|\u201419.7% [[Protestantism|Protestant]]<br />\u20147.9% [[Catholic Church|Catholic]]|ref|{{cite web |title=Religious statistics of the National Statistical Office Christendom |url=http://image.kmib.co.kr/online_image/2016/1219/201612191738_61220011145071_1.jpg |website=image.kmib.co.kr}}|</ref>| |4|=|15.5% [[Korean Buddhism]]|ref| name=\"2015 Census\" |}}",
  "demonym": "{{hlist|[[Demographics of South Korea|South Korean]]|[[Koreans|Korean]]}}",
  "government_type": "{{nowrap|[[Unitary state|Unitary]] [[Presidential system|presidential]]<br />[[constitution]]al [[republic]]}}",
  "leader_title1": "[[President of South Korea|President]]",
  "leader_name1": "[[Moon Jae-in]]",
  "leader_title2": "[[Prime Minister of South Korea|Prime Minister]]",
  "leader_name2": "[[Lee Nak-yeon]]",
  "leader_title3": "[[Speaker of the National Assembly of South Korea|Speaker of the National Assembly]]",
  "leader_name3": "[[Moon Hee-sang]]",
  "leader_title4": "[[Chief Justice of the Republic of Korea|Chief Justice]]",
  "leader_name4": "[[Kim Myeong-soo]]",
  "leader_title5": "[[Constitutional Court of Korea|President of the Constitutional Court]]",
  "leader_name5": "[[Yoo Nam-seok]]",
  "legislature": "[[National Assembly (South Korea)|National Assembly]]",
  "sovereignty_type": "Establishment history",
  "established_event1": "[[Gojoseon|First<br />Kingdom]]",
  "established_date1": "October 3, 2333 BC {{Efn|Traditionally; contemporary records from 7th Century BC.}}",
  "established_event2": "[[Wiman Joseon|Wiman<br />Joseon]]",
  "established_date2": "194 BC",
  "established_event3": "[[Three Kingdoms of Korea|Three<br />Kingdoms]]",
  "established_date3": "18 BC",
  "established_event4": "[[North-South States Period|North-South Kingdoms]]",
  "established_date4": "698",
  "established_event5": "[[Goryeo dynasty|Unification by Goryeo dynasty]]",
  "established_date5": "936",
  "established_event6": "[[Joseon dynasty|Joseon<br />dynasty]]",
  "established_date6": "July 17, 1392",
  "established_event7": "[[Korean Empire|Korean<br />Empire]]",
  "established_date7": "October 12, 1897",
  "established_event8": "[[Japan-Korea Treaty of 1910|Japan-Korea Treaty]]",
  "established_date8": "August 29, 1910",
  "established_event9": "[[Korean Declaration of Independence|March 1st Movement]]",
  "established_date9": "March 1, 1919",
  "established_event10": "[[Provisional Government of the Republic of Korea|Provisional Government]]",
  "established_date10": "September 11, 1919",
  "established_event11": "[[Gwangbokjeol|Liberation]] from [[Empire of Japan|Japan]]",
  "established_date11": "August 15, 1945",
  "established_event12": "[[United States Army Military Government in Korea|U.S. administration]] of Korea south of the [[38th parallel north|38th parallel]]",
  "established_date12": "September 8, 1945",
  "established_event13": "[[First Republic of South Korea|First<br />Republic]]",
  "established_date13": "August 15, 1948",
  "established_event14": "[[History of South Korea#Sixth Republic 1987-present|Current<br />constitution]]",
  "established_date14": "February 25, 1988",
  "established_event15": "Admitted to the [[United Nations]]",
  "established_date15": "September 17, 1991",
  "area_km2": "100,363",
  "area_rank": "107th",
  "area_sq_mi": "38,750",
  "percent_water": "0.3 (301&nbsp;km {{smallsup|2}} {{\\}} 116&nbsp;mi {{smallsup|2}} )",
  "population_estimate": "{{increase}} 51,446,201",
  "population_estimate_year": "2017",
  "population_estimate_rank": "27th",
  "population_density_km2": "507",
  "population_density_rank": "23rd",
  "GDP_PPP": "$2.241 trillion",
  "GDP_PPP_year": "2019",
  "GDP_PPP_rank": "14th",
  "GDP_PPP_per_capita": "$43,212",
  "GDP_PPP_per_capita_rank": "29th",
  "GDP_nominal": "$1.699 trillion",
  "GDP_nominal_year": "2019",
  "GDP_nominal_rank": "11th",
  "GDP_nominal_per_capita": "$32,766",
  "GDP_nominal_per_capita_rank": "28th",
  "Gini": "35.7",
  "Gini_year": "2016",
  "Gini_change": "decrease",
  "Gini_rank": "93rd",
  "HDI": "0.903",
  "HDI_year": "2017",
  "HDI_change": "increase",
  "HDI_rank": "22nd",
  "currency": "[[South Korean won|Korean Republic won]] (\u20a9)",
  "currency_code": "KRW",
  "time_zone": "[[Korea Standard Time]]",
  "utc_offset": "+9",
  "date_format": "{{unbulleted list|yyyy\ub144 m\uc6d4 d\uc77c|yyyy. m. d. ([[Common Era|CE]])}}",
  "drives_on": "right",
  "calling_code": "[[Telephone numbers in South Korea|+82]]",
  "cctld": "{{hlist|[[.kr]]|[[.\ud55c\uad6d]]}}"
}