{
  "conventional_long_name": "{{lang|en|Democratic Socialist Republic of |nowrap|Sri Lanka}} {{nowrap|Sri Lanka}}",
  "common_name": "Sri Lanka",
  "native_name": "{{ubl|native name|si|\u0dc1\u0dca\u200d\u0dbb\u0dd3 \u0dbd\u0d82\u0d9a\u0dcf \u0db4\u0dca\u200d\u0dbb\u0da2\u0dcf\u0dad\u0dcf\u0db1\u0dca\u0dad\u0dca\u200d\u0dbb\u0dd2\u0d9a \u0dc3\u0db8\u0dcf\u0da2\u0dc0\u0dcf\u0daf\u0dd3 \u0da2\u0db1\u0dbb\u0da2\u0dba|italics|=|off|\n            |''Sr\u012b Lank\u0101 praj\u0101t\u0101ntrika sam\u0101jav\u0101d\u012b janarajaya''\n            |native name|ta|\u0b87\u0bb2\u0b99\u0bcd\u0b95\u0bc8 \u0b9c\u0ba9\u0ba8\u0bbe\u0baf\u0b95 \u0b9a\u0bcb\u0b9a\u0bb2\u0bbf\u0b9a \u0b95\u0bc1\u0b9f\u0bbf\u0baf\u0bb0\u0b9a\u0bc1|italics|=|off|\n            |''Ila\u1e45kai ja\u1e49an\u0101yaka s\u014dsalisa ku\u1e6diyarasu''}} {{native name|si|\u0dc1\u0dca\u200d\u0dbb\u0dd3 \u0dbd\u0d82\u0d9a\u0dcf \u0db4\u0dca\u200d\u0dbb\u0da2\u0dcf\u0dad\u0dcf\u0db1\u0dca\u0dad\u0dca\u200d\u0dbb\u0dd2\u0d9a \u0dc3\u0db8\u0dcf\u0da2\u0dc0\u0dcf\u0daf\u0dd3 \u0da2\u0db1\u0dbb\u0da2\u0dba|italics|=|off}} {{native name|ta|\u0b87\u0bb2\u0b99\u0bcd\u0b95\u0bc8 \u0b9c\u0ba9\u0ba8\u0bbe\u0baf\u0b95 \u0b9a\u0bcb\u0b9a\u0bb2\u0bbf\u0b9a \u0b95\u0bc1\u0b9f\u0bbf\u0baf\u0bb0\u0b9a\u0bc1|italics|=|off}}",
  "image_flag": "Flag of Sri Lanka.svg",
  "image_coat": "Emblem of Sri Lanka.svg",
  "symbol_width": "50px",
  "symbol_type": "Emblem",
  "national_anthem": "\"[[Sri Lanka Matha]]\"<br />( {{Lang-en|\"Mother Sri Lanka\"}} )<br />[[File:Sri Lankan national anthem, performed by the United States Navy Band.oga|center]]",
  "image_map": "Sri Lanka (orthographic projection).svg",
  "image_map2": "Sri Lanka - Location Map (2011) - LKA - UNOCHA.svg",
  "capital": "[[Sri Jayawardenepura Kotte]]",
  "coordinates": "{{Coord|6|56|N|79|52|E|type:city}}",
  "largest_city": "[[Colombo]]",
  "official_languages": "[[Sinhala language|Sinhala]]<br/>[[Tamil language|Tamil]]",
  "languages_sub": "yes",
  "languages2_type": "Recognised languages",
  "languages2": "[[Sri Lankan English|English]]",
  "ethnic_groups": "74.9% [[Sinhalese people|Sinhalese]]<br/>11.2% [[Sri Lankan Tamils]]<br/>9.2% [[Sri Lankan Moors]]<br/>4.2% [[Indian Tamils of Sri Lanka|Indian Tamils]]<br/>0.5% Others <small>(incl. [[Burgher people|Burghers]], [[Sri Lankan Malays|Malays]], [[Veddas]], [[Chinese people in Sri Lanka|Chinese]], [[African Sri Lankans|Africans]])</small>",
  "ethnic_groups_year": "2012",
  "religion": "70.2% [[Buddhism in Sri Lanka|Buddhism]]<br/>12.6% [[Hinduism in Sri Lanka|Hinduism]]<br/>9.7% [[Islam in Sri Lanka|Islam]]<br/>7.4% [[Christianity in Sri Lanka|Christianity]]<br/>0.1% Other/None",
  "demonym": "Sri Lankan",
  "government_type": "[[Unitary state|Unitary]] [[Semi-presidential system|semi-presidential]] [[constitutional republic]]",
  "leader_title1": "[[President of Sri Lanka|President]]",
  "leader_name1": "[[Maithripala Sirisena]]",
  "leader_title2": "[[Prime Minister of Sri Lanka|Prime Minister]]",
  "leader_name2": "[[Ranil Wickremesinghe]]",
  "leader_title3": "[[Speaker of the Parliament of Sri Lanka|Speaker of the Parliament]]",
  "leader_name3": "[[Karu Jayasuriya]]",
  "leader_title4": "[[Chief Justice of Sri Lanka|Chief Justice]]",
  "leader_name4": "[[Nalin Perera]]",
  "legislature": "[[Parliament of Sri Lanka|Parliament]]",
  "sovereignty_type": "[[History of Sri Lanka#Independence|Independence]]",
  "sovereignty_note": "from the [[United Kingdom]]",
  "established_event1": "[[Dominion of Ceylon|Dominion]]",
  "established_date1": "4 February 1948",
  "established_event2": "[[Republic]]",
  "established_date2": "22 May 1972",
  "established_event3": "{{nowrap|[[Constitution of Sri Lanka|Current constitution]]}}",
  "established_date3": "7 September 1978",
  "area_km2": "65,610",
  "area_rank": "120th",
  "area_sq_mi": "25,332",
  "percent_water": "4.4",
  "population_estimate": "21,670,000",
  "population_census": "20,277,597",
  "population_estimate_year": "2018",
  "population_estimate_rank": "57th",
  "population_census_year": "2012",
  "population_census_rank": "57th",
  "population_density_km2": "327",
  "population_density_rank": "43rd",
  "GDP_PPP": "$292.793 billion",
  "GDP_PPP_year": "2018",
  "GDP_PPP_rank": "61st",
  "GDP_PPP_per_capita": "$13,500",
  "GDP_PPP_per_capita_rank": "91st",
  "GDP_nominal": "$92.504 billion",
  "GDP_nominal_year": "2018",
  "GDP_nominal_rank": "66th",
  "GDP_nominal_per_capita": "$4,265",
  "GDP_nominal_per_capita_rank": "109th",
  "Gini": "39.8",
  "Gini_year": "2016",
  "HDI": "0.770",
  "HDI_year": "2017",
  "HDI_change": "increase",
  "HDI_rank": "76th",
  "currency": "[[Sri Lankan rupee]]",
  "currency_code": "LKR",
  "time_zone": "[[Sri Lanka Standard Time|SLST]]",
  "utc_offset": "+5:30",
  "date_format": "{{unbulleted list |dd-mm-yyyy |yyyy-mm-dd}}",
  "drives_on": "[[Right- and left-hand traffic|left]]",
  "calling_code": "[[Telephone numbers in Sri Lanka|+94]]",
  "iso3166code": "LK",
  "cctld": "{{hlist|[[.lk]]|[[.\u0dbd\u0d82\u0d9a\u0dcf]]|[[.\u0b87\u0bb2\u0b99\u0bcd\u0b95\u0bc8]]}}",
  "official_website": "{{url|http://www.gov.lk}}"
}