{
  "conventional_long_name": "Republic of China",
  "common_name": "Taiwan",
  "native_name": "{{native name|zh-tw|\u4e2d\u83ef\u6c11\u570b}}",
  "image_flag": "Flag of the Republic of China.svg",
  "alt_flag": "A red flag, with a small blue rectangle in the top left hand corner on which sits a white sun composed of a circle surrounded by 12 rays.",
  "image_coat": "National Emblem of the Republic of China.svg",
  "alt_coat": "A blue circular emblem on which sits a white sun composed of a circle surrounded by 12 rays.",
  "symbol_type": "National Emblem",
  "national_anthem": "\"[[National Anthem of the Republic of China]]\"<br/><div style=\"display:inline-block;margin-top:0.4em;\"> {{center|[[File:National anthem of the Republic of China (Taiwan) \u4e2d\u83ef\u6c11\u570b\u570b\u6b4c(\u6f14\u594f\u7248).ogg]]}} </div>",
  "flag_anthem": "\"[[National Flag Anthem of the Republic of China]]\"<br/><div style=\"display:inline-block;margin-top:0.4em;\"> {{center|[[File:\u4e2d\u83ef\u6c11\u570b\u570b\u65d7\u6b4c (\u6f14\u594f\u7248).ogg]]}} </div>",
  "image_map": "Locator map of the ROC Taiwan.svg",
  "alt_map": "a map of East Asia, with a world map insert, with the island of Taiwan shaded and the other islands circled",
  "map_caption": "[[Free area of the Republic of China|Territory controlled by the Republic of China]]",
  "capital": "[[Taipei]]",
  "coordinates": "{{coord|25|02|N|121|38|E|type:city_region:TW}}",
  "largest_settlement_type": "subdivision",
  "largest_settlement": "[[New Taipei City|New Taipei]]",
  "languages_type": "[[National language]]s {{efn|A national language in Taiwan is legally defined as \"a natural language used by an original people group of Taiwan and the Taiwan Sign Language\".|ref| name=\"natLangAct\"|{{cite web |script-title=zh:\u570b\u5bb6\u8a9e\u8a00\u767c\u5c55\u6cd5 |url=https://law.moj.gov.tw/LawClass/LawAll.aspx?pcode=H0170143 |website=law.moj.gov.tw |accessdate=22 May 2019 |language=zh}}|</ref>}}",
  "languages": "{{vunblist\n  |[[Formosan languages]]|ref|{{cite web |title=Indigenous Languages Development Act |url=https://law.moj.gov.tw/ENG/LawClass/LawAll.aspx?pcode=D0130037 |website=law.moj.gov.tw \n|accessdate=22 May 2019}}|</ref>|\n  |[[Taiwanese Hakka|Hakka]]|ref|{{cite web |title=Hakka Basic Act |url=https://law.moj.gov.tw/ENG/LawClass/LawAll.aspx?pcode=D0140005 |website=law.moj.gov.tw |accessdate=22 May 2019}}|</ref>|\n  |[[Taiwanese Hokkien|Hokkien]]|efn|name|=|NatLang|Not designated but meets legal definition|\n  |[[Taiwanese Mandarin]]|efn|name|=|NatLang|\n  |[[Matsu dialect|Matsu]]|efn|name|=|NatLang|\n  |[[Taiwan Sign Language|Sign language]]}} {{efn|name|=|NatLang|Not designated but meets legal definition}} {{efn|name|=|NatLang}} {{efn|name|=|NatLang}}",
  "religion": "{{ublist|list_style|=|line-height:1.3em;|class|=|nowrap|35.1% [[Buddhism]]|33% [[Taoism]]|18.7% [[Irreligion|Not religious]]|3.9% [[Christianity]]|9.3% other}}",
  "demonym": "[[Taiwanese people|Taiwanese]]",
  "government_type": "[[Unitary state|Unitary]] [[Semi-presidential system|semi-presidential]] [[constitutional republic]]",
  "leader_title1": "[[President of the Republic of China|President]]",
  "leader_name1": "[[Tsai Ing-wen]]",
  "leader_title2": "[[Premier of the Republic of China|Premier]]",
  "leader_name2": "[[Su Tseng-chang]]",
  "legislature": "[[Legislative Yuan]]",
  "sovereignty_type": "[[History of the Republic of China|Formation]]",
  "established_event1": "[[Republic of China (1912\u201349)|Republic proclaimed]]",
  "established_date1": "1 January 1912",
  "established_event2": "[[Retrocession Day|Taiwan transferred]]",
  "established_date2": "25 October 1945",
  "established_event3": "[[Constitution of the Republic of China|Constitution adopted]]",
  "established_date3": "25 December 1947",
  "established_event4": "[[Chinese Communist Revolution|Government moved to Taipei]]",
  "established_date4": "7 December 1949",
  "area_km2": "35,980",
  "population_estimate": "23,577,271",
  "population_census": "23,123,866",
  "population_estimate_year": "2018",
  "population_estimate_rank": "53rd",
  "population_census_year": "2010",
  "population_census_rank": "53rd",
  "population_density_km2": "650",
  "population_density_rank": "17th",
  "GDP_PPP": "$1.306 trillion",
  "GDP_PPP_year": "2019",
  "GDP_PPP_per_capita": "$55,244",
  "GDP_nominal": "$618 billion",
  "GDP_nominal_year": "2019",
  "GDP_nominal_per_capita": "$26,002",
  "Gini": "34.1",
  "Gini_year": "2017",
  "Gini_change": "increase",
  "HDI": "0.908",
  "HDI_year": "2019",
  "HDI_change": "increase",
  "HDI_ref": "{{efn |name|=|\"HDI-1\" |The UN [[China and the United Nations|does not consider]] the Republic of China (Taiwan) as a [[sovereign state]]. The HDI report does not include Taiwan as part of the People's Republic of China when calculating China's figures.|ref| name=\"HDI-2\"|{{cite web|url=http://hdr.undp.org/en/media/HDR_2010_EN_Readers_reprint.pdf|title=- Human Development Reports|website=hdr.undp.org}}|</ref>| Taiwan's government calculated its HDI to be 0.907 based on UNDP's 2010 methodology, which would rank it 21st, between Austria and Luxembourg in the UN list dated 14 September 2018.|ref| name=\"HDI-3\"|{{cite web|url=http://eng.stat.gov.tw/public/data/dgbas03/bs2/gender/International%20Gender/%E4%BA%BA%E9%A1%9E%E7%99%BC%E5%B1%95%E6%8C%87%E6%95%B8.xls|format=Excel|script-title=zh:2018\u4e2d\u83ef\u6c11\u570b\u4eba\u985e\u767c\u5c55\u6307\u6578(HDI)|accessdate=2018-11-12|year=2018|publisher=Directorate General of Budget, Accounting and Statistics, Executive Yuan, R.O.C.|language=zh-hant|title=Archived copy|archive-url=https://web.archive.org/web/20170811222036/http://eng.stat.gov.tw/public/data/dgbas03/bs2/gender/International%20Gender/%E4%BA%BA%E9%A1%9E%E7%99%BC%E5%B1%95%E6%8C%87%E6%95%B8.xls|archive-date=11 August 2017|dead-url=yes|df=dmy-all}}|</ref>|ref| name=\"HDI-4\"|{{cite web |title=Human Development Indices and Indicators: 2018 Statistical Update |url=http://hdr.undp.org/sites/default/files/2018_human_development_statistical_update.pdf |publisher=[[United Nations Development Programme]] |oclc=1061292121 |accessdate=9 December 2018 |date=14 September 2018}}|</ref>| |group|=|\"nb\"}} Taiwan's government calculated its HDI to be 0.907 based on UNDP's 2010 methodology, which would rank it 21st, between Austria and Luxembourg in the UN list dated 14 September 2018.",
  "HDI_rank": "21st",
  "currency": "[[New Taiwan dollar]] (NT$)",
  "currency_code": "TWD",
  "time_zone": "[[National Standard Time]]",
  "utc_offset": "+8",
  "date_format": "{{unbulleted list |yyyy-mm-dd  |longitem|style|=|line-height:1.1em; |nowrap|yyyy\u5e74m\u6708d\u65e5<br />|small|([[Common Era|CE]]; [[Chinese calendar|CE+2697]])| |[[Minguo calendar|\u6c11\u570byy\u5e74m\u6708d\u65e5]] |small|([[Common Era|CE]]\u22121911)}} {{longitem|style|=|line-height:1.1em; |nowrap|yyyy\u5e74m\u6708d\u65e5<br />|small|([[Common Era|CE]]; [[Chinese calendar|CE+2697]])}} {{nowrap|yyyy\u5e74m\u6708d\u65e5<br />|small|([[Common Era|CE]]; [[Chinese calendar|CE+2697]])}} {{small|([[Common Era|CE]]; [[Chinese calendar|CE+2697]])}} {{small|([[Common Era|CE]]\u22121911)}}",
  "electricity": "110 V\u201360 Hz",
  "drives_on": "Right",
  "calling_code": "[[Telephone numbers in Taiwan|+886]]",
  "cctld": "{{vunblist|[[.tw]] |[[.\u53f0\u7063]] |[[.\u53f0\u6e7e]]|ref|{{cite web |url=http://brussels38.icann.org/meetings/brussels2010/transcript-board-25jun10-en.txt |title=ICANN Board Meeting Minutes |publisher=ICANN |date=25 June 2010}}|</ref>}}"
}