{
  "conventional_long_name": "Republic of Turkmenistan",
  "common_name": "Turkmenistan",
  "native_name": "{{native name|tk|T\u00fcrkmenistan Respublikasy}}",
  "image_flag": "Flag of Turkmenistan.svg",
  "image_coat": "Coat of Arms of Turkmenistan.svg",
  "symbol_type": "Emblem",
  "national_anthem": "\"[[State Anthem of Turkmenistan|Gara\u015fsyz Bitarap T\u00fcrkmenistany\u0148 D\u00f6wlet Gimni]]\"<br />( {{Lang-en|\"State Anthem of Independent, Neutral Turkmenistan\"}} )<center>[[File:National anthem of Turkmenistan, performed by the United States Navy Band.oga]]",
  "image_map": "Turkmenistan on the globe (Eurasia centered).svg",
  "map_caption": "{{map caption |location_color|=| red}}",
  "capital": "[[Ashgabat]]",
  "coordinates": "{{Coord|37|58|N|58|20|E|type:city}}",
  "largest_city": "[[Ashgabat]]",
  "official_languages": "[[Turkmen language|Turkmen]]",
  "languages_type": "Inter-ethnic<br />languages",
  "languages": "[[Russian language|Russian]]",
  "ethnic_groups": "{{unbulleted list\n | 78.5% [[Turkmens|Turkmen]]\n | 9.4% [[Uzbeks|Uzbek]]\n | 3.2% [[Russians|Russian]]\n | 2.7% [[Kazakhs|Kazakh]]\n | 6.2% [[Demographics of Turkmenistan#Ethnic groups|others]]}}",
  "ethnic_groups_year": "2010",
  "religion": "{{unbulleted list\n  | 93.7% [[Islam in Turkmenistan|Islam]]\n  | 6.1% [[Christianity in Turkmenistan|Christianity]]\n  | 0.2% [[Religion in Turkmenistan|others]]}}",
  "demonym": "Turkmen",
  "government_type": "[[Unitary state|Unitary]] [[Presidential system|presidential]] [[republic]]",
  "leader_title1": "[[President of Turkmenistan|President]]",
  "leader_name1": "[[Gurbanguly Berdimuhamedow]]",
  "leader_title2": "[[Cabinet of Ministers (Turkmenistan)|Vice President]]",
  "leader_name2": "[[Ra\u015fit Meredow]]",
  "leader_title3": "[[List of Chairmen of the Assembly of Turkmenistan|Chairman of the Mejlis]]",
  "leader_name3": "[[G\u00fcl\u015fat M\u00e4mmedowa]]",
  "legislature": "[[Assembly of Turkmenistan|Mejlis]]",
  "sovereignty_type": "[[History of Turkmenistan|Formation]]",
  "established_event1": "[[Khanate of Khiva]]",
  "established_date1": "1511",
  "established_event2": "[[Turkestan Autonomous Soviet Socialist Republic|Turkestan ASSR]]",
  "established_date2": "30 April 1918",
  "established_event3": "[[Turkmen Soviet Socialist Republic|Turkmen SSR]]",
  "established_date3": "13 May 1925",
  "established_event4": "Declared state sovereignty",
  "established_date4": "22 August 1990",
  "established_event5": "Declared independence from the [[Soviet Union]]",
  "established_date5": "27 October 1991",
  "established_event6": "Recognized",
  "established_date6": "26 December 1991",
  "established_event7": "[[Constitution of Turkmenistan|Current constitution]]",
  "established_date7": "18 May 1992",
  "area_km2": "491,210",
  "area_rank": "52nd",
  "area_sq_mi": "188,456",
  "percent_water": "4.9",
  "population_estimate": "{{UN Population|Turkmenistan}} {{UN Population|ref}}",
  "population_estimate_year": "{{UN Population|Year}}",
  "population_estimate_rank": "117th",
  "population_density_km2": "10.5",
  "population_density_sq_mi": "27.1",
  "population_density_rank": "221st",
  "GDP_PPP": "$112.659 billion",
  "GDP_PPP_year": "2018",
  "GDP_PPP_per_capita": "$19,526",
  "GDP_nominal": "$42.764 billion",
  "GDP_nominal_year": "2018",
  "GDP_nominal_per_capita": "$7,411",
  "Gini": "40.8",
  "Gini_year": "1998",
  "HDI": "0.706",
  "HDI_year": "2017",
  "HDI_change": "increase",
  "HDI_rank": "108th",
  "currency": "[[Turkmenistan Manat|Turkmen new manat]]",
  "currency_code": "TMT",
  "time_zone": "TMT",
  "utc_offset": "+5",
  "drives_on": "right",
  "calling_code": "[[Telephone numbers in Turkmenistan|+993]]",
  "cctld": "[[.tm]]"
}