{
  "conventional_long_name": "United Arab Emirates",
  "common_name": "UAE",
  "native_name": "{{native name|ar|\u062f\u0648\u0644\u0629 \u0627\u0644\u0625\u0645\u0627\u0631\u0627\u062a \u0627\u0644\u0639\u0631\u0628\u064a\u0629 \u0627\u0644\u0645\u062a\u062d\u062f\u0629|italics|=|off}} <br />'' {{transl|ar|Dawlat al-\u02beIm\u0101r\u0101t al-\u02bfArab\u012byyah al-Mutta\u1e25idah}} ''",
  "image_flag": "Flag of the United Arab Emirates.svg",
  "image_coat": "Emblem of the United Arab Emirates.svg",
  "symbol_type": "[[Emblem of the United Arab Emirates|Emblem]]",
  "national_anthem": "{{lang|ar|\u0639\u064a\u0634\u064a \u0628\u0644\u0627\u062f\u064a}} <br />\"''[[Ishy Bilady| {{transl|ar|\u012a\u0161iy Bil\u0101d\u012b}} ]]''\"<br /> {{small|\"Long Live My Nation\"}} <br />[[File:Ishy Bilady.ogg|Ishy Bilady (instrumental)|center]]",
  "image_map": "United Arab Emirates (orthographic projection).svg",
  "map_caption": "{{map caption |location_color|=| green |region|=|the [[Arabian Peninsula]]}}",
  "image_map2": "United Arab Emirates - Location Map (2013) - ARE - UNOCHA.svg",
  "capital": "[[Abu Dhabi]]",
  "coordinates": "{{Coord|24|28|N|54|22|E|type:city}}",
  "largest_city": "[[Dubai]]<br /> {{small|coord|25|15|N|55|18|E|display|=|inline}} {{coord|25|15|N|55|18|E|display|=|inline}}",
  "official_languages": "[[Arabic]]",
  "ethnic_groups": "{{unbulleted list\n  | 27.8% [[Indians in the United Arab Emirates|Indian]]\n  | 12% [[Emiratis|Emirati]]\n  | 10.2% [[Pakistanis in the United Arab Emirates|Pakistani]] \n  | 9.5% [[Bangladeshis in the Middle East|Bangladeshi]]\n  | 6.1% [[Filipinos in the United Arab Emirates|Filipino]]\n  | 4.76% [[Iranians in the United Arab Emirates|Iranian]]\n  | 4.23% [[Expatriates in the United Arab Emirates#Egyptians|Egyptian]]\n  | 2.2% [[Chinese people in the United Arab Emirates|Chinese]]\n  | 14.1% Others}}",
  "religion": "[[Islam in the United Arab Emirates|Islam]]",
  "demonym": "[[Emiratis|Emirati]]",
  "government_type": "[[Federal monarchy|Federal]] [[constitutional monarchy]]",
  "leader_title1": "[[President of the United Arab Emirates|President]]",
  "leader_name1": "[[Khalifa bin Zayed Al Nahyan]]",
  "leader_title2": "[[List of Prime Ministers of the United Arab Emirates|Prime Minister]]",
  "leader_name2": "[[Mohammed bin Rashid Al Maktoum]]",
  "legislature": "[[Federal National Council]]",
  "sovereignty_type": "[[wikt:establishment#Noun|Establishment]] from the [[United Kingdom]] and the [[Trucial States]]",
  "established_event1": "[[Ras al-Khaimah]]",
  "established_date1": "1708",
  "established_event2": "[[Emirate of Sharjah|Sharjah]]",
  "established_date2": "1727",
  "established_event3": "[[Emirate of Abu Dhabi|Abu Dhabi]]",
  "established_date3": "1761",
  "established_event5": "[[Emirate of Ajman|Ajman]]",
  "established_date5": "1816",
  "established_event6": "[[Emirate of Dubai|Dubai]]",
  "established_date6": "1833",
  "established_event7": "[[Fujairah]]",
  "established_date7": "1952",
  "established_event8": "[[National Day (United Arab Emirates)|Independence]]",
  "established_date8": "2 December 1971",
  "established_event9": "[[United Nations Security Council Resolution 304|Admitted to the]] [[United Nations]]",
  "established_date9": "9 December 1971",
  "established_event10": "Admission of [[Ras al-Khaimah]] to the UAE",
  "established_date10": "10 February 1972",
  "area_km2": "83,600",
  "area_rank": "114th",
  "area_sq_mi": "32,278",
  "percent_water": "negligible",
  "population_estimate_year": "2018",
  "population_estimate": "9,599,353",
  "population_census": "4,106,427",
  "population_estimate_rank": "92rd",
  "population_census_year": "2005",
  "population_density_km2": "99",
  "population_density_sq_mi": "256",
  "population_density_rank": "110th",
  "GDP_PPP": "$732.861 billion",
  "GDP_PPP_year": "2018",
  "GDP_PPP_rank": "32nd",
  "GDP_PPP_per_capita": "$70,262",
  "GDP_PPP_per_capita_rank": "7th",
  "GDP_nominal": "$432.612 billion",
  "GDP_nominal_year": "2018",
  "GDP_nominal_rank": "28th",
  "GDP_nominal_per_capita": "$41,476",
  "GDP_nominal_per_capita_rank": "19th",
  "Gini": "36",
  "Gini_year": "2008",
  "HDI": "0.863",
  "HDI_year": "2017",
  "HDI_change": "increase",
  "HDI_rank": "34th",
  "currency": "[[United Arab Emirates dirham|UAE dirham]]",
  "currency_code": "AED",
  "time_zone": "[[Gulf Standard Time|GST]]",
  "utc_offset": "+4",
  "date_format": "dd/mm/yyyy",
  "drives_on": "Right",
  "calling_code": "[[Telephone numbers in the United Arab Emirates|+971]]",
  "cctld": "{{unbulleted list |[[.ae]] |[[\u0627\u0645\u0627\u0631\u0627\u062a.]]}}",
  "footnotes": "<div style=\"background:#ddf;padding:0.2em;font-size:135%;text-align:center;\">'''[[Portal:United Arab Emirates|United Arab Emirates portal]]'''</div>"
}