{
  "conventional_long_name": "Republic of Uzbekistan",
  "common_name": "Uzbekistan",
  "religion": "{{unbulleted list\n | 88.6% [[Muslims]]\n | 9.4% [[Christians]]\n | 0.2% [[Zoroastrianism|Zoroastrian]]\n | 2.0% non-religious and others}}",
  "native_name": "{{native name|uz|O\u02bbzbekiston Respublikasi}}",
  "image_flag": "Flag of Uzbekistan.svg",
  "image_coat": "Emblem of Uzbekistan.svg",
  "symbol_type": "[[Emblem of Uzbekistan|State emblem]]",
  "national_anthem": "\"[[State Anthem of Uzbekistan|O\u02bbzbekiston Respublikasining Davlat Madhiyasi]]\"<br />( {{Lang-en|\"State Anthem of the Republic of Uzbekistan\"}} )<br />[[File:Anthem-of-uzbekistan-1992.ogg|center]]",
  "image_map": "UZB orthographic.svg",
  "map_caption": "{{map caption |location_color|=| green}}",
  "capital": "[[Tashkent]]",
  "coordinates": "{{Coord|41|19|N|69|16|E|type:city_region:UZ}}",
  "largest_city": "Tashkent",
  "official_languages": "[[Uzbek language|Uzbek]]",
  "regional_languages": "[[Karakalpak language|Karakalpak]] (in [[Karakalpakstan]])",
  "languages_type": "Inter-ethnic language",
  "languages": "[[Russian language|Russian]]",
  "ethnic_groups": "{{unbulleted list\n | 83.8% [[Uzbeks]]\n |  4.8% [[Tajik people|Tajiks]]\n |  2.5% [[Kazakhs]]\n |  2.3% [[Russians]]\n |  2.2% [[Karakalpaks]]\n |  1.5% [[Tatars]]\n |  4.5% others}}",
  "ethnic_groups_year": "2017",
  "demonym": "Uzbek",
  "government_type": "[[Unitary state|Unitary]] [[Presidential system|presidential]] [[constitution]]al [[republic]] under an [[Authoritarianism|authoritarian state]]",
  "leader_title1": "[[President of Uzbekistan|President]]",
  "leader_name1": "[[Shavkat Mirziyoyev]]",
  "leader_title2": "[[Prime Minister of Uzbekistan|Prime Minister]]",
  "leader_name2": "[[Abdulla Aripov]]",
  "leader_title3": "Chairman of the [[Senate of Uzbekistan|Senate]]",
  "leader_name3": "[[Tanzila Norbaeva]]",
  "legislature": "[[Supreme Assembly (Uzbekistan)|Supreme Assembly]]",
  "upper_house": "[[Senate of Uzbekistan|Senate]]",
  "lower_house": "[[Legislative Chamber of Uzbekistan|Legislative Chamber]]",
  "sovereignty_type": "[[History of Uzbekistan|Formation]]",
  "established_event1": "[[Emirate of Bukhara]] proclaimed",
  "established_date1": "1785",
  "established_event2": "[[Bukharan People's Soviet Republic]] established",
  "established_date2": "30 April 1920",
  "established_event3": "[[Uzbek Soviet Socialist Republic|Uzbek SSR]] established after [[national delimitation in the Soviet Union#National delimitation in Central Asia|national delimitation]]",
  "established_date3": "27 October 1924",
  "established_event4": "Declared independence from the [[Soviet Union]]",
  "established_date4": "31 August 1991",
  "established_event5": "Formally recognised",
  "established_date5": "26 December 1991",
  "established_event6": "[[United Nations Security Council Resolution 737|Admitted to the]] [[United Nations]]",
  "established_date6": "2 March 1992",
  "established_event7": "[[Constitution of Uzbekistan|Current constitution]]",
  "established_date7": "8 December 1992",
  "area_km2": "448,978",
  "area_rank": "56th",
  "area_sq_mi": "172,742",
  "percent_water": "4.9",
  "population_estimate": "32,768,725",
  "population_estimate_year": "2019",
  "population_estimate_rank": "41st",
  "population_density_km2": "74.1",
  "population_density_sq_mi": "182.8",
  "population_density_rank": "132nd",
  "GDP_PPP": "$238.997 billion",
  "GDP_PPP_year": "2018",
  "GDP_PPP_rank": "62",
  "GDP_PPP_per_capita": "$7,350",
  "GDP_PPP_per_capita_rank": "125th",
  "GDP_nominal": "$40.259 billion",
  "GDP_nominal_year": "2018",
  "GDP_nominal_rank": "69th",
  "GDP_nominal_per_capita": "$1,238",
  "GDP_nominal_per_capita_rank": "130th",
  "Gini": "36.7",
  "Gini_year": "2013",
  "Gini_change": "decrease",
  "Gini_rank": "88th",
  "HDI": "0.710",
  "HDI_year": "2017",
  "HDI_change": "increase",
  "HDI_rank": "105th",
  "currency": "[[Uzbek som]]",
  "currency_code": "UZS",
  "time_zone": "[[Uzbekistan Time|UZT]]",
  "utc_offset": "+5",
  "drives_on": "right",
  "calling_code": "[[Telephone numbers in Uzbekistan|+998]]",
  "cctld": "[[.uz]]"
}