{
  "conventional_long_name": "Socialist Republic of Vietnam",
  "common_name": "Vietnam",
  "native_name": "{{native name|vi|C\u1ed9ng h\u00f2a x\u00e3 h\u1ed9i ch\u1ee7 ngh\u0129a Vi\u1ec7t Nam}}",
  "image_flag": "Flag of Vietnam.svg",
  "image_coat": "Emblem of Vietnam.svg",
  "symbol_type": "Emblem",
  "national_motto": "{{lang|vi|[[:vi:\u0110\u1ed9c l\u1eadp \u2013 T\u1ef1 do \u2013 H\u1ea1nh ph\u00fac|\u0110\u1ed9c l\u1eadp \u2013 T\u1ef1 do \u2013 H\u1ea1nh ph\u00fac]]}}",
  "englishmotto": "\"Independence \u2013 Freedom \u2013 Happiness\"",
  "national_anthem": "{{lang|vi|[[Ti\u1ebfn Qu\u00e2n Ca]]}} <br /> {{small|(|lang-en|\"Army March\"|)}} <div style=\"padding-top:0.5em;\">[[File:United States Navy Band - Ti\u1ebfn Qu\u00e2n Ca.ogg|center]]</div> {{lang-en|\"Army March\"}} )",
  "image_map": "Location Vietnam ASEAN.svg",
  "map_caption": "{{map caption |location_color|=|green |region|=|[[ASEAN]] |region_color|=|dark grey |legend|=|Location Vietnam ASEAN.svg}}",
  "capital": "[[Hanoi]]",
  "coordinates": "{{Coord|21|2|N|105|51|E|type:city}}",
  "largest_city": "[[Ho Chi Minh City]]",
  "languages_type": "Official language",
  "languages": "None {{#tag:ref|The Constitution of the Socialist Republic of Vietnam does not state that the official language is [[Vietnamese language|Vietnamese]].|ref|{{cite web|url=https://vietnamnews.vn/politics-laws/250222/the-constitution-of-the-socialist-republic-of-viet-nam.html#pKxAv0j1eAlwxQq9.97|title=The Constitution of the Socialist Republic of Vietnam|publisher=Vietnam News Agency|date=15 January 2014|accessdate=13 June 2019}}|</ref>|group|=|\"n\"}}",
  "languages2_type": "National language",
  "languages2": "[[Vietnamese language|Vietnamese]]",
  "ethnic_groups": "{{vunblist\n  | 85.7% [[Vietnamese people|Vietnamese]]|#tag:ref|Also called Kinh people.|sfn|Communist Party of Vietnam|2004|group|=|\"n\"|\n  | |collapsible list\n  | title|=| |small|[[List of ethnic groups in Vietnam|53 minorities]]| 1.9% [[Tay people|Tay]]  | 1.8% [[Tai peoples|Tai]]  | 1.5% [[Muong people|M\u01b0\u1eddng]]  | 1.5% [[Khmer Krom|Khmer]]  | 1.2% [[Hmong people|Hmong]]  | 1.1% [[N\u00f9ng people|N\u00f9ng]]  | 5.3% Others}} {{#tag:ref|Also called Kinh people.|sfn|Communist Party of Vietnam|2004|group|=|\"n\"}} {{sfn|Communist Party of Vietnam|2004}} {{collapsible list\n  | title|=| |small|[[List of ethnic groups in Vietnam|53 minorities]]| 1.9% [[Tay people|Tay]]  | 1.8% [[Tai peoples|Tai]]  | 1.5% [[Muong people|M\u01b0\u1eddng]]  | 1.5% [[Khmer Krom|Khmer]]  | 1.2% [[Hmong people|Hmong]]  | 1.1% [[N\u00f9ng people|N\u00f9ng]]  | 5.3% Others}} {{small|[[List of ethnic groups in Vietnam|53 minorities]]}}",
  "religion": "{{ublist |item_style|=|white-space:nowrap; |73.2% [[Vietnamese folk religion|Folk]] or [[Irreligion|Irreligious]] |12.2% [[Buddhism]] |8.3% [[Christianity]] |4.8% [[Caodaism]] |1.4% [[H\u00f2a H\u1ea3o|Hoahaoism]] |0.1% Other religions|sfn|Bielefeldt|2014|}} {{sfn|Bielefeldt|2014}}",
  "demonym": "[[Vietnamese people|Vietnamese]]",
  "government_type": "[[Unitary state|Unitary]] [[Marxism-Leninism|Marxist-Leninist]] [[one-party state|one-party]] [[socialist state|socialist]] [[republic]]",
  "leader_title1": "[[General Secretary of the Communist Party of Vietnam|Party General Secretary]]",
  "leader_name1": "[[Nguy\u1ec5n Ph\u00fa Tr\u1ecdng]]",
  "leader_title2": "[[President of Vietnam|President]]",
  "leader_name2": "[[Nguy\u1ec5n Ph\u00fa Tr\u1ecdng]]",
  "leader_title3": "[[Vice President of Vietnam|Vice-President]]",
  "leader_name3": "[[\u0110\u1eb7ng Th\u1ecb Ng\u1ecdc Th\u1ecbnh]]",
  "leader_title4": "[[Prime Minister of Vietnam|Prime Minister]]",
  "leader_name4": "[[Nguy\u1ec5n Xu\u00e2n Ph\u00fac]]",
  "leader_title5": "[[Chairman of the National Assembly of Vietnam|Chairwoman of National Assembly]]",
  "leader_name5": "[[Nguy\u1ec5n Th\u1ecb Kim Ng\u00e2n]]",
  "legislature": "[[National Assembly of Vietnam|National Assembly]]",
  "sovereignty_type": "[[History of Vietnam|Formation]]",
  "established_event1": "[[National Day (Vietnam)|Independence declared]] from [[France]]",
  "established_date1": "2 September 1945",
  "established_event2": "[[Geneva Conference (1954)|Geneva Accords]]",
  "established_date2": "21 July 1954",
  "established_event3": "[[Reunification Day|Reunification]]",
  "established_date3": "2 July 1976 {{sfn|Jeffries|2007|p|=|4}}",
  "established_event4": "[[Constitution of the Socialist Republic of Vietnam|Current constitution]]",
  "established_date4": "28 November 2013 {{#tag:ref|In effect since 1 January 2014.|sfn|Constitution of Vietnam|2014|group|=|\"n\"}} {{sfn|Constitution of Vietnam|2014}}",
  "area_km2": "331,212",
  "area_rank": "65th",
  "area_sq_mi": "128,069",
  "percent_water": "6.38",
  "population_estimate": "{{UN Population|Viet Nam}} {{sfn|United Nations Department of Economic and Social Affairs}}",
  "population_estimate_year": "{{UN Population|Year}}",
  "population_estimate_rank": "15th",
  "population_density_km2": "{{#expr: 91700000/332210 round 2}}",
  "population_density_rank": "46th",
  "GDP_PPP": "$769.928 billion {{sfn|International Monetary Fund}}",
  "GDP_PPP_year": "2019",
  "GDP_PPP_rank": "35th",
  "GDP_PPP_per_capita": "$8,063 {{sfn|International Monetary Fund}}",
  "GDP_PPP_per_capita_rank": "128th",
  "GDP_nominal": "$260.301 billion {{sfn|International Monetary Fund}}",
  "GDP_nominal_year": "2019",
  "GDP_nominal_rank": "47th",
  "GDP_nominal_per_capita": "$2,726 {{sfn|International Monetary Fund}}",
  "GDP_nominal_per_capita_rank": "129th",
  "Gini": "37.6",
  "Gini_year": "2014",
  "Gini_ref": "{{sfn|World Bank|2016a}}",
  "HDI": "0.694",
  "HDI_year": "2017",
  "HDI_change": "increase",
  "HDI_ref": "{{sfn|Human Development Report|2018|p|=|23}}",
  "HDI_rank": "116th",
  "currency": "[[Vietnamese \u0111\u1ed3ng|\u0111\u1ed3ng]] (\u20ab)",
  "currency_code": "VND",
  "time_zone": "[[UTC+07:00|Vietnam Standard Time]]",
  "utc_offset": "+07:00",
  "date_format": "dd/mm/yyyy",
  "drives_on": "right",
  "calling_code": "[[Telephone numbers in Vietnam|+84]]",
  "cctld": "[[.vn]]"
}