{
  "conventional_long_name": "Islamic Republic of Afghanistan",
  "common_name": "Afghanistan",
  "native_name": "{{vunblist|nobold|native name|prs|\u062c\u0645\u0647\u0648\u0631\u06cc \u0627\u0633\u0644\u0627\u0645\u06cc \u0627\u0641\u063a\u0627\u0646\u0633\u062a\u0627\u0646|italic|=|no| |small|''Jomh\u016br\u012b-ye Esl\u0101m\u012b-ye Af\u0121\u0101nest\u0101n''|nobold|native name|ps|\u062f \u0627\u0641\u063a\u0627\u0646\u0633\u062a\u0627\u0646 \u0627\u0633\u0644\u0627\u0645\u064a \u062c\u0645\u0647\u0648\u0631\u06cc\u062a|italic|=|no| |small|''Da Af\u0121\u0101nist\u0101n Isl\u0101m\u012b Jumhoryat''}} {{nobold|native name|prs|\u062c\u0645\u0647\u0648\u0631\u06cc \u0627\u0633\u0644\u0627\u0645\u06cc \u0627\u0641\u063a\u0627\u0646\u0633\u062a\u0627\u0646|italic|=|no}} {{native name|prs|\u062c\u0645\u0647\u0648\u0631\u06cc \u0627\u0633\u0644\u0627\u0645\u06cc \u0627\u0641\u063a\u0627\u0646\u0633\u062a\u0627\u0646|italic|=|no}} {{small|''Jomh\u016br\u012b-ye Esl\u0101m\u012b-ye Af\u0121\u0101nest\u0101n''}} {{nobold|native name|ps|\u062f \u0627\u0641\u063a\u0627\u0646\u0633\u062a\u0627\u0646 \u0627\u0633\u0644\u0627\u0645\u064a \u062c\u0645\u0647\u0648\u0631\u06cc\u062a|italic|=|no}} {{native name|ps|\u062f \u0627\u0641\u063a\u0627\u0646\u0633\u062a\u0627\u0646 \u0627\u0633\u0644\u0627\u0645\u064a \u062c\u0645\u0647\u0648\u0631\u06cc\u062a|italic|=|no}} {{small|''Da Af\u0121\u0101nist\u0101n Isl\u0101m\u012b Jumhoryat''}}",
  "image_flag": "File:Flag of Afghanistan.svg",
  "image_coat": "National emblem of Afghanistan.svg",
  "symbol_type": "National emblem",
  "symbol_type_article": "Emblem of Afghanistan",
  "national_motto": "{{nowrap|big|lang|ar|\u0644\u0627 \u0625\u0644\u0647 \u0625\u0644\u0627 \u0627\u0644\u0644\u0647\u060c \u0645\u062d\u0645\u062f \u0631\u0633\u0648\u0644 \u0627\u0644\u0644\u0647}} <br />\" {{big|lang|ar|\u0644\u0627 \u0625\u0644\u0647 \u0625\u0644\u0627 \u0627\u0644\u0644\u0647\u060c \u0645\u062d\u0645\u062f \u0631\u0633\u0648\u0644 \u0627\u0644\u0644\u0647}} {{lang|ar|\u0644\u0627 \u0625\u0644\u0647 \u0625\u0644\u0627 \u0627\u0644\u0644\u0647\u060c \u0645\u062d\u0645\u062f \u0631\u0633\u0648\u0644 \u0627\u0644\u0644\u0647}} {{transl|ar|L\u0101 \u02beil\u0101ha \u02beill\u0101 ll\u0101h, Muhammadun ras\u016blu ll\u0101h}} \" <br /> {{small|\"There is no God but [[Allah]]; [[Muhammad]] is the messenger of Allah. ([[Shahada]])}}",
  "national_anthem": "{{transl|ur|ALA-LC|''[[Afghan National Anthem|Mill\u012b Sur\u016bd]]''}} <br /> {{lang|ps|\u0645\u0644\u064a \u0633\u0631\u0648\u062f}} <br /><small>( {{lang-en|\"National Anthem\"}} )</small><br />[[File:National anthem of Afghanistan, performed by the United States Navy Band.wav|center]]",
  "image_map": "Afghanistan (orthographic projection).svg",
  "capital": "[[Kabul]]",
  "coordinates": "{{Coord|34|32|N|69|08|E|type:city}}",
  "largest_city": "Kabul",
  "languages_type": "[[Official language]]s",
  "languages": "{{hlist|style|=|white-space:nowrap; |[[Dari language|Dari]]|[[Pashto]]|ref| name=AO}}",
  "ethnic_groups": "{{unbulleted list\n | 42.1% [[Pashtuns|Pashtun]]\n | 33.6% [[Tajiks|Tajik]]\n | 10.6% [[Uzbeks|Uzbek]]\n | 9.8% [[Hazaras|Hazara]]\n | 3.9% [[Ethnic groups in Afghanistan|others]]|ref| name=\"CIA-Ethnic-groups\"|}}",
  "religion": "{{unbulleted list\n | 99.7% [[Muslims]]\n | 0.3% [[Demographics of Afghanistan#Religion|others]]}}",
  "demonym": "[[Afghan]] <br />[[Afghanistani]]",
  "government_type": "[[Unitary state|Unitary]] [[Presidential system|presidential]] [[Islamic republic]]",
  "leader_title1": "[[President of Afghanistan|President]]",
  "leader_name1": "[[Ashraf Ghani]]",
  "leader_title2": "[[Vice President of Afghanistan|1st Vice President]]",
  "leader_name2": "[[Abdul Rashid Dostum]]",
  "leader_title3": "[[Vice President of Afghanistan|2nd Vice President]]",
  "leader_name3": "[[Sarwar Danish]]",
  "leader_title4": "[[Chief Executive Officer (Afghanistan)|Chief Executive Officer]]",
  "leader_name4": "[[Abdullah Abdullah]]",
  "legislature": "[[National Assembly (Afghanistan)|National Assembly]]",
  "upper_house": "[[House of Elders (Afghanistan)|House of Elders]]",
  "lower_house": "[[House of the People (Afghanistan)|House of the People]]",
  "sovereignty_type": "[[History of Afghanistan|Formation]]",
  "established_event1": "{{nowrap|[[Hotak dynasty|Hotak Empire]]}}",
  "established_date1": "21 April 1709",
  "established_event2": "{{nowrap|[[Durrani Empire]]}}",
  "established_date2": "October 1747",
  "established_event3": "{{nowrap|[[Emirate of Afghanistan|Emirate]]}}",
  "established_date3": "1823",
  "established_event4": "[[Afghan Independence Day|Recognized]]",
  "established_date4": "[[Anglo-Afghan Treaty of 1919|19 August 1919]]",
  "established_event5": "{{nowrap|[[Kingdom of Afghanistan|Kingdom]]}}",
  "established_date5": "9 June 1926",
  "established_event6": "{{nowrap|[[Republic of Afghanistan|Republic]]}}",
  "established_date6": "[[1973 Afghan coup d'\u00e9tat|17 July 1973]]",
  "established_event7": "[[Constitution of Afghanistan|Current constitution]]",
  "established_date7": "26 January 2004",
  "area_km2": "652,230",
  "area_rank": "40th",
  "area_sq_mi": "251,830",
  "percent_water": "negligible",
  "population_estimate": "32,225,560",
  "population_estimate_year": "2019",
  "population_estimate_rank": "44th",
  "population_density_km2": "46",
  "population_density_sq_mi": "119",
  "population_density_rank": "174th",
  "GDP_PPP": "$72.911 billion",
  "GDP_PPP_year": "2018",
  "GDP_PPP_rank": "96th",
  "GDP_PPP_per_capita": "$2,024",
  "GDP_PPP_per_capita_rank": "169th",
  "GDP_nominal": "$21.657 billion",
  "GDP_nominal_year": "2018",
  "GDP_nominal_rank": "111st",
  "GDP_nominal_per_capita": "$601",
  "GDP_nominal_per_capita_rank": "177th",
  "Gini": "27.8",
  "Gini_year": "2008",
  "Gini_change": "decrease",
  "Gini_rank": "1st",
  "HDI": "0.498",
  "HDI_year": "2017",
  "HDI_change": "increase",
  "HDI_rank": "168th",
  "currency": "[[Afghan afghani|Afghani]] (Afs)",
  "currency_code": "AFN",
  "time_zone": "D\u2020",
  "utc_offset": "+4:30 [[Solar Hijri calendar|Solar Calendar]]",
  "drives_on": "[[Right- and left-hand traffic#Afghanistan|right]]",
  "calling_code": "[[Telephone numbers in Afghanistan|+93]]",
  "cctld": "[[.af]] [[\u0627\u0641\u063a\u0627\u0646\u0633\u062a\u0627\u0646.]]"
}