{
  "conventional_long_name": "People's Republic of China",
  "common_name": "China",
  "native_name": "{{ubl|native name|zh|\u4e2d\u534e\u4eba\u6c11\u5171\u548c\u56fd|italics|=|off|''Zh\u014dnghu\u00e1 R\u00e9nm\u00edn G\u00f2ngh\u00e9gu\u00f3'' |small|([[Pinyin]])}} {{native name|zh|\u4e2d\u534e\u4eba\u6c11\u5171\u548c\u56fd|italics|=|off}} {{small|([[Pinyin]])}}",
  "image_flag": "Flag of the People's Republic of China.svg",
  "image_coat": "People's Republic of China National Emblem.svg",
  "symbol_type": "National Emblem",
  "national_anthem": "{{vunblist|\"[[March of the Volunteers]]\"|lang|zh-hans|\u4e49\u52c7\u519b\u8fdb\u884c\u66f2|''Y\u00ecy\u01d2ngj\u016bn J\u00ecnx\u00edngq\u01d4''}} <div style=\"display:inline-block;margin-top:0.4em;\"> {{lang|zh-hans|\u4e49\u52c7\u519b\u8fdb\u884c\u66f2}} {{center|[[File:March of the Volunteers instrumental.ogg]]}} </div>",
  "image_map": "CHN orthographic.svg",
  "map_width": "220px",
  "map_caption": "Land controlled by the People's Republic of China shown in dark green; claimed but uncontrolled land shown in light green.",
  "capital": "[[Beijing]] {{efn|[[Postal map romanization|Romanized]] as \"Peking\" prior to the adoption of [[Pinyin]].}}",
  "coordinates": "{{Coord|39|55|N|116|23|E|type:city}}",
  "largest_city": "[[Shanghai]]",
  "official_languages": "{{nowrap|[[Standard Chinese]]|ref| name=\"langlaw\"|{{cite web |url=http://www.gov.cn/english/laws/2005-09/19/content_64906.htm |title=Law of the People's Republic of China on the Standard Spoken and Written Chinese Language (Order of the President No.37) |publisher=Chinese Government|date=31 October 2000|accessdate=21 June 2013 |quote=For purposes of this Law, the standard spoken and written Chinese language means Putonghua (a common speech with pronunciation based on the Beijing dialect) and the standardized Chinese characters.}}|</ref>|efn|[[Portuguese language|Portuguese]] ([[Macau]] only), [[English language|English]] ([[Hong Kong]] only).}} {{efn|[[Portuguese language|Portuguese]] ([[Macau]] only), [[English language|English]] ([[Hong Kong]] only).}}",
  "languages_type": "[[Official script]]",
  "languages": "[[Simplified Chinese]] {{efn|In the [[special administrative region]]s of [[Hong Kong]] and Macau, [[Traditional Chinese characters]] are used. The [[Mongolian script]] is used in [[Inner Mongolia]] and the [[Tibetan script]] is used in the [[Tibet|Tibetan Autonomous Region]], alongside simplified Chinese.}}",
  "regional_languages": "{{hlist |[[Mongolian language|Mongolian]] |[[Uyghur language|Uyghur]] |[[Standard Tibetan|Tibetan]] | [[Standard Zhuang|Zhuang]] |[[Languages of China|various others]]|ref|{{Citation|url=http://www.chinatoday.com/general/a.htm#LANGU|title=General Information of the People's Republic of China (PRC): Languages|publisher=chinatoday.com|accessdate=17 April 2008}}|</ref>}}",
  "religion": "See ''[[Religion in China]]''",
  "ethnic_groups": "{{vunblist\n|91.51% [[Han Chinese|Han]]|ref| name=census|\n|collapsible list\n|titlestyle |=| background:transparent;text-align:left;font-weight:normal;font-size:100%;\n|title |=| [[List of ethnic groups in China|55 minorities]]|efn|Ethnic minorities that are recognized officially.|\n|1.30% [[Zhuang people|Zhuang]] |0.86% [[Manchu people|Man (Manchu)]] |0.79% [[Uyghur people|Uygur (Uyghur)]] |0.79% [[Hui people|Hui]] |0.72% [[Miao people|Miao]] |0.65% [[Yi people|Yi]] |0.62% [[Tujia people|Tujia]] |0.47% [[Ethnic Mongols in China|Mongol]] |0.44% [[Tibetan people|Zang (Tibetan)]] |0.26% [[Buyei]] |0.15% [[Koreans in China|Chosen (Korean)]] |1.05% others\n|}} {{collapsible list\n|titlestyle |=| background:transparent;text-align:left;font-weight:normal;font-size:100%;\n|title |=| [[List of ethnic groups in China|55 minorities]]|efn|Ethnic minorities that are recognized officially.|\n|1.30% [[Zhuang people|Zhuang]] |0.86% [[Manchu people|Man (Manchu)]] |0.79% [[Uyghur people|Uygur (Uyghur)]] |0.79% [[Hui people|Hui]] |0.72% [[Miao people|Miao]] |0.65% [[Yi people|Yi]] |0.62% [[Tujia people|Tujia]] |0.47% [[Ethnic Mongols in China|Mongol]] |0.44% [[Tibetan people|Zang (Tibetan)]] |0.26% [[Buyei]] |0.15% [[Koreans in China|Chosen (Korean)]] |1.05% others}} {{efn|Ethnic minorities that are recognized officially.}}",
  "demonym": "Chinese",
  "government_type": "[[Unitary state|Unitary]] [[One-party state|one-party]] [[Socialist state|socialist]] [[republic]]",
  "leader_title1": "[[General Secretary of the Communist Party of China|Party General Secretary]]<br />and [[President of the People's Republic of China|President]]",
  "leader_name1": "[[Xi Jinping]] {{efn|Xi Jinping holds four concurrent positions: [[General Secretary of the Communist Party of China]] (''de facto'' [[paramount leader]]), [[President of the People's Republic of China]] ([[head of state]]), and [[Chairman of the Central Military Commission]] ([[Commander-in-chief]]) for both state and party.|ref|[https://web.archive.org/web/20121116225447/http://rt.com/news/china-new-leader-xi-734/ \"New man at helm: Xi Jinping elected to lead China\"]. RT.com. 15 November 2012. Retrieved 2 January 2013.|</ref>}}",
  "leader_title2": "[[Premier of the People's Republic of China|Premier]]",
  "leader_name2": "[[Li Keqiang]]",
  "leader_title3": "{{nowrap|[[Chairman of the Standing Committee of the National People's Congress|Congress Chairman]]}}",
  "leader_name3": "[[Li Zhanshu]]",
  "leader_title4": "{{nowrap|[[Chairman of the National Committee of the Chinese People's Political Consultative Conference|Conference Chairman]]}}",
  "leader_name4": "[[Wang Yang (politician)|Wang Yang]]",
  "leader_title5": "First Secretary of the [[Secretariat of the Communist Party of China|Party Secretariat]]",
  "leader_name5": "[[Wang Huning]]",
  "leader_title6": "[[Secretary of the Central Commission for Discipline Inspection|Secretary of the Discipline Inspection Commission]]",
  "leader_name6": "[[Zhao Leji]]",
  "leader_title7": "First [[Vice Premier of the People's Republic of China|Vice Premier]]",
  "leader_name7": "[[Han Zheng]]",
  "leader_title8": "[[Vice President of the People's Republic of China|Vice President]]",
  "leader_name8": "[[Wang Qishan]] {{efn|According to the official [[Orders of precedence in China]] (i.e. party comes first), the order of Wang would be inferior to the members of the Standing Committee of Politburo of CPC as he was not appointed office in the 19th Central Committee.}}",
  "legislature": "[[National People's Congress]]",
  "sovereignty_type": "[[History of China|Formation]]",
  "established_event1": "[[Xia dynasty|First pre-imperial dynasty]]",
  "established_date1": "{{c.|lk|=|no|2070}} &nbsp; {{sc|bce}}",
  "established_event2": "[[Qin dynasty|First imperial dynasty]]",
  "established_date2": "221&nbsp; {{sc|bce}}",
  "established_event3": "[[Xinhai Revolution|Republic established]]",
  "established_date3": "1 January 1912",
  "established_event4": "[[Chinese Communist Revolution|Proclamation of the People's Republic]]",
  "established_date4": "1 October 1949",
  "established_event5": "[[Constitution of China|Current constitution]]",
  "established_date5": "4 December 1982",
  "established_event6": "[[Macau|Last polity]] [[Transfer of sovereignty over Macau|admitted]]",
  "established_date6": "20 December 1999",
  "area_km2": "9,596,961",
  "area_footnote": "{{efn|The area given is the official United Nations figure for [[Mainland China|the mainland]] and excludes [[Hong Kong]], [[Macau]] and [[Taiwan]].|ref| name=\"UN Stat\"|{{cite web|url=http://unstats.un.org/unsd/demographic/products/dyb/dyb2007/Table03.pdf |title=Demographic Yearbook\u2014Table 3: Population by sex, rate of population increase, surface area and density |publisher=UN Statistics |year=2007 |accessdate=31 July 2010 |deadurl=yes |archiveurl=https://web.archive.org/web/20101224063215/http://unstats.un.org/unsd/demographic/products/dyb/dyb2007/Table03.pdf |archivedate=24 December 2010 |df= }}|</ref>| It also excludes the [[Trans-Karakoram Tract]] (|convert|5800|km2|sqmi|abbr|=|on|disp|=|or|sp|=|us|), [[Aksai Chin]] (|convert|37244|km2|sqmi|abbr|=|on|disp|=|or|sp|=|us|) and other territories in dispute with India. The total area of China is listed as |convert|9572900|km2|sqmi|abbr|=|on|sp|=|us| by the ''Encyclop\u00e6dia Britannica''.|ref|{{cite web |url=http://www.britannica.com/EBchecked/topic/111803/China |title=China |work=Encyclop\u00e6dia Britannica |accessdate=16 November 2012}}|</ref>| For further information, see [[Territorial changes of the People's Republic of China]].}} It also excludes the [[Trans-Karakoram Tract]] ( {{convert|5800|km2|sqmi|abbr|=|on|disp|=|or|sp|=|us}} ), [[Aksai Chin]] ( {{convert|37244|km2|sqmi|abbr|=|on|disp|=|or|sp|=|us}} ) and other territories in dispute with India. The total area of China is listed as {{convert|9572900|km2|sqmi|abbr|=|on|sp|=|us}} by the ''Encyclop\u00e6dia Britannica''. For further information, see [[Territorial changes of the People's Republic of China]].",
  "area_rank": "3rd/4th",
  "area_sq_mi": "3,705,407",
  "percent_water": "2.8% {{efn|This figure was calculated using data from the CIA World Factbook.|ref| name=CIA}}",
  "population_estimate": "{{increase}} {{UN_Population|China}} {{UN_Population|ref}}",
  "population_census": "1,339,724,852",
  "population_estimate_year": "{{UN_Population|Year}}",
  "population_estimate_rank": "1st",
  "population_census_year": "2010",
  "population_census_rank": "1st",
  "population_density_km2": "145",
  "population_density_sq_mi": "373",
  "population_density_rank": "83rd",
  "GDP_PPP": "$27.331 trillion",
  "GDP_PPP_year": "2019",
  "GDP_PPP_rank": "1st",
  "GDP_PPP_per_capita": "$19,520",
  "GDP_PPP_per_capita_rank": "73rd",
  "GDP_nominal": "$14.216 trillion",
  "GDP_nominal_year": "2019",
  "GDP_nominal_rank": "2nd",
  "GDP_nominal_per_capita": "$10,153",
  "GDP_nominal_per_capita_rank": "67th",
  "Gini": "46.2",
  "Gini_year": "2015",
  "HDI": "0.752",
  "HDI_year": "2017",
  "HDI_change": "increase",
  "HDI_rank": "86th",
  "currency": "[[Renminbi]] (yuan; \u00a5) {{efn|The [[Hong Kong Dollar]] is used in [[Hong Kong]] and [[Macau]] while the [[Macanese pataca]] is used in Macau only.}}",
  "currency_code": "CNY",
  "time_zone": "[[China Standard Time]]",
  "utc_offset": "[[UTC+8|+8]]",
  "date_format": "{{vunblist |yyyy-mm-dd |''or'' yyyy|lang|zh|\u5e74|m|lang|zh|\u6708|d|lang|zh|\u65e5| |([[Common Era|CE]]; [[Chinese calendar|CE-1949]])}} {{lang|zh|\u5e74}} m {{lang|zh|\u6708}} d {{lang|zh|\u65e5}}",
  "drives_on": "right {{efn|Motor vehicles and metros drive on the right in mainland China. [[Hong Kong]] and [[Macau]] use left-hand traffic except several parts of metro lines. The majority of the country's trains drive on the left.}}",
  "calling_code": "[[+86]]",
  "cctld": "{{hlist|[[.cn]]|[[.\u4e2d\u56fd]]|[[.\u4e2d\u570b]]}}"
}