{
  "conventional_long_name": "Republic of India",
  "common_name": "India",
  "native_name": "{{transl|hi|ISO|Bh\u0101rat Ga\u1e47ar\u0101jya}}",
  "image_flag": "Flag of India.svg",
  "alt_flag": "Horizontal tricolor flag bearing, from top to bottom, deep saffron, white, and green horizontal bands. In the centre of the white band is a navy-blue wheel with 24 spokes.",
  "image_coat": "Emblem of India.svg",
  "symbol_width": "60px",
  "alt_coat": "Three lions facing left, right, and toward viewer, atop a frieze containing a galloping horse, a 24-spoke wheel, and an elephant. Underneath is a motto: \"\u0938\u0924\u094d\u092f\u092e\u0947\u0935 \u091c\u092f\u0924\u0947\".",
  "symbol_type": "[[State Emblem of India|State emblem]]",
  "other_symbol": "{{native phrase|sa|\"[[Vande Mataram]]\"|italics|=|off}} ''<br /> {{small|\"I Bow to Thee, Mother\"}} {{lower|0.2em|efn|\"[...] ''Jana Gana Mana'' is the National Anthem of India, subject to such alterations in the words as the Government may authorise as occasion arises; and the song ''Vande Mataram'', which has played a historic part in the struggle for Indian freedom, shall be honoured equally with ''Jana Gana Mana'' and shall have equal status with it.\" |harv|Constituent Assembly of India|1950|.|<!--end efn:-->|sfn|National Informatics Centre|2005|<!--end lower:-->|ref| name=\"india.gov.in\"}} {{efn|\"[...] ''Jana Gana Mana'' is the National Anthem of India, subject to such alterations in the words as the Government may authorise as occasion arises; and the song ''Vande Mataram'', which has played a historic part in the struggle for Indian freedom, shall be honoured equally with ''Jana Gana Mana'' and shall have equal status with it.\" |harv|Constituent Assembly of India|1950|.|<!--end efn:-->}} {{harv|Constituent Assembly of India|1950}} . {{sfn|National Informatics Centre|2005}}",
  "other_symbol_type": "National song",
  "national_motto": "{{native phrase|sa|\"[[Satyameva Jayate]]\"|italics|=|off}}",
  "national_anthem": "{{native phrase|bn|\"[[Jana Gana Mana]]\"|italics|=|off|paren|=|omit}} <br /> {{small|\"Thou Art the Ruler of the Minds of All People\"}} {{lower|0.2em|sfn|Wolpert|2003|p|=|1|ref| name=\"india.gov.in\"}} <br />\n<div style=\"display:inline-block;margin-top:0.4em;\"> {{sfn|Wolpert|2003|p|=|1}} {{center|[[File:Jana Gana Mana instrumental.ogg]]}} </div>",
  "languages_type": "[[National language]]",
  "languages": "None",
  "image_map": "India (orthographic projection).svg",
  "map_width": "250px",
  "alt_map": "Image of a globe centred on India, with India highlighted.",
  "map_caption": "Area controlled by India shown in dark green;<br />regions claimed but not controlled shown in light green",
  "capital": "[[New Delhi]]",
  "coordinates": "{{Coord|28|36|50|N|77|12|30|E|type:city_region:IN}}",
  "largest_city": "{{ubl|[[Mumbai]]|coord|18|58|30|N|72|49|33|E}} {{coord|18|58|30|N|72|49|33|E}}",
  "official_languages": "{{hlist |[[Hindi]]|[[Indian English|English]]|efn|According to [[Part XVII of the Constitution of India]], [[Standard Hindi|Hindi]] in the [[Devanagari]] script is the [[official language]] of the Union, along with [[Indian English|English]] as an additional official language.|sfn|Ministry of Home Affairs 1960|sfn|National Informatics Centre|2005|ref| name=\"india.gov.in2\"|{{cite web |url=https://india.gov.in/india-glance/profile |title=Profile &#124; National Portal of India |publisher=India.gov.in |accessdate=23 August 2013 |deadurl=no |archiveurl=https://web.archive.org/web/20130830064815/http://india.gov.in/india-glance/profile |archivedate=30 August 2013  }}|</ref>| [[States and union territories of India|States and union territories]] can have a different official language of their own other than Hindi or English.|ref|{{Cite web |url=http://rajbhasha.nic.in/UI/pagecontent.aspx?pc=MzU%3d |title=Constitutional Provisions \u2013 Official Language Related Part-17 of the Constitution of India |language=Hindi |website=[[National Informatics Centre]] |accessdate=1 December 2017 |deadurl=yes |archiveurl=https://web.archive.org/web/20161108170457/http://www.rajbhasha.nic.in/UI/pagecontent.aspx?pc=MzU= |archivedate=8 November 2016 |df= }}|</ref>}} {{efn|According to [[Part XVII of the Constitution of India]], [[Standard Hindi|Hindi]] in the [[Devanagari]] script is the [[official language]] of the Union, along with [[Indian English|English]] as an additional official language.|sfn|Ministry of Home Affairs 1960|sfn|National Informatics Centre|2005|ref| name=\"india.gov.in2\"|{{cite web |url=https://india.gov.in/india-glance/profile |title=Profile &#124; National Portal of India |publisher=India.gov.in |accessdate=23 August 2013 |deadurl=no |archiveurl=https://web.archive.org/web/20130830064815/http://india.gov.in/india-glance/profile |archivedate=30 August 2013  }}|</ref>| [[States and union territories of India|States and union territories]] can have a different official language of their own other than Hindi or English.}} {{sfn|Ministry of Home Affairs 1960}} {{sfn|National Informatics Centre|2005}} [[States and union territories of India|States and union territories]] can have a different official language of their own other than Hindi or English.",
  "regional_languages": "{{collapsible list\n  |titlestyle |=| background:transparent;text-align:left;font-weight:normal;font-size:100%;\n  |title |=| [[Languages with official status in India#State level|State level]] and<br />[[Languages with official status in India#Eighth Schedule to the Constitution|Eighth Schedule]]|ref| name=\"langoff\"|{{cite web |url=http://nclm.nic.in/shared/linkimages/NCLM50thReport.pdf |title=Report of the Commissioner for linguistic minorities: 50th report (July 2012 to June 2013) |pages= |publisher=Commissioner for Linguistic Minorities, Ministry of Minority Affairs, Government of India |accessdate=26 December 2014 |deadurl=yes |archiveurl=https://web.archive.org/web/20160708012438/http://nclm.nic.in/shared/linkimages/NCLM50thReport.pdf |archivedate=8 July 2016  }}|</ref>|\n| |hlist\n  | [[Assamese language|Assamese]]\n  | [[Bengali language|Bengali]]\n  | [[Bodo language|Bodo]]\n  | [[Dogri language|Dogri]]\n  | [[Gujarati language|Gujarati]]\n  | [[Kannada language|Kannada]]\n  | [[Kashmiri language|Kashmiri]]\n  | [[Kokborok]]\n  | [[Konkani language|Konkani]]\n  | [[Maithili language|Maithili]]\n  | [[Malayalam]]\n  | [[Meitei language|Manipuri]]\n  | [[Marathi language|Marathi]]\n  | [[Mizo language|Mizo]]\n  | [[Nepali language|Nepali]]\n  | [[Odia language|Odia]]\n  | [[Punjabi language|Punjabi]]\n  | [[Sanskrit language|Sanskrit]]\n  | [[Santali language|Santali]]\n  | [[Sindhi language|Sindhi]]\n  | [[Tamil language|Tamil]]\n  | [[Telugu language|Telugu]]\n  | [[Urdu]]\n  |}} {{hlist\n  | [[Assamese language|Assamese]]\n  | [[Bengali language|Bengali]]\n  | [[Bodo language|Bodo]]\n  | [[Dogri language|Dogri]]\n  | [[Gujarati language|Gujarati]]\n  | [[Kannada language|Kannada]]\n  | [[Kashmiri language|Kashmiri]]\n  | [[Kokborok]]\n  | [[Konkani language|Konkani]]\n  | [[Maithili language|Maithili]]\n  | [[Malayalam]]\n  | [[Meitei language|Manipuri]]\n  | [[Marathi language|Marathi]]\n  | [[Mizo language|Mizo]]\n  | [[Nepali language|Nepali]]\n  | [[Odia language|Odia]]\n  | [[Punjabi language|Punjabi]]\n  | [[Sanskrit language|Sanskrit]]\n  | [[Santali language|Santali]]\n  | [[Sindhi language|Sindhi]]\n  | [[Tamil language|Tamil]]\n  | [[Telugu language|Telugu]]\n  | [[Urdu]]}}",
  "demonym": "[[Indian people|Indian]]",
  "membership": "[[United Nations|UN]], [[World Trade Organization|WTO]], [[BRICS]], [[South Asian Association for Regional Cooperation|SAARC]], [[Shanghai Cooperation Organisation|SCO]], [[G8+5]], [[G20]], [[Commonwealth of Nations]]",
  "government_type": "[[Federation|Federal]] [[Parliamentary system|parliamentary]] [[republic]]",
  "leader_title1": "[[President of India|President]]",
  "leader_name1": "[[Ram Nath Kovind]]",
  "leader_title2": "[[Vice President of India|Vice President]]",
  "leader_name2": "[[Venkaiah Naidu]]",
  "leader_title3": "[[Prime Minister of India|Prime Minister]]",
  "leader_name3": "{{#statements:P6|from|=|Q668}}",
  "leader_title4": "[[Chief Justice of India|Chief Justice]]",
  "leader_name4": "[[Ranjan Gogoi]]",
  "leader_title5": "[[Speaker of the Lok Sabha]]",
  "leader_name5": "[[Om Birla]]",
  "legislature": "[[Parliament of India|Parliament]]",
  "upper_house": "[[Rajya Sabha]]",
  "lower_house": "[[Lok Sabha]]",
  "sovereignty_type": "[[Indian independence movement|Independence]]",
  "sovereignty_note": "from the [[United Kingdom]]",
  "established_event1": "[[Dominion of India|Dominion]]",
  "established_date1": "15 August 1947",
  "established_event2": "[[Republic]]",
  "established_date2": "26 January 1950",
  "area_km2": "3,287,263",
  "area_footnote": "{{efn|\"The country's exact size is subject to debate because some borders are disputed. The Indian government lists the total area as |convert|3287260|km2|sqmi|abbr|=|on| and the total land area as |convert|3060500|km2|sqmi|abbr|=|on|; the United Nations lists the total area as |convert|3287263|km2|sqmi|abbr|=|on| and total land area as |convert|2973190|km2|sqmi|abbr|=|on|.\" |harv|Library of Congress|2004|.}} {{convert|3287260|km2|sqmi|abbr|=|on}} and the total land area as {{convert|3060500|km2|sqmi|abbr|=|on}} ; the United Nations lists the total area as {{convert|3287263|km2|sqmi|abbr|=|on}} and total land area as {{convert|2973190|km2|sqmi|abbr|=|on}} .\" {{harv|Library of Congress|2004}} .",
  "area_rank": "7th",
  "area_sq_mi": "1,269,346",
  "percent_water": "9.6",
  "population_estimate": "{{increase}} {{UN Population|India}} {{UN Population|ref}}",
  "population_census": "1,210,854,977",
  "population_estimate_year": "{{UN Population|Year}}",
  "population_estimate_rank": "2nd",
  "population_census_year": "2011",
  "population_census_rank": "2nd",
  "population_density_km2": "{{Pop density|Indian population clock|3287263|km2|disp|=|num|prec|=|1}} {{Indian population clock}}",
  "population_density_sq_mi": "{{Pop density|Indian population clock|1269219|sqmi|disp|=|num|prec|=|1}} {{Indian population clock}}",
  "population_density_rank": "31st",
  "GDP_PPP": "{{increase}} $11.468&nbsp;trillion",
  "GDP_PPP_year": "2019",
  "GDP_PPP_rank": "3rd",
  "GDP_PPP_per_capita": "{{increase}} $8,484",
  "GDP_PPP_per_capita_rank": "119th",
  "GDP_nominal": "{{increase}} $2.972&nbsp;trillion",
  "GDP_nominal_year": "2019",
  "GDP_nominal_rank": "5th",
  "GDP_nominal_per_capita": "{{increase}} $2,199",
  "GDP_nominal_per_capita_rank": "142nd",
  "Gini": "33.9",
  "Gini_year": "2013",
  "Gini_rank": "79th",
  "HDI": "0.640",
  "HDI_year": "2017",
  "HDI_change": "increase",
  "HDI_rank": "{{ordinal|130}}",
  "currency": "[[Indian rupee]] ([[Indian rupee sign|\u20b9]])",
  "currency_code": "INR",
  "time_zone": "[[Indian Standard Time|IST]]",
  "utc_offset": "+05:30",
  "DST_note": "''[[Daylight saving time|DST]] is not observed''",
  "date_format": "{{nowrap|dd-mm-yyyy}}",
  "drives_on": "[[Right- and left-hand traffic#Left-hand traffic|left]]",
  "calling_code": "[[Telephone numbers in India|+91]]",
  "cctld": "[[.in]] ([[.in#Internationalized domain names and country codes|others]])",
  "englishmotto": "\"Truth Alone Triumphs\" {{lower|0.2em|sfn|National Informatics Centre|2005}} {{sfn|National Informatics Centre|2005}}",
  "religion": "{{ubl\n  | 79.8% [[Hinduism in India|Hinduism]]\n  | 14.2% [[Islam in India|Islam]]\n  | 2.3% [[Christianity in India|Christianity]]\n  | 1.7% [[Sikhism in India|Sikhism]]\n  | 0.7% [[History of Buddhism in India|Buddhism]]\n  | 0.4% [[Jainism in India|Jainism]]\n  | 0.9% others|efn|name|=|remaining religions|ref| name=\"Census2011religion\" |}} ''See [[Religion in India]]'' {{efn|name|=|remaining religions}}"
}