{
  "conventional_long_name": "Republic of Indonesia",
  "common_name": "Indonesia",
  "native_name": "{{native name|id|Republik Indonesia}}",
  "image_flag": "Flag of Indonesia.svg",
  "image_coat": "National emblem of Indonesia Garuda Pancasila.svg",
  "symbol_type": "National emblem",
  "national_motto": "''[[Bhinneka Tunggal Ika]]'' {{small|([[Kawi language|Kawi]])}} <br /> {{small|(English: \"Unity in Diversity\")}} <br />'''[[Ideology|National ideology]]: '''''[[Pancasila (politics)|Pancasila]]'' {{sfn|Vickers|2005|p|=|117}}",
  "national_anthem": "\"[[Indonesia Raya]]\"<br /> {{small|(English: \"Great Indonesia\")}} <div style=\"padding-top:0.5em;\">[[File:Indonesiaraya.ogg|center]]</div>",
  "image_map": "Indonesia (orthographic projection).svg",
  "map_width": "230px",
  "capital": "[[Jakarta]]",
  "largest_city": "[[Jakarta]]",
  "coordinates": "{{Coord|6|10.5|S|106|49.7|E|type:city}}",
  "languages_type": "Official language <br /> {{nobold|and national language}}",
  "languages": "[[Indonesian language|Indonesian]]",
  "languages2_type": "'''Regional languages'''",
  "languages2_sub": "yes",
  "languages2": "Over [[Languages of Indonesia|700 languages]]",
  "ethnic_groups": "Over [[Ethnic groups in Indonesia|300 ethnic groups]]",
  "religion_year": "2010",
  "religion": "{{ublist|item_style|=|white-space:nowrap;|87.2% [[Islam in Indonesia|Islam]]|9.9% [[Christianity in Indonesia|Christianity]]|\u20147.0% [[Protestantism in Indonesia|Protestantism]]|\u20142.9% [[Catholic Church in Indonesia|Roman Catholicism]]|1.7% [[Hinduism in Indonesia|Hinduism]]|0.7% [[Buddhism in Indonesia|Buddhism]]|0.2% [[Confucianism in Indonesia|Confucianism]]<br />and [[Religion in Indonesia|others]]}}",
  "demonym": "[[Indonesians|Indonesian]]",
  "government_type": "[[Unitary state|Unitary]] [[Presidential system|presidential]] [[Republic|constitutional republic]]",
  "leader_title1": "[[President of Indonesia|President]]",
  "leader_name1": "[[Joko Widodo]]",
  "leader_title2": "[[Vice President of Indonesia|Vice-President]]",
  "leader_name2": "[[Jusuf Kalla]]",
  "leader_title3": "[[People's Representative Council|DPR Speaker]]",
  "leader_name3": "[[Bambang Soesatyo]]",
  "leader_title4": "[[Chief Justice of the Supreme Court of Indonesia|Chief Justice]]",
  "leader_name4": "[[Muhammad Hatta Ali]]",
  "legislature": "[[People's Consultative Assembly]] (MPR)",
  "upper_house": "[[Regional Representative Council]] (DPD)",
  "lower_house": "[[People's Representative Council]] (DPR)",
  "sovereignty_type": "[[History of Indonesia|Formation]]",
  "established_event1": "[[History of Indonesia|Hindu and Buddhist kingdoms]]",
  "established_date1": "2nd century",
  "established_event2": "[[Spread of Islam in Indonesia|Islamic sultanates]]",
  "established_date2": "13th century",
  "established_event3": "[[Dutch East India Company]]",
  "established_date3": "20 March 1602",
  "established_event4": "[[Dutch East Indies]]",
  "established_date4": "1 January 1800",
  "established_event5": "[[Japanese occupation of the Dutch East Indies|Japanese occupation]]",
  "established_date5": "9 March 1942",
  "established_event6": "[[Proclamation of Indonesian Independence|Independence proclaimed]]",
  "established_date6": "17 August 1945",
  "established_event7": "[[Dutch\u2013Indonesian Round Table Conference|Recognition]] and [[United States of Indonesia|federation]]",
  "established_date7": "27 December 1949",
  "established_event8": "Unitary republic",
  "established_date8": "17 August 1950",
  "area_km2": "1,904,569",
  "area_label": "[[Land area|Land]]",
  "area_rank": "14th",
  "area_sq_mi": "735,358",
  "area_label2": "[[Water area|Water (%)]]",
  "area_data2": "4.85",
  "population_estimate": "{{UN_Population|Indonesia}} {{UN_Population|ref}}",
  "population_census": "237,641,326",
  "population_estimate_year": "{{UN_Population|Year}}",
  "population_census_year": "2010",
  "population_census_rank": "4th",
  "population_density_km2": "138",
  "population_density_sq_mi": "357",
  "population_density_rank": "88th",
  "GDP_PPP": "$3.740 trillion",
  "GDP_PPP_year": "2019",
  "GDP_PPP_rank": "7th",
  "GDP_PPP_per_capita": "{{increase}} $14,020",
  "GDP_PPP_per_capita_rank": "89th",
  "GDP_nominal": "$1.100 trillion",
  "GDP_nominal_year": "2019",
  "GDP_nominal_rank": "16th",
  "GDP_nominal_per_capita": "$4,120",
  "GDP_nominal_per_capita_rank": "106th",
  "Gini": "39.5",
  "Gini_year": "2017",
  "Gini_change": "increase",
  "HDI": "0.694",
  "HDI_year": "2017",
  "HDI_change": "increase",
  "HDI_rank": "116th",
  "currency": "[[Indonesian rupiah]] (Rp)",
  "currency_code": "IDR",
  "time_zone": "[[Time in Indonesia|various]]",
  "utc_offset": "+7 to +9",
  "date_format": "DD/MM/YYYY",
  "drives_on": "left",
  "calling_code": "[[+62]]",
  "cctld": "[[.id]]"
}