{
  "conventional_long_name": "Islamic Republic of Iran",
  "common_name": "Iran",
  "native_name": "{{nobold|native name|fa|\u062c\u0645\u0647\u0648\u0631\u06cc \u0627\u0633\u0644\u0627\u0645\u06cc \u0627\u06cc\u0631\u0627\u0646|italics|=|off}} <br /><small> {{native name|fa|\u062c\u0645\u0647\u0648\u0631\u06cc \u0627\u0633\u0644\u0627\u0645\u06cc \u0627\u06cc\u0631\u0627\u0646|italics|=|off}} {{transl|fa|Jomhuri-ye Esl\u0101mi-ye Ir\u0101n}} </small>",
  "image_flag": "Flag of Iran.svg",
  "image_coat": "Emblem of Iran.svg",
  "symbol_type": "Emblem",
  "national_motto": "<br /> {{lang|fa|\u0627\u0633\u062a\u0642\u0644\u0627\u0644\u060c \u0622\u0632\u0627\u062f\u06cc\u060c \u062c\u0645\u0647\u0648\u0631\u06cc \u0627\u0633\u0644\u0627\u0645\u06cc}} <br /> {{small|transl|fa|Esteql\u0101l, \u0100z\u0101di, Jomhuri-ye Esl\u0101mi}} {{transl|fa|Esteql\u0101l, \u0100z\u0101di, Jomhuri-ye Esl\u0101mi}}",
  "national_anthem": "<br /> {{lang|fa|\u0633\u0631\u0648\u062f \u0645\u0644\u06cc \u062c\u0645\u0647\u0648\u0631\u06cc \u0627\u0633\u0644\u0627\u0645\u06cc \u0627\u06cc\u0631\u0627\u0646}} <br /> {{nowrap|transl|fa|Sorud-e Melli-ye Jomhuri-ye Esl\u0101mi-ye Ir\u0101n}} <br /> {{transl|fa|Sorud-e Melli-ye Jomhuri-ye Esl\u0101mi-ye Ir\u0101n}} {{nowrap|(|lang|en|\"[[National Anthem of the Islamic Republic of Iran]]\"|)}} <br />[[File:Sorud-e Mell\u00ed-e Yomhur\u00ed-e Eslam\u00ed-e Ir\u00e1n (instrumental).oga|center]] {{lang|en|\"[[National Anthem of the Islamic Republic of Iran]]\"}} )",
  "image_map": "Iran (orthographic projection).svg",
  "capital": "[[Tehran]]",
  "coordinates": "{{Coord|35|41|N|51|25|E|type:city}}",
  "largest_city": "capital",
  "official_languages": "[[Persian language|Persian]]",
  "regional_languages": "{{Collapsible list\n| titlestyle |=| background:transparent;text-align:left;font-weight:normal;font-size:100%;\n| title |=| List of languages | 53% [[Persian language|Persian]] | 18% [[Azerbaijani language|Azerbaijani]] and other [[Turkic languages|Turkic dialects]] |midsize|(incl. [[Qashqai language|Qashqai]], [[Turkmen language|Turkmen]])| | 10% [[Kurdish language|Kurdish]] | 7% [[Gilaki language|Gilak]] and [[Mazanderani language|Mazanderani]] | 6% [[Luri Language|Lurish]] | 2% [[Balochi language|Balochi]] | 2% [[Arabic]] | 2% other |midsize|(incl. [[Armenian language|Armenian]], [[Assyrian Neo-Aramaic|Assyrian]], [[Georgian language|Georgian]], [[Laki language|Laki]], [[Semnani languages|Semnani]], [[Talysh language|Talysh]], [[Tati language (Iran)|Tati]])|ref| name=\"worldfactbook\"|{{cite web |url=https://www.cia.gov/library/publications/the-world-factbook/geos/ir.html |title=The World Factbook \u2013 Iran |accessdate=2008-04-21 |deadurl=yes |archiveurl=https://web.archive.org/web/20120203093100/https://www.cia.gov/library/publications/the-world-factbook/geos/ir.html |archivedate=3 February 2012 |df=dmy}}|</ref>}} {{midsize|(incl. [[Qashqai language|Qashqai]], [[Turkmen language|Turkmen]])}} {{midsize|(incl. [[Armenian language|Armenian]], [[Assyrian Neo-Aramaic|Assyrian]], [[Georgian language|Georgian]], [[Laki language|Laki]], [[Semnani languages|Semnani]], [[Talysh language|Talysh]], [[Tati language (Iran)|Tati]])}}",
  "ethnic_groups": "{{Collapsible list\n| titlestyle |=| background:transparent;text-align:left;font-weight:normal;font-size:100%;\n| title |=| List of ethnicities | 61% [[Persian people|Persian]] | 16% [[Azerbaijanis|Azerbaijani]] | 10% [[Kurds|Kurdish]] | 6% [[Lurs|Lur]] |midsize|(incl. [[Bakhtiari people|Bakhtiari]])| | 2% [[Turkmens|Turkmen]] and [[List of ethnic groups known as \"Iranian Turks\"|other Turkic tribes]] | 2% [[Baloch people|Baloch]] | 2% [[Iranian Arabs|Arab]] | 1% other|ref| name=\"worldfactbook\"}} {{midsize|(incl. [[Bakhtiari people|Bakhtiari]])}}",
  "religion": "{{small|State religion:}} <br />[[Islam]] {{midsize|([[Twelver|Twelver Shia]])}} <br /> {{small|Constitutionally recognized minorities:}} <br />[[Islam]] {{midsize|([[Hanafi]], [[Shafi'i]], [[Maliki]], [[Hanbali]], [[Zaidiyyah|Zaydi]])}} ,<br />[[Christianity]] {{midsize|([[Armenian Apostolic Church|Armenian]], [[Assyrian Church of the East|Assyrian]], [[Chaldean Catholic Church|Chaldean]])}} ,<br />[[Judaism]],<br />[[Zoroastrianism]]",
  "demonym": "Iranian,<br />Persian (''historically'')",
  "government_type": "{{small|''de jure'':}} <br />[[Unitary state|Unitary]] [[Political thought and legacy of Ruhollah Khomeini|Khomeinist]] [[Presidential system|presidential]] [[Islamic republic#Iran|Islamic republic]]<br /> {{small|''de facto'':}} <br />[[Unitary state|Unitary]] [[Theocracy#Iran|theocratic]]-[[republic]]an [[Authoritarianism|authoritarian]] [[Presidential system|presidential republic]] subject to a [[Supreme Leader of Iran|Supreme Leader]]",
  "leader_title1": "[[Supreme Leader of Iran|Supreme Leader]]",
  "leader_name1": "{{nowrap|[[Ali Khamenei]]}}",
  "leader_title2": "[[President of Iran|President]]",
  "leader_name2": "[[Hassan Rouhani]]",
  "leader_title3": "[[Vice President of Iran|First Vice President]]",
  "leader_name3": "[[Eshaq Jahangiri]]",
  "leader_title4": "[[List of Speakers of the Parliament of Iran|Parliament Speaker]]",
  "leader_name4": "[[Ali Larijani]]",
  "leader_title5": "[[Chief Justice of Iran|Chief Justice]]",
  "leader_name5": "[[Ebrahim Raisi]]",
  "lower_house": "[[Islamic Consultative Assembly]]",
  "upper_house": "[[Expediency Discernment Council]] <br />[[Guardian Council]]",
  "sovereignty_type": "Establishment history",
  "established_event1": "[[Median Empire]]",
  "established_date1": "c. 678 BC",
  "established_event2": "[[Achaemenid Empire]]",
  "established_date2": "550 BC",
  "established_event3": "[[Parthian Empire]]",
  "established_date3": "247 BC",
  "established_event4": "[[Sasanian Empire]]",
  "established_date4": "224 AD",
  "established_event5": "[[Buyid dynasty]]",
  "established_date5": "934 AD",
  "established_event6": "[[Safavid dynasty]]",
  "established_date6": "1501",
  "established_event7": "[[Pahlavi dynasty]]",
  "established_date7": "15 December 1925",
  "established_event8": "[[Iranian Revolution|Islamic Revolution]]",
  "established_date8": "7 January 1978 \u2013 11 February 1979",
  "established_event9": "[[Constitution of the Islamic Republic of Iran|Current constitution]]",
  "established_date9": "24 October 1979",
  "established_event10": "[[1989 Iranian constitutional referendum|Latest amendment]]",
  "established_date10": "28 July 1989",
  "area_km2": "1,648,195",
  "area_rank": "17th",
  "area_sq_mi": "636,372",
  "percent_water": "7.07",
  "population_estimate": "82,531,700",
  "population_estimate_year": "2018",
  "population_estimate_rank": "18th",
  "population_density_km2": "48",
  "population_density_sq_mi": "124",
  "population_density_rank": "162nd",
  "GDP_PPP": "$1.540 trillion",
  "GDP_PPP_year": "2019",
  "GDP_PPP_rank": "18th",
  "GDP_PPP_per_capita": "$18,504",
  "GDP_nominal": "$484 billion",
  "GDP_nominal_year": "2019",
  "GDP_nominal_rank": "27th",
  "GDP_nominal_per_capita": "$5,820",
  "Gini": "37.4",
  "Gini_year": "2013",
  "Gini_change": "{{decrease}}",
  "HDI": "0.798",
  "HDI_year": "2017",
  "HDI_change": "increase",
  "HDI_rank": "60th",
  "currency": "[[Iranian rial|Rial]] ( {{wikt-lang|fa|\u0631\u06cc\u0627\u0644}} )",
  "currency_code": "IRR",
  "time_zone": "[[Iran Standard Time|IRST]]",
  "utc_offset": "+3:30",
  "utc_offset_DST": "+4:30",
  "time_zone_DST": "IRDT",
  "date_format": "<span dir=\"rtl\">yyyy/mm/dd</span> ([[Solar Hijri calendar|SH]])",
  "drives_on": "right",
  "calling_code": "[[Telephone numbers in Iran|+98]]",
  "iso3166code": "IR",
  "cctld": "{{unbulleted list |[[.ir]] |[[.ir|\u0627\u06cc\u0631\u0627\u0646.]]}}",
  "englishmotto": "(\"Independence, freedom, the Islamic Republic\") <br /> {{small|(''[[de facto]]'')}}"
}