{
  "conventional_long_name": "Israel",
  "native_name": "{{unbulleted list|nobold|native name|he|\u05d9\u05e9\u05e8\u05d0\u05dc|italics|=|off|nobold|native name|ar|\u0625\u0633\u0631\u0627\u0626\u064a\u0644|italics|=|off}} {{nobold|native name|he|\u05d9\u05e9\u05e8\u05d0\u05dc|italics|=|off}} {{native name|he|\u05d9\u05e9\u05e8\u05d0\u05dc|italics|=|off}} {{nobold|native name|ar|\u0625\u0633\u0631\u0627\u0626\u064a\u0644|italics|=|off}} {{native name|ar|\u0625\u0633\u0631\u0627\u0626\u064a\u0644|italics|=|off}}",
  "common_name": "Israel",
  "image_flag": "Flag of Israel.svg",
  "alt_flag": "Centered blue star within a horizontal triband",
  "image_coat": "Emblem of Israel.svg",
  "alt_coat": "Centered menorah surrounded by two olive branches",
  "symbol_type": "Emblem",
  "national_anthem": "\"[[Hatikvah]]\" ( {{Lang-en|\"The Hope\"}} )<br /><br />[[File:Hatikvah instrumental.ogg|center]]",
  "image_map": "ISR orthographic.svg",
  "alt_map": "Location of Israel (in green) on the globe.",
  "image_map2": "Israel - Location Map (2012) - ISR - UNOCHA.svg",
  "map_caption2": "1967 border ([[Green Line (Israel)|Green Line]])",
  "capital": "[[Jerusalem]] ''([[Status of Jerusalem|limited&nbsp;recognition]])'' {{refn|group|=|fn|Recognition by other UN member states: [[Australia]] ([[West Jerusalem]]),|ref| name=\"ausj\"|{{Cite web |url=https://www.bbc.co.uk/news/world-australia-46576716 |title=Australia recognises West Jerusalem as Israeli capital |publisher=BBC |date=15 December 2018}}|</ref>| [[Russia]] ([[West Jerusalem]]),|ref|{{cite web |title=Foreign Ministry statement regarding Palestinian-Israeli settlement |url=http://www.mid.ru/en/foreign_policy/news/-/asset_publisher/cKNonkJE02Bw/content/id/2717182 |website=www.mid.ru |date=6 April 2017}}|</ref>| the [[Czech Republic]] ([[West Jerusalem]]),|ref|{{cite web|url=http://www.jpost.com/Breaking-News/Czech-Republic-announces-it-recognizes-West-Jerusalem-as-Israels-capital-517241|title=Czech Republic announces it recognizes West Jerusalem as Israel's capital|newspaper=Jerusalem Post|date=6 December 2017|access-date=6 December 2017|quote=\"The Czech Republic currently, before the peace between Israel and Palestine is signed, recognizes Jerusalem to be in fact the capital of Israel in the borders of the demarcation line from 1967.\" The Ministry also said that it would only consider relocating its embassy based on \"results of negotiations.\"}}|</ref>| [[Guatemala]],|ref|{{cite web|url=https://www.infobae.com/america/mundo/2017/12/24/guatemala-se-suma-a-eeuu-y-tambien-trasladara-su-embajada-en-israel-a-jerusalen/|title=Guatemala se suma a EEUU y tambi\u00e9n trasladar\u00e1 su embajada en Israel a Jerusal\u00e9n|trans-title=Guatemala joins US, will also move embassy to Jerusalem|website=Infobae|date=24 December 2017|language=es}} Guatemala's embassy was located in Jerusalem until the 1980s, when it was moved to Tel Aviv.|</ref>| and the [[United States]].|ref|{{cite news|url=https://www.nytimes.com/2017/12/06/world/middleeast/trump-jerusalem-israel-capital.html|title=Trump Recognizes Jerusalem as Israel's Capital and Orders U.S. Embassy to Move|newspaper=The New York Times|date=6 December 2017|access-date=6 December 2017}}|</ref>}} [[Russia]] ([[West Jerusalem]]), the [[Czech Republic]] ([[West Jerusalem]]), [[Guatemala]], and the [[United States]].",
  "coordinates": "{{coord|31|47|N|35|13|E|region:IL-JM_type:city(880000)}}",
  "largest_city": "capital",
  "official_languages": "[[Modern Hebrew|Hebrew]]",
  "languages_type": "Recognized languages",
  "languages": "[[Modern Standard Arabic|Arabic]] {{refn|group|=|fn|Arabic previously had been considered an official language of the State of Israel.|ref| name=lang1|{{cite url |title=Arabic in Israel:  an official language and a cultural bridge |url=http://mfa.gov.il/MFA/IsraelExperience/Culture/Pages/Arabic-in-Israel--an-official-language-and-a-cultural-bridge-18-December-2016.aspx |website=Israel Ministry of Foreign Affairs |date=18 December 2016|access-date=8 August 2018}}|</ref>| In 2018 [[Basic Law: Israel as the Nation-State of the Jewish People|it was classified]] as having a 'special status in the state' with its use by state institutions to be set in law.|ref| name=lang2|{{cite news |title=Israel Passes 'National Home' Law, Drawing Ire of Arabs |url=https://www.nytimes.com/2018/07/18/world/middleeast/israel-passes-national-home-law.html |work=The New York Times |date=19 July 2018 |language=en}}|</ref>|ref| name=lang3|{{cite news |last1=Lubell |first1=Maayan |title=Israel adopts divisive Jewish nation-state law |url=https://www.reuters.com/article/us-israel-politics-law/israel-adopts-divisive-jewish-nation-state-law-idUSKBN1K901V |work=Reuters |date=19 July 2018}}|</ref>|ref| name=lang4|{{cite web |title=Press Releases from the Knesset |url=https://knesset.gov.il/spokesman/eng/PR_eng.asp?PRID=13978 |website=Knesset website |date=19 July 2018 |quote=The Arabic language has a special status in the state; Regulating the use of Arabic in state institutions or by them will be set in law.}}|</ref>}} In 2018 [[Basic Law: Israel as the Nation-State of the Jewish People|it was classified]] as having a 'special status in the state' with its use by state institutions to be set in law.",
  "ethnic_groups": "{{unbulleted list|74.2% [[Israeli Jews|Jewish]]|20.9% [[Arab citizens of Israel|Arab]]|4.8% [[Demographics of Israel|other]]|ref| name=\"population_stat2019\"}}",
  "ethnic_groups_year": "2019",
  "religion": "{{unbulleted list|74.2% [[Israeli Jews|Jewish]]|17.8% [[Islam in Israel|Muslim]]|2.0% [[Christianity in Israel|Christian]]|1.59% [[Druze in Israel|Druze]]|4.4% [[Religion in Israel|other]]|ref| name=\"population_stat2019\"}}",
  "religion_year": "2019",
  "demonym": "[[Israelis|Israeli]]",
  "government_type": "[[Unitary parliamentary republic]]",
  "leader_title1": "[[President of Israel|President]]",
  "leader_name1": "[[Reuven Rivlin]]",
  "leader_title2": "[[Prime Minister of Israel|Prime Minister]]",
  "leader_name2": "[[Benjamin Netanyahu]]",
  "leader_title3": "[[List of Knesset speakers|Knesset Speaker]]",
  "leader_name3": "[[Yuli-Yoel Edelstein]]",
  "leader_title4": "[[Supreme Court of Israel|Chief Justice]]",
  "leader_name4": "[[Esther Hayut]]",
  "legislature": "[[Knesset]]",
  "sovereignty_type": "[[History of Israel|Independence]]",
  "established_event1": "[[Israeli Declaration of Independence|Declared]]",
  "established_date1": "14 May 1948",
  "established_event2": "[[Israel, Palestine, and the United Nations|Admission to UNO]]",
  "established_date2": "11 May 1949",
  "area_km2": "20,770\u201322,072",
  "area_sq_mi": "8,019\u20138,522",
  "area_rank": "150th",
  "area_footnote": "{{ref label|area|a}}",
  "percent_water": "2.1",
  "population_estimate": "{{data Israel|poptoday|formatnum}}",
  "population_estimate_year": "{{CURRENTYEAR}}",
  "population_estimate_rank": "99th",
  "population_census": "7,412,200",
  "population_census_year": "2008",
  "population_density_km2": "{{pop density|data Israel|poptoday|22072|km2|prec|=|0|disp|=|num}} {{data Israel|poptoday}}",
  "population_density_rank": "35th",
  "GDP_PPP": "$353.645 billion {{refn|group|=|fn|name|=|oecd|Israeli population and economic data covers the economic territory of Israel, including the Golan Heights, East Jerusalem and Israeli settlements in the West Bank.|sfn|OECD|2011|ref|[http://mas.ps/files/server/20141911093442-1.pdf ''Quarterly Economic and Social Monitor''], Volume 26, October 2011, p. 57: \"When Israel bid in March 2010 for membership in the 'Organization for Economic Co-operation and Development'... some members questioned the accuracy of Israeli statistics, as the Israeli figures (relating to gross domestic product, spending and number of the population) cover geographical areas that the Organization does not recognize as part of the Israeli territory. These areas include East Jerusalem, Israeli settlements in the West Bank and the Golan Heights.\"|</ref>}} {{sfn|OECD|2011}}",
  "GDP_PPP_rank": "54th",
  "GDP_PPP_year": "2019",
  "GDP_PPP_per_capita": "$39,106",
  "GDP_PPP_per_capita_rank": "35th",
  "GDP_nominal": "$390.656 billion",
  "GDP_nominal_rank": "32nd",
  "GDP_nominal_year": "2019",
  "GDP_nominal_per_capita": "$43,199",
  "GDP_nominal_per_capita_rank": "20th",
  "Gini": "42.8",
  "Gini_rank": "48th",
  "Gini_year": "2013",
  "HDI_year": "2017",
  "HDI": "0.903",
  "HDI_change": "increase",
  "HDI_rank": "22nd",
  "currency": "[[Israeli new shekel|New shekel]] ( {{rtl-lang|he|\u20aa}} )",
  "currency_code": "ILS",
  "time_zone": "[[Israel Standard Time|IST]]",
  "utc_offset": "+2",
  "time_zone_DST": "[[Israel Summer Time|IDT]]",
  "utc_offset_DST": "+3",
  "date_format": "{{unbulleted list|rtl-lang|he|\u05d9\u05d9-\u05d7\u05d7-\u05e9\u05e9\u05e9\u05e9| ([[Anno Mundi|AM]])|dd-mm-yyyy ([[Common Era|CE]])}} {{rtl-lang|he|\u05d9\u05d9-\u05d7\u05d7-\u05e9\u05e9\u05e9\u05e9}} ([[Anno Mundi|AM]])",
  "drives_on": "right",
  "cctld": "[[.il]]",
  "iso3166code": "IL",
  "calling_code": "+972",
  "official_website": "{{URL|http://www.israel.org/}}",
  "footnote_a": "{{note|area}} 20,770 km<sup>2</sup> is Israel within the [[Green Line (Israel)|Green Line]]. 22,072 km<sup>2</sup> includes the [[annexed]] [[Golan Heights]] (c. {{convert|1,200|km2|abbr|=|on}} ) and [[East Jerusalem]] (c. {{convert|64|km\u00b2|0|abbr|=|on}} )."
}