{
  "conventional_long_name": "Kyrgyz Republic",
  "common_name": "Kirghizia",
  "native_name": "{{unbulleted list \n|native name|ky|\u041a\u044b\u0440\u0433\u044b\u0437 \u0420\u0435\u0441\u043f\u0443\u0431\u043b\u0438\u043a\u0430\u0441\u044b|italics|=|off|<br/>''|small|K\u0131r\u011f\u0131z Respublikas\u0131|''\n|native name|ru|\u041a\u044b\u0440\u0433\u044b\u0437\u0441\u043a\u0430\u044f \u0420\u0435\u0441\u043f\u0443\u0431\u043b\u0438\u043a\u0430|italics|=|off|<br/>''|small|Kyrgyzskaya Respublika|''}} {{native name|ky|\u041a\u044b\u0440\u0433\u044b\u0437 \u0420\u0435\u0441\u043f\u0443\u0431\u043b\u0438\u043a\u0430\u0441\u044b|italics|=|off}} <br/>'' {{small|K\u0131r\u011f\u0131z Respublikas\u0131}} '' {{native name|ru|\u041a\u044b\u0440\u0433\u044b\u0437\u0441\u043a\u0430\u044f \u0420\u0435\u0441\u043f\u0443\u0431\u043b\u0438\u043a\u0430|italics|=|off}} <br/>'' {{small|Kyrgyzskaya Respublika}} ''",
  "image_flag": "Flag of Kyrgyzstan.svg",
  "image_coat": "National emblem of Kyrgyzstan 2016.svg",
  "symbol_type": "Emblem",
  "national_anthem": "[[National Anthem of the Kyrgyz Republic|\u041a\u044b\u0440\u0433\u044b\u0437 \u0420\u0435\u0441\u043f\u0443\u0431\u043b\u0438\u043a\u0430\u0441\u044b\u043d\u044b\u043d \u041c\u0430\u043c\u043b\u0435\u043a\u0435\u0442\u0442\u0438\u043a \u0413\u0438\u043c\u043d\u0438]]<br/> {{transl|ky|K\u0131r\u011f\u0131z Respublikas\u0131n\u0131n Mamlekettik Gimni}} <br/> {{small|\"National Anthem of the Kyrgyz Republic\"}} <br/>[[File:Kyrgyzstan (instrumental).ogg|center]]",
  "image_map": "Kyrgyzstan (orthographic projection).svg",
  "map_caption": "{{map caption |location_color|=| green}}",
  "capital": "[[Bishkek]]",
  "coordinates": "{{Coord|42|52|N|74|36|E|type:city}}",
  "largest_city": "capital",
  "official_languages": "{{unbulleted list |[[Kyrgyz language|Kyrgyz]] |small|(official state language)| |[[Russian language|Russian]] \n|small|(co-official)|ref|{{cite web |title=Constitution of the Kyrgyz Republic |publisher=[[Constitution of Kyrgyzstan]]|url=https://www.refworld.org/pdfid/3ae6b5ae0.pdf |website=www.refworld.org |quote=<br/>Article 5<br/>1. The state language of the Kyrgyz Republic shall be the Kyrgyz language.<br/>2. In the Kyrgyz Republic, the Russian language shall be used in the capacity of an official language.}}|</ref>}} {{small|(official state language)}} {{small|(co-official)|ref|{{cite web |title=Constitution of the Kyrgyz Republic |publisher=[[Constitution of Kyrgyzstan]]|url=https://www.refworld.org/pdfid/3ae6b5ae0.pdf |website=www.refworld.org |quote=<br/>Article 5<br/>1. The state language of the Kyrgyz Republic shall be the Kyrgyz language.<br/>2. In the Kyrgyz Republic, the Russian language shall be used in the capacity of an official language.}}|</ref>}}",
  "ethnic_groups": "{{unbulleted list\n  | 73.5% [[Kyrgyzs|Kyrgyz]]|ref| name=number|\n  | 14.7% [[Uzbeks|Uzbek]]\n  |  5.5% [[Russians|Russian]]\n  |  1.1% [[Dungans|Dungan]]\n  |  5.2% [[Demographics of Kyrgyzstan#Ethnic groups|Other]]}}",
  "ethnic_groups_year": "2019",
  "religion": "{{unbulleted list\n  | 82.7% [[Islam]]\n  | 16.0% [[Christianity]]\n  |  1.3% others}}",
  "demonym": "Kyrgyzstani; Kyrgyz",
  "government_type": "[[Unitary state|Unitary]] [[Parliamentary system|parliamentary]] [[Republic|constitutional republic]]",
  "leader_title1": "[[President of Kyrgyzstan|President]]",
  "leader_name1": "{{nowrap|[[Sooronbay Jeenbekov]]}}",
  "leader_title2": "[[Prime Minister of Kyrgyzstan|Prime Minister]]",
  "leader_name2": "[[Muhammetkaliy Abulgaziyev]]",
  "leader_title3": "[[List of Chairmen of the Supreme Council of Kyrgyzstan|T\u00f6ra\u011fa of the Jo\u011forqu Ke\u00f1e\u015f]]",
  "leader_name3": "[[Dastan Jumabekov]]",
  "legislature": "[[Supreme Council (Kyrgyzstan)|Jo\u011forqu Ke\u00f1e\u015f]]",
  "established_event1": "[[Kara-Kirghiz Autonomous Oblast|Kara-Kirghiz AO]]",
  "sovereignty_type": "[[History of the Soviet Union (1985\u20131991)|Independence]] {{nobold|from the [[Soviet Union]]}}",
  "established_event2": "[[Kirghiz Soviet Socialist Republic|Kirghiz SSR]]",
  "established_date1": "14 October 1924",
  "established_event3": "Independence declared",
  "established_date2": "5 December 1936",
  "established_event5": "Recognized",
  "established_date3": "31 August 1991",
  "established_date5": "25 December 1991",
  "established_event4": "[[Alma-Ata Protocol|CIS full membership]]",
  "established_date4": "21 December 1991",
  "established_event6": "[[United Nations Security Council Resolution 736|Admitted to the]] [[United Nations]]",
  "established_date6": "2 March 1992",
  "established_event7": "[[Constitution of Kyrgyzstan|Current constitution]]",
  "established_date7": "27 June 2010",
  "area_km2": "199,951",
  "area_rank": "85th",
  "area_sq_mi": "77,181",
  "percent_water": "3.6",
  "population_estimate": "{{increase}} 6,389,500",
  "population_census": "5,362,800",
  "population_estimate_year": "2019",
  "population_estimate_rank": "110th",
  "population_census_year": "2009",
  "population_density_km2": "27.4",
  "population_density_rank": "176th",
  "population_density_sq_mi": "71",
  "GDP_PPP": "$24.356 billion",
  "GDP_PPP_year": "2018",
  "GDP_PPP_rank": "139th",
  "GDP_PPP_per_capita": "$3,812",
  "GDP_PPP_per_capita_rank": "147th",
  "GDP_nominal": "$8.013 billion",
  "GDP_nominal_year": "2018",
  "GDP_nominal_rank": "145th",
  "GDP_nominal_per_capita": "$1,254",
  "GDP_nominal_per_capita_rank": "157th",
  "Gini": "27.3",
  "Gini_year": "2017",
  "HDI": "0.672",
  "HDI_year": "2017",
  "HDI_change": "increase",
  "HDI_rank": "122th",
  "currency": "[[Kyrgyzstani som|Som]] (<u>c</u>)",
  "currency_code": "KGS",
  "time_zone": "[[Kyrgyzstan Time|KGT]]",
  "utc_offset": "+6",
  "drives_on": "right",
  "calling_code": "[[Telephone numbers in Kyrgyzstan|+996]]",
  "iso3166code": "KG",
  "cctld": "[[.kg]]"
}