{
  "conventional_long_name": "Lao People's Democratic Republic",
  "common_name": "Laos",
  "native_name": "{{ubl|native name|lo|\u0eaa\u0eb2\u0e97\u0eb2\u0ea5\u0eb0\u0e99\u0eb0\u0ea5\u0eb1\u0e94 \u0e9b\u0eb0\u0e8a\u0eb2\u0e97\u0eb4\u0e9b\u0eb0\u0ec4\u0e95 \u0e9b\u0eb0\u0e8a\u0eb2\u0e8a\u0ebb\u0e99\u0ea5\u0eb2\u0ea7<wbr />|''Sathalanalat Paxathipatai Paxaxon Lao'' |small|([[Romanization of Lao|Lao romanisation]])|native name|fr|R\u00e9publique d\u00e9mocratique populaire lao}} {{native name|lo|\u0eaa\u0eb2\u0e97\u0eb2\u0ea5\u0eb0\u0e99\u0eb0\u0ea5\u0eb1\u0e94 \u0e9b\u0eb0\u0e8a\u0eb2\u0e97\u0eb4\u0e9b\u0eb0\u0ec4\u0e95 \u0e9b\u0eb0\u0e8a\u0eb2\u0e8a\u0ebb\u0e99\u0ea5\u0eb2\u0ea7<wbr />}} {{small|([[Romanization of Lao|Lao romanisation]])}} {{native name|fr|R\u00e9publique d\u00e9mocratique populaire lao}}",
  "image_flag": "Flag of Laos.svg",
  "image_coat": "Coat of arms of Laos.svg",
  "symbol_type": "Emblem",
  "national_motto": "\" {{lang|lo|\u0eaa\u0eb1\u0e99\u0e95\u0eb4\u0e9e\u0eb2\u0e9a \u0ec0\u0ead\u0e81\u0eb0\u0ea5\u0eb2\u0e94 \u0e9b\u0eb0\u0e8a\u0eb2\u0e97\u0eb4\u0e9b\u0eb0\u0ec4\u0e95 \u0ec0\u0ead\u0e81\u0eb0\u0e9e\u0eb2\u0e9a \u0ea7\u0eb1\u0e94\u0e97\u0eb0\u0e99\u0eb0\u0e96\u0eb2\u0ea7\u0ead\u0e99}} \"<br/>\"''Santiphab ekalad pasathipatai ekaphab  vadtha na thauaon''\" {{small|(Lao romanisation)}} <br/>\" {{lang|fr|Paix, ind\u00e9pendance, d\u00e9mocratie, unit\u00e9 et prosp\u00e9rit\u00e9}} \"<br/> {{small|(|lang-en|\"Peace, independence, democracy, unity and prosperity\"|)}} {{lang-en|\"Peace, independence, democracy, unity and prosperity\"}} )",
  "national_anthem": "\"[[Pheng Xat Lao]]\"<br /> {{small|(|lang-en|\"Lao National Anthem\"|)}} <div style=\"padding-top:0.5em;\">[[File:National Anthem of Laos.ogg|center]]</div> {{lang-en|\"Lao National Anthem\"}} )",
  "image_map": "[[File:Location Laos ASEAN.svg|250px]]",
  "map_caption": "{{map caption |location_color|=|green |region|=|[[ASEAN]] |region_color|=|dark grey |legend|=|Location Laos ASEAN.svg}}",
  "capital": "[[Vientiane]]",
  "coordinates": "{{Coord|17|58|N|102|36|E|type:city}}",
  "largest_city": "capital",
  "official_languages": "[[Lao language|Lao]]",
  "recognised_languages": "[[French language|French]]",
  "languages_type": "Spoken languages",
  "languages": "{{hlist|[[Lao language|Lao]]|[[Hmong language|Hmong]]|[[Khmu language|Khmu]]|[[French language|French]]}}",
  "ethnic_groups": "{{unbulleted list\n | 53.2% [[Lao people|Lao]]\n | 11% [[Khmu people|Khmu]]\n | 9.2% [[Hmong people|Hmong]]\n | 3.4% Phouthai\n | 3.1% [[Tai people|Tai]]\n | 2.5% Makong\n | 2.2% [[Katang people|Katang]]\n | 2.0% [[Lu people|Lue]]\n | 1.8% [[Akha people|Akha]]\n | 11.6% other<sup>a</sup>}}",
  "ethnic_groups_year": "2005",
  "demonym": "[[Demographics of Laos|Lao]]<br />[[Demographics of Laos|Laotian]]",
  "government_type": "[[Unitary state|Unitary]] [[Marxism\u2013Leninism|Marxist\u2013Leninist]] [[One-party state|one-party]] [[socialist state|socialist]] [[republic]]",
  "leader_title1": "[[General Secretary of the Lao People's Revolutionary Party|Party General Secretary]] and [[President of Laos|President]]",
  "leader_name1": "[[Bounnhang Vorachith]]",
  "leader_title2": "[[Vice President of Laos|Vice President]]",
  "leader_name2": "[[Phankham Viphavanh]]",
  "leader_title3": "[[Prime Minister of Laos|Prime Minister]]",
  "leader_name3": "[[Thongloun Sisoulith]]",
  "leader_title4": "[[President of the National Assembly of Laos|President of the National Assembly]]",
  "leader_name4": "[[Pany Yathotou]]",
  "legislature": "[[National Assembly (Laos)|National Assembly]]",
  "sovereignty_type": "[[History of Laos|Formation]]",
  "established_event1": "[[Lan Xang|Kingdom of Lan Xang]]",
  "established_date1": "1354\u20131707",
  "established_event2": "Fall of Lan Xang, [[Kingdom of Luang Phrabang]], [[Kingdom of Vientiane]], [[Kingdom of Champasak]] and [[Muang Phuan|Principality of Phuan]]",
  "established_date2": "1707\u20131778",
  "established_event3": "Vassal of [[Thonburi Kingdom|Thonburi]] and [[Rattanakosin Kingdom|Siam]]",
  "established_date3": "1778\u20131893",
  "established_event4": "[[Chao Anu Rebellion|War of Succession]]",
  "established_date4": "1826\u20131828",
  "established_event5": "[[French Indochina]]",
  "established_date5": "1893\u20131949",
  "established_event6": "Declared independence",
  "established_date6": "19 July 1949",
  "established_event7": "Independence {{nobold|from [[France]]}}",
  "established_date7": "22 October 1953",
  "established_event8": "[[Laotian civil war]]",
  "established_date8": "9 November 1953 \u2013 2 December 1975",
  "established_event9": "[[List of monarchs of Laos|Lao Monarchy]] abolished",
  "established_date9": "2 December 1975",
  "established_event10": "[[Constitution of Laos|Current constitution]]",
  "established_date10": "14 August 1991",
  "established_event11": "[[ASEAN Declaration]]",
  "established_date11": "23 July 1997",
  "area_km2": "237,955",
  "area_rank": "82nd",
  "area_sq_mi": "91,428.991",
  "percent_water": "2",
  "population_estimate": "{{UN_Population|Lao People's Democratic Republic}} {{UN_Population|ref}}",
  "population_census": "7,096,376\n6,492,228",
  "population_estimate_rank": "103rd",
  "population_census_year": "2015",
  "population_density_km2": "26.7",
  "population_density_rank": "177th",
  "GDP_PPP": "$58.329 billion",
  "GDP_PPP_year": "2019",
  "GDP_PPP_per_capita": "$8,485",
  "GDP_nominal": "$20.153 billion",
  "GDP_nominal_year": "2019",
  "GDP_nominal_per_capita": "$2,931",
  "Gini": "36.7",
  "Gini_year": "2008",
  "HDI": "0.601",
  "HDI_year": "2017",
  "HDI_change": "increase",
  "HDI_rank": "139th",
  "currency": "[[Lao kip|Kip]] (\u20ad)",
  "currency_code": "LAK",
  "time_zone": "UTC+7 ([[UTC+07:00|ICT]])",
  "date_format": "dd/mm/yyyy",
  "drives_on": "right",
  "calling_code": "[[+856]]",
  "iso3166code": "LA",
  "cctld": "[[.la]]",
  "footnote_a": "Including [[List of ethnic groups in Laos|over 100 smaller ethnic groups]].",
  "religion": "[[Buddhism in Laos|Buddhism]] 64.7%<br />[[Tai folk religion]] 31.4%<br />[[Christianity in Laos|Christianity]] 1.7%<br />[[Islam]] 0.8%<br />Other 1.3%"
}