{
  "conventional_long_name": "Sultanate of Oman",
  "common_name": "Oman",
  "native_name": "{{native name|ar|\u0633\u0644\u0637\u0646\u0629 \u0639\u064f\u0645\u0627\u0646|italics|=|off}} <br>'' {{transl|ar|Sal\u1e6danat \u02bbUm\u0101n}} ''",
  "image_flag": "Flag of Oman.svg",
  "image_coat": "Coat of arms of Oman.svg",
  "symbol_type": "National emblem",
  "national_anthem": "{{lang|ar|\u0646\u0634\u064a\u062f \u0627\u0644\u0633\u0644\u0627\u0645 \u0627\u0644\u0633\u0644\u0637\u0627\u0646\u064a}} <br />\"[[As-Salam as-Sultani|as-Sal\u0101m as-Sult\u0101n\u012b]]\"<br />\"Sultanic Salutation\"<br /><center>[[File:Peace to the Sultan (\u0646\u0634\u064a\u062f \u0627\u0644\u0633\u0644\u0627\u0645 \u0627\u0644\u0633\u0644\u0637\u0627\u0646\u064a).ogg]]</center>",
  "image_map": "Oman on the globe (Afro-Eurasia centered).svg",
  "map_caption": "Location of Oman in the Arabian Peninsula (red)",
  "image_map2": "Oman - Location Map (2013) - OMN - UNOCHA.svg",
  "capital": "[[Muscat, Oman|Muscat]]",
  "coordinates": "{{Coord|23|36|N|58|33|E|type:city}}",
  "largest_city": "capital",
  "official_languages": "[[Modern Standard Arabic|Arabic]]",
  "religion": "[[Islam in Oman|Islam]]",
  "demonym": "[[Omanis|Omani]]",
  "government_type": "[[Unitary state|Unitary]] [[parliamentary]] [[absolute monarchy]]",
  "leader_title1": "[[Sultan of Oman|Sultan]]",
  "leader_name1": "[[Qaboos bin Said al Said]]",
  "leader_title2": "[[Prime Minister of Oman|Prime Minister]]",
  "leader_name2": "[[Qaboos bin Said al Said]]",
  "leader_title3": "[[Deputy Prime Minister]]",
  "leader_name3": "[[Fahd bin Mahmoud al Said]]",
  "legislature": "[[Council of Oman|Parliament]]",
  "upper_house": "[[Council of State of Oman|Council of State (Majlis al-Dawla)]]",
  "lower_house": "[[Consultative Assembly of Oman|Consultative Assembly (Majlis al-Shura)]]",
  "sovereignty_type": "Establishment",
  "established_event1": "The [[Azd|Azd tribe]] migration",
  "established_date1": "130",
  "established_event2": "Al-Julanda",
  "established_date2": "629",
  "established_event3": "{{nowrap|[[Imamate]] established|ref|{{cite encyclopedia|title=Oman|url=http://encarta.msn.com/encyclopedia_761561099_7/Oman.html|publisher=MSN Encarta|archiveurl=https://web.archive.org/web/20091028154443/http://encarta.msn.com/encyclopedia_761561099_7/Oman.html|archivedate=28 October 2009|quote=In 751 Ibadi Muslims, a moderate branch of the Kharijites, established an imamate in Oman. Despite interruptions, the Ibadi imamate survived until the mid-20th century.|deadurl=yes|df=dmy-all}}|</ref>}}",
  "established_date3": "751",
  "established_event4": "[[Nabhani dynasty]]",
  "established_date4": "1145",
  "established_event5": "[[Yaruba dynasty]]",
  "established_date5": "1624",
  "established_event6": "House of [[Al Said]]",
  "established_date6": "1744",
  "established_event7": "[[Muscat and Oman]]",
  "established_date7": "8 January 1820",
  "established_event8": "[[Dhofar Rebellion]]",
  "established_date8": "9 June 1965 \u2013 11 December 1975",
  "established_event9": "Sultanate of Oman",
  "established_date9": "9 August 1970",
  "established_event10": "[[United Nations Security Council Resolution 299|Admitted to the]] [[United Nations]]",
  "established_date10": "7 October 1971",
  "established_event11": "[[Basic Statute of Oman|Current constitution]]",
  "established_date11": "6 November 1996",
  "area_km2": "309,500",
  "area_rank": "70th",
  "area_sq_mi": "119,498",
  "percent_water": "negligible",
  "population_estimate": "{{UN_Population|Oman}} {{UN_Population|ref}}",
  "population_census": "2,773,479",
  "population_estimate_year": "{{UN_Population|Year}}",
  "population_estimate_rank": "125th",
  "population_census_year": "2010",
  "population_density_km2": "15",
  "population_density_sq_mi": "40",
  "population_density_rank": "214th",
  "GDP_PPP": "$198.224 billion",
  "GDP_PPP_year": "2018",
  "GDP_PPP_rank": "67th",
  "GDP_PPP_per_capita": "$46,522",
  "GDP_PPP_per_capita_rank": "23rd",
  "GDP_nominal": "$81.682 billion",
  "GDP_nominal_year": "2018",
  "GDP_nominal_rank": "66th",
  "GDP_nominal_per_capita": "$19,170",
  "GDP_nominal_per_capita_rank": "43rd",
  "HDI": "0.821",
  "HDI_year": "2017",
  "HDI_change": "increase",
  "HDI_rank": "48th",
  "currency": "[[Omani rial|Rial]]",
  "currency_code": "OMR",
  "time_zone": "[[Persian Gulf Standard Time|GST]]",
  "utc_offset": "+4",
  "drives_on": "Right",
  "calling_code": "[[+968]]",
  "cctld": "[[.om]], [[\u0639\u0645\u0627\u0646.]]",
  "official_website": "[http://www.oman.om www.oman.om]"
}