{
  "conventional_long_name": "Republic of the Philippines",
  "common_name": "the Philippines",
  "native_name": "{{native name|fil|Republika ng Pilipinas}}",
  "image_flag": "Flag of the Philippines.svg",
  "image_coat": "Coat of arms of the Philippines.svg",
  "other_symbol": "<div style=\"padding:0.3em;\">[[File:Seal of the Philippines.svg|80px|Great Seal of the Philippines]]</div> {{native phrase|fil|[[Great Seal of the Philippines#Great Seal|Dakilang Sagisag ng Pilipinas]]|nolink|=|on}} <br /> {{small|Great Seal of the Philippines}}",
  "other_symbol_type": "[[Coat of arms of the Philippines#Great Seal|Great Seal]]",
  "national_motto": "<br />\" {{lang|fil|[[Maka-Diyos, Maka-Tao, Makakalikasan at Makabansa]]}} \" <br /> {{small|\"For God, People, Nature and Country\"}}",
  "national_anthem": "'' {{lang|fil|[[Lupang Hinirang]]}} ''<br /> {{small|''Chosen Land''}} <br />[[File:Lupang Hinirang instrumental.ogg|center]]",
  "image_map": "PHL orthographic.svg",
  "capital": "[[Manila]] {{ref|a|a}} <br /> {{small|Coord|14|35|N|120|58|E|type:city}} {{Coord|14|35|N|120|58|E|type:city}}",
  "largest_city": "[[Quezon City]]<br /> {{small|coord|14|38|N|121|02|E|display|=|inline}} {{coord|14|38|N|121|02|E|display|=|inline}}",
  "official_languages": "{{ublist |item_style|=|white-space:nowrap;\n|[[Filipino language|Filipino]]\n|[[Philippine English|English]]}}",
  "recognized_regional_languages": "{{collapsible list\n|title |=| [[Languages of the Philippines|19 languages]]\n  |[[Aklanon language|Aklanon]]\n  |[[Bikol languages|Bikol]]\n  |[[Cebuano language|Cebuano]]\n  |[[Chavacano]]\n  |[[Hiligaynon language|Hiligaynon]]\n  |[[Ibanag language|Ibanag]]\n  |[[Ilocano language|Ilocano]]\n  |[[Ivatan language|Ivatan]]\n  |[[Kapampangan language|Kapampangan]]\n  |[[Kinaray-a language|Kinaray-a]]\n  |[[Maguindanao language|Maguindanao]]\n  |[[Maranao language|Maranao]]\n  |[[Pangasinan language|Pangasinan]]\n  |[[Sambal language|Sambal]]\n  |[[Surigaonon language|Surigaonon]]\n  |[[Tagalog language|Tagalog]]\n  |[[Ta\u016bsug language|Ta\u016bsug]]\n  |[[Waray language|Waray]]\n  |[[Yakan language|Yakan]]|ref| name=\"7 mother languages\"}}",
  "languages_type": "[[National language]]",
  "languages": "[[Filipino language|Filipino]]",
  "languages2_type": "Other recognized languages",
  "languages2": "{{small|'''Official and national [[sign language]]'''}} {{ref|b|b}} <br />[[Filipino Sign Language]]<br />",
  "ethnic_groups": "{{unbulleted list\n  |nowrap|#expr:100 * 33463654 / 101716359 round 1|% [[Visayans|Visayan]]|\n  |nowrap|#expr:100 * 30000000 / 101716359 round 1|% [[Tagalog people|Tagalog]]|\n  |nowrap|#expr:100 * 10300000 / 101716359 round 1|% [[Moro people|Moro]]|\n  |nowrap|#expr:100 * 10136000 / 101716359 round 1|% [[Ilocano people|Ilocano]]|\n  |nowrap|#expr:100 * 5900000 / 101716359 round 1|% [[Bicolano people|Bicolano]]|\n  |nowrap|#expr:100 * 2897239 / 101716359 round 1|% [[Kapampangan people|Kapampangan]]|\n  |nowrap|#expr:100 * 1586349 / 101716359 round 1|% [[Igorot people|Igorot]]|\n  |nowrap|#expr:100 * 1500000 / 101716359 round 1|% [[Pangasinan people|Pangasinense]]|\n  |nowrap|#expr:100 * 1500000 / 101716359 round 1|% [[Chinese Filipino|Chinese]]|\n  |nowrap|3.3% [[Ethnic groups in the Philippines|others]]|\n  |citation needed|date|=|July 2019|}} {{nowrap|#expr:100 * 33463654 / 101716359 round 1|% [[Visayans|Visayan]]}} {{#expr:100 * 33463654 / 101716359 round 1}} % [[Visayans|Visayan]] {{nowrap|#expr:100 * 30000000 / 101716359 round 1|% [[Tagalog people|Tagalog]]}} {{#expr:100 * 30000000 / 101716359 round 1}} % [[Tagalog people|Tagalog]] {{nowrap|#expr:100 * 10300000 / 101716359 round 1|% [[Moro people|Moro]]}} {{#expr:100 * 10300000 / 101716359 round 1}} % [[Moro people|Moro]] {{nowrap|#expr:100 * 10136000 / 101716359 round 1|% [[Ilocano people|Ilocano]]}} {{#expr:100 * 10136000 / 101716359 round 1}} % [[Ilocano people|Ilocano]] {{nowrap|#expr:100 * 5900000 / 101716359 round 1|% [[Bicolano people|Bicolano]]}} {{#expr:100 * 5900000 / 101716359 round 1}} % [[Bicolano people|Bicolano]] {{nowrap|#expr:100 * 2897239 / 101716359 round 1|% [[Kapampangan people|Kapampangan]]}} {{#expr:100 * 2897239 / 101716359 round 1}} % [[Kapampangan people|Kapampangan]] {{nowrap|#expr:100 * 1586349 / 101716359 round 1|% [[Igorot people|Igorot]]}} {{#expr:100 * 1586349 / 101716359 round 1}} % [[Igorot people|Igorot]] {{nowrap|#expr:100 * 1500000 / 101716359 round 1|% [[Pangasinan people|Pangasinense]]}} {{#expr:100 * 1500000 / 101716359 round 1}} % [[Pangasinan people|Pangasinense]] {{nowrap|#expr:100 * 1500000 / 101716359 round 1|% [[Chinese Filipino|Chinese]]}} {{#expr:100 * 1500000 / 101716359 round 1}} % [[Chinese Filipino|Chinese]] {{nowrap|3.3% [[Ethnic groups in the Philippines|others]]}} {{citation needed|date|=|July 2019}}",
  "ethnic_groups_year": "2015",
  "demonym": "[[Filipinos|Filipino]]<br /> {{small|(''masculine or neutral'')}} <br />Filipina<br /> {{small|(''feminine'')}} <br />[[Pinoy]]<br /> {{small|(''colloquial masculine or neutral'')}} <br />Pinay<br /> {{small|(''colloquial feminine'')}} <br />[[Filipinos|Philippine]]",
  "government_type": "[[Unitary state|Unitary]] [[Presidential system|presidential]] [[Constitution of the Philippines|constitutional]] [[republic]]",
  "leader_title1": "[[President of the Philippines|President]]",
  "leader_name1": "[[Rodrigo Duterte]]",
  "leader_title2": "[[Vice President of the Philippines|Vice President]]",
  "leader_name2": "[[Leni Robredo|Maria Leonor Robredo]]",
  "leader_title3": "[[President of the Senate of the Philippines|Senate President]]",
  "leader_name3": "[[Tito Sotto|Vicente Sotto III]]",
  "leader_title4": "[[Speaker of the House of Representatives of the Philippines|House Speaker]]",
  "leader_name4": "[[Alan Peter Cayetano]]",
  "leader_title5": "[[Chief Justice of the Supreme Court of the Philippines|Chief Justice]]",
  "leader_name5": "[[Lucas Bersamin]]",
  "legislature": "[[Congress of the Philippines|Congress]]",
  "upper_house": "[[Senate of the Philippines|Senate]]",
  "lower_house": "[[House of Representatives of the Philippines|House of Representatives]]",
  "sovereignty_type": "[[Sovereignty of the Philippines|Formation of the republic]]",
  "sovereignty_note": "{{ref|f|f}}",
  "established_event1": "[[Philippine Declaration of Independence|Independence from Spain declared]]",
  "established_date1": "June 12, 1898",
  "established_event2": "[[Treaty of Paris (1898)]] / Spanish cession {{ref|d|d}}",
  "established_date2": "December 10, 1898",
  "established_event3": "[[Malolos Constitution]] / [[First Philippine Republic]] {{ref|f|f}}",
  "established_date3": "January 21, 1899",
  "established_event4": "[[Tydings\u2013McDuffie Act]]",
  "established_date4": "March 24, 1934",
  "established_event5": "[[Commonwealth of the Philippines]]",
  "established_date5": "May 14, 1935",
  "established_event6": "[[Treaty of Manila (1946)|Treaty of Manila / Independence from United States]] {{ref|e|e}}",
  "established_date6": "July 4, 1946",
  "established_event7": "[[Constitution of the Philippines|Current constitution]]",
  "established_date7": "February 2, 1987",
  "area_km2": "300,000",
  "area_label": "Total",
  "area_rank": "72nd",
  "area_sq_mi": "{{convert|data Philippines|pst2|total area|km2|sqmi|0|disp|=|output number only}} {{data Philippines|pst2|total area}}",
  "percent_water": "0.61 &nbsp; {{small|(inland waters)}}",
  "area_label2": "[[Land area|Land]]",
  "area_data2": "300,000",
  "population_estimate_year": "2018",
  "population_census": "100,981,437",
  "population_census_year": "2015",
  "population_census_rank": "13th",
  "population_density_km2": "336",
  "population_density_sq_mi": "{{Data/popdens|Philippines|comma|areaunit|=|sqmi}}",
  "population_density_rank": "47th",
  "GDP_PPP": "$1.041 trillion",
  "GDP_PPP_year": "2019",
  "GDP_PPP_rank": "27th",
  "GDP_PPP_per_capita": "$9,538",
  "GDP_PPP_per_capita_rank": "119th",
  "GDP_nominal": "$354 billion",
  "GDP_nominal_year": "2019",
  "GDP_nominal_rank": "36th",
  "GDP_nominal_per_capita": "$3,246",
  "GDP_nominal_per_capita_rank": "125th",
  "Gini": "40.1",
  "Gini_year": "2015",
  "Gini_change": "decrease",
  "Gini_rank": "44th",
  "HDI": "0.699",
  "HDI_year": "2017",
  "HDI_change": "increase",
  "HDI_rank": "113th",
  "currency": "[[Philippine peso|Peso]] (\u20b1)",
  "currency_code": "PHP",
  "time_zone": "[[Philippine Standard Time|PST]]",
  "utc_offset": "+8",
  "utc_offset_DST": "+8",
  "time_zone_DST": "not observed",
  "date_format": "{{unbulleted list |mm-dd-yyyy|dd-mm-yyyy ([[Anno Domini|AD]])}}",
  "drives_on": "right",
  "calling_code": "[[+63]]",
  "cctld": "[[.ph]]",
  "official_website": "[https://www.gov.ph/ National Government Portal]<br />[http://www.officialgazette.gov.ph/ Official Gazette of the Republic of the Philippines]",
  "footnote_a": "{{note|a}} While Manila proper is designated as the nation's capital, the whole of [[Metro Manila|National Capital Region]] (NCR) is designated as [[seat of government]], hence the name of a region. This is because it has many national government institutions aside from Malaca\u00f1ang Palace and some agencies/institutions that are located within the capital city.",
  "footnote_b": "{{note|b}} Article 3 of Republic Act No. 11106 declared the Filipino Sign Language as the national sign language of the Philippines, specifying that it shall be recognized, supported and promoted as the medium of official communication in all transactions involving the deaf, and as the language of instruction of deaf education.",
  "footnote_c": "{{note|c}} The 1987 Philippine constitution specifies \"Spanish and Arabic shall be promoted on a voluntary and optional basis.\"",
  "footnote_d": "{{note|d}} Filipino revolutionaries [[Philippine Declaration of Independence|declared independence]] from Spain on June 12, 1898, but Spain ceded the islands to the United States for $20&nbsp;million in the [[Treaty of Paris (1898)|Treaty of Paris]] on December 10, 1898, which eventually led to the [[Philippine\u2013American War]].",
  "footnote_e": "{{note|e}} The United States of America recognized the independence of the Philippines on July 4, 1946, through the [[Treaty of Manila (1946)|Treaty of Manila]]. This date was chosen because it corresponds to the U.S. [[Independence Day (United States)|Independence Day]], which was observed in the Philippines as [[Independence Day (Philippines)|Independence Day]] until May 12, 1962, when [[President of the Philippines|President]] [[Diosdado Macapagal]] issued Presidential Proclamation No. 28, shifting it to June 12, the date of [[Emilio Aguinaldo]]'s proclamation.",
  "footnote_f": "{{note|f}} In accordance with article 11 of the Revolutionary Government Decree of June 23, 1898, the [[Revolutionary Government of the Philippines|Malolos Congress]] selected a commission to draw up a draft [[constitution]] on September 17, 1898. The commission was composed of Hip\u00f3lito Magsalin, Basilio Teodoro, Jos\u00e9 Albert, [[Joaquin Gonzalez (politician)|Joaqu\u00edn Gonz\u00e1lez]], [[Gregorio S. Araneta|Gregorio Araneta]], Pablo Ocampo, Aguedo Velarde, Higinio Benitez, [[Tomas del Rosario|Tom\u00e1s del Rosario]], [[Jose Alejandrino|Jos\u00e9 Alejandrino]], Alberto Barretto, Jos\u00e9 Ma. de la Vi\u00f1a, Jos\u00e9 Luna, [[Antonio Luna]], Mariano Abella, Juan Manday, [[Felipe Calder\u00f3n y Roca|Felipe Calder\u00f3n]], [[Arsenio Cruz-Herrera|Arsenio Cruz]] and Felipe Buencamino. They were all wealthy and well educated.",
  "religion": "{{unbulleted list|80.5% [[Catholicism]]|10.8% [[Protestantism]]|5.5% [[Islam]]|3.2% [[Religion in the Philippines|others]]|ref| name=\"PSA-2015PSY\"}}"
}