{
  "conventional_long_name": "Kingdom of Saudi Arabia",
  "common_name": "Saudi Arabia",
  "native_name": "{{native name|ar|\u0627\u0644\u0645\u0645\u0644\u0643\u0629 \u0627\u0644\u0639\u0631\u0628\u064a\u0629 \u0627\u0644\u0633\u0639\u0648\u062f\u064a\u0629|italics|=|off}} <br>'' {{transl|ar|al-Mamlakah al-\u02bfArab\u012byah as-Sa\u02bf\u016bd\u012byah}} ''",
  "image_flag": "Flag of Saudi Arabia.svg",
  "image_coat": "Emblem of Saudi Arabia.svg",
  "symbol_type": "Emblem",
  "national_motto": "{{nowrap|\u0644\u0627 \u0625\u0644\u0647 \u0625\u0644\u0627 \u0627\u0644\u0644\u0647\u060c \u0645\u062d\u0645\u062f \u0631\u0633\u0648\u0644 \u0627\u0644\u0644\u0647}} <br />' {{transl|ar|L\u0101 \u02beil\u0101ha \u02beill\u0101l\u2013l\u0101h, Muhammadun ras\u016bl all\u0101h}} ' <br />'There is no god but God; Muhammad is the messenger of God.' {{efn|The ''[[Shahada|Shah\u0101dah]]'' (|lang-ar|\u0634\u064e\u0640\u0647\u064e\u0640\u0627\u062f\u064e\u0629|, statement of faith) is sometimes translated into English as 'There is no god but Allah', using the [[romanization]] of the [[Arabic language|Arabic]] word ''[[Allah|All\u0101h]]'' instead of its translation. The word ''All\u0101h'' (|lang-ar|\u0671\u0644\u0644\u0647|) literally translates as ''the God'', as the prefix 'Al-' is the definite article.|ref|\n* {{cite web|url=https://www.pbs.org/empires/islam/faithgod.html |title=God |work=Islam: Empire of Faith |publisher=PBS}}\n* 'Islam and Christianity', ''Encyclopedia of Christianity'' (2001): Arabic-speaking Christians and Jews also refer to God as ''Allah''.\n* {{Cite encyclopedia |title=Allah |encyclopedia=Encyclopaedia of Islam Online |author=L. Gardet}}|</ref>}} ([[Shahada]]) {{lang-ar|\u0634\u064e\u0640\u0647\u064e\u0640\u0627\u062f\u064e\u0629}} , statement of faith) is sometimes translated into English as 'There is no god but Allah', using the [[romanization]] of the [[Arabic language|Arabic]] word ''[[Allah|All\u0101h]]'' instead of its translation. The word ''All\u0101h'' ( {{lang-ar|\u0671\u0644\u0644\u0647}} ) literally translates as ''the God'', as the prefix 'Al-' is the definite article.",
  "national_anthem": "{{lang|ar|\u0627\u0644\u0646\u0634\u064a\u062f \u0627\u0644\u0648\u0637\u0646\u064a \u0627\u0644\u0633\u0639\u0648\u062f\u064a}} <br />\"[[National Anthem of Saudi Arabia| {{transl|ar|an-Na\u0161\u012bd al-Wa\u1e6dan\u012b as-Sa\u02bb\u016bd\u012b}} ]]\"<br />\"National Anthem of Saudi Arabia\"<br />[[File:Saudi Arabian national anthem, performed by the United States Navy Band.oga|center]]",
  "image_map": "Saudi Arabia (orthographic projection).svg",
  "capital": "[[Riyadh]]",
  "coordinates": "{{Coord|24|39|N|46|46|E|type:city}}",
  "largest_city": "[[Riyadh]]",
  "official_languages": "[[Modern Standard Arabic|Arabic]]",
  "languages_type": "[[Spoken language]]s",
  "languages": "[[Arabic]]",
  "religion": "[[Sunni Islam]]",
  "demonym": "{{unbulleted list |[[Saudi Arabians|Saudi Arabian]] |Saudi (informal)}}",
  "government_type": "[[Unitary state|Unitary]] [[Islamic state|Islamic]] [[absolute monarchy]]",
  "leader_title1": "[[King of Saudi Arabia|King]]",
  "leader_name1": "[[Salman of Saudi Arabia|Salman]]",
  "leader_title2": "[[Crown Prince of Saudi Arabia|Crown Prince]]",
  "leader_name2": "[[Mohammad bin Salman|Mohammad]]",
  "legislature": "[[#Monarchy and royal family|None]] {{efn|Legislation is by [[Rule by decree|king's decree]]. The [[Consultative Assembly of Saudi Arabia|Consultative Assembly]] exists to advise the king.}}",
  "sovereignty_type": "[[History of Saudi Arabia|Establishment]]",
  "established_event1": "[[Unification of Saudi Arabia|Kingdom founded]]",
  "established_date1": "23 September 1932",
  "established_event2": "[[United Nations Charter|Admitted]] [[United Nations Conference on International Organization|to the]] [[United Nations]]",
  "established_date2": "24 October 1945",
  "established_event3": "[[Basic Law of Saudi Arabia|Current constitution]]",
  "established_date3": "31 January 1992",
  "area_km2": "2,149,690",
  "area_rank": "12th",
  "area_sq_mi": "830,000",
  "percent_water": "0.7",
  "population_estimate": "33,000,000",
  "population_estimate_year": "2018",
  "population_estimate_rank": "40th",
  "population_density_km2": "15",
  "population_density_sq_mi": "38.8",
  "population_density_rank": "216th",
  "GDP_PPP": "$1.924 trillion",
  "GDP_PPP_year": "2019",
  "GDP_PPP_rank": "14th",
  "GDP_PPP_per_capita": "$56,817",
  "GDP_PPP_per_capita_rank": "12th",
  "GDP_nominal": "$762.259 billion",
  "GDP_nominal_year": "2019",
  "GDP_nominal_rank": "18th",
  "GDP_nominal_per_capita": "$22,507",
  "GDP_nominal_per_capita_rank": "35th",
  "Gini": "45.9",
  "Gini_year": "2013",
  "HDI": "0.853",
  "HDI_year": "2017",
  "HDI_change": "decrease",
  "HDI_rank": "38th",
  "currency": "[[Saudi riyal]] (SR)",
  "currency_code": "SAR",
  "time_zone": "[[Arabia Standard Time|AST]]",
  "utc_offset": "+3",
  "date_format": "dd/mm/yyyy ([[Hijri year|AH]])",
  "drives_on": "Right",
  "calling_code": "[[Telephone numbers in Saudi Arabia|+966]]",
  "cctld": "{{unbulleted list |[[.sa]] |[[\u0627\u0644\u0633\u0639\u0648\u062f\u064a\u0629.]]}}"
}