{
  "conventional_long_name": "State of Palestine {{ref label|naming|i}}",
  "common_name": "Palestine",
  "native_name": "{{native name|ar|\u062f\u0648\u0644\u0629 \u0641\u0644\u0633\u0637\u064a\u0646|italics|=|off}} <br />'' {{transl|ar|Dawlat Filas\u1e6d\u012bn}} ''",
  "image_flag": "Flag of Palestine.svg",
  "image_coat": "Coat of arms of Palestine.svg",
  "symbol_width": "70px",
  "national_anthem": "\" {{lang|ar|big|\u0641\u062f\u0627\u0626\u064a}} \"<br /> {{big|\u0641\u062f\u0627\u0626\u064a}} {{lower|0.1em|\"[[Fida'i]]\"|ref|{{cite web|title=Palestinian National Authority |access-date=8 June 2014 |website=World Statesmen.org |url=http://worldstatesmen.org/Palestinian_National_Authority.htm |archive-url=https://web.archive.org/web/20140208062450/http://worldstatesmen.org/Palestinian_National_Authority.htm |archive-date=8 February 2014 |deadurl=no |publisher=Ben Cahoon |df= }}|</ref>|ref|{{cite web|title=Palestine |accessdate=8 June 2014 |website=nationalanthems.info |url=http://www.nationalanthems.info/ps.htm |archive-url=https://web.archive.org/web/20140331034257/http://www.nationalanthems.info/ps.htm |archive-date=31 March 2014 |format=includes audio |deadurl=no |df= }}|</ref>}} <br />\"My Redemption\"<br /><center>[[File:National Anthem of Palestine (Vocal).ogg]]</center>",
  "image_map": "State of Palestine (orthographic projection).svg",
  "map_width": "220px",
  "map_caption": "Territory claimed by the State of Palestine (green) <br />Territory also claimed by Israel (light green)",
  "status": "[[List of states with limited recognition|Partially recognized state]], [[United Nations General Assembly observers|UN observer state]]<br />[[International recognition of the State of Palestine|Recognized by 137 UN member states]]",
  "capital_type": "{{unbulleted list\n|item1_style|=|white-space:nowrap;margin-top:2px;margin-bottom:2px;|Proclaimed capital\n|Administrative<br />center}}",
  "largest_city": "[[Gaza City]]",
  "official_languages": "[[Arabic language|Arabic]]",
  "demonym": "Palestinian",
  "government_type": "[[Unitary state|Unitary]] [[Semi-presidential system|semi-presidential]] [[republic]]",
  "leader_title1": "[[President of the State of Palestine|President]]",
  "leader_name1": "[[Mahmoud Abbas]]<sup>b</sup>",
  "leader_title2": "[[Prime Minister of the State of Palestine|Prime Minister]]",
  "leader_name2": "[[Mohammad Shtayyeh]]",
  "leader_title3": "[[Palestinian National Council|Speaker of Parliament]]",
  "leader_name3": "[[Salim Zanoun]]",
  "legislature": "[[Palestinian National Council|National Council]]",
  "sovereignty_type": "[[State of Palestine#History|Formation]]",
  "established_event1": "[[Palestinian Declaration of Independence|Declaration of Independence]]",
  "established_date1": "15 November 1988",
  "established_event2": "[[United Nations General Assembly resolution 67/19|UNGA observer state resolution]]",
  "established_date2": "29 November 2012",
  "established_event3": "Sovereignty dispute with [[Israel]]",
  "established_date3": "{{nowrap|''Ongoing''<sup>c</sup>|ref label|control|iii|ref|{{cite web|first1=Maayana |last1=Miskin |title=PA Weighs 'State of Palestine' Passport |date=5 December 2012 |accessdate=8 June 2014 |website=israelnationalnews.com |url=http://www.israelnationalnews.com/News/News.aspx/162844#.U5TD6vmICm6 |archive-url=https://web.archive.org/web/20121207082503/http://www.israelnationalnews.com/News/News.aspx/162844 |archive-date=7 December 2012 |deadurl=no |publisher=Arutz Sheva |quote=A senior PA official revealed the plans in an interview with ''Al-Quds'' newspaper. The change to 'state' status is important because it shows that 'the state of Palestine is occupied,' he said. |df= }}|</ref>|ref| name=\"Limitations\"|{{cite news|title=State of Palestine name change shows limitations|url=https://news.yahoo.com/state-palestine-name-change-shows-limitations-200641448.html|agency=AP|date=17 January 2013|quote=Israel remains in charge of territories the world says should one day make up that state.|archiveurl=https://web.archive.org/web/20130110025703/http://news.yahoo.com/state-palestine-name-change-shows-limitations-200641448.html |archivedate=10 January 2013 }}|</ref>|<!--end nowrap:-->}} {{ref label|control|iii}}",
  "area_km2": "6,020",
  "area_rank": "163rd",
  "area_sq_mi": "2,320",
  "percent_water": "3.5",
  "area_label2": "[[West Bank]]",
  "area_data2": "5,860&nbsp;km {{smallsup|2}}",
  "area_label3": "[[Gaza Strip]]",
  "area_data3": "360&nbsp;km {{smallsup|2}}",
  "population_estimate": "4,816,503",
  "population_estimate_year": "2016",
  "population_estimate_rank": "123rd",
  "population_density_km2": "731",
  "population_density_sq_mi": "1,895",
  "GDP_PPP": "{{nowrap|$11.95 billion<sup>a</sup>}}",
  "GDP_PPP_year": "2008<sup>a</sup>",
  "GDP_PPP_rank": "\u2013",
  "GDP_PPP_per_capita": "$2,900<sup>a</sup>",
  "GDP_PPP_per_capita_rank": "\u2013",
  "Gini": "35.5",
  "Gini_year": "2009",
  "HDI": "0.677",
  "HDI_year": "2014",
  "HDI_change": "increase",
  "HDI_rank": "113th",
  "currency": "{{unbulleted list |[[Egyptian pound]] ([[ISO 4217|EGP]]) |[[Israeli new shekel]] (ILS) |[[Jordanian dinar]] (JOD)|ref|According to [http://www.mfa.gov.il/MFA/Peace+Process/Guide+to+the+Peace+Process/Gaza-Jericho+Agreement+Annex+IV+-+Economic+Protoco.htm Article 4 of the 1994 Paris Protocol] {{Webarchive|url=https://web.archive.org/web/20161001065601/http://www.mfa.gov.il/MFA/Peace%2BProcess/Guide%2Bto%2Bthe%2BPeace%2BProcess/Gaza-Jericho%2BAgreement%2BAnnex%2BIV%2B-%2BEconomic%2BProtoco.htm |date=1 October 2016 }}. The Protocol allows the Palestinian Authority to adopt multiple currencies. In the [[West Bank]], the Israeli new sheqel and Jordanian dinar are widely accepted; while in the [[Gaza Strip]], the Israeli new sheqel and Egyptian pound are widely accepted.|</ref>| (see also [[Palestinian currency]])}}",
  "time_zone": "[[Palestine Standard Time]]",
  "utc_offset": "+2",
  "utc_offset_DST": "+3",
  "time_zone_DST": "[[Palestine Summer Time]]",
  "date_format": "dd/mm/yyyy",
  "drives_on": "right",
  "calling_code": "[[+970]]",
  "iso3166code": "PS",
  "cctld": "[[.ps]]",
  "footnote_a": "Population and economy statistics and rankings are based on data from the [[Palestinian Central Bureau of Statistics|PCBS]].",
  "footnote_b": "Also the leader of the state's government. {{big|ref label|PLOChair|iv}} {{ref label|PLOChair|iv}}",
  "footnote_c": "The territories claimed are under [[Israeli-occupied territories|Israeli occupation]]."
}