{
  "conventional_long_name": "Syrian Arab Republic",
  "common_name": "Syria",
  "native_name": "{{native name|ar|\u0627\u0644\u062c\u0645\u0647\u0648\u0631\u064a\u0629 \u0627\u0644\u0639\u0631\u0628\u064a\u0629 \u0627\u0644\u0633\u0648\u0631\u064a\u0629|italics|=|off}} <br/><small>'' {{transl|ar|al-Jumh\u016br\u012byah al-\u02bbArab\u012byah as-S\u016br\u012byah}} ''</small>",
  "image_flag": "Flag of Syria.svg",
  "image_coat": "Coat of arms of Syria.svg",
  "national_anthem": "{{native phrase|ar|\"\u062d\u0645\u0627\u0629 \u0627\u0644\u062f\u064a\u0627\u0631\"|italics|=|off}} <br/>\"[[Humat ad-Diyar]]\"<br/>( {{Lang-en|\"Guardians of the Homeland\"}} )[[File:National Anthem of Syria.ogg|center]]",
  "image_map": "Syria (orthographic projection).svg",
  "image_map2": "Syria - Location Map (2013) - SYR - UNOCHA.svg",
  "capital": "[[Damascus]]",
  "coordinates": "{{Coord|33|30|N|36|18|E|type:city}}",
  "largest_city": "[[Damascus]]",
  "official_languages": "[[Modern Standard Arabic|Arabic]]",
  "ethnic_groups": "{{hlist |[[Syrian people#Ethnogenesis|Syrian Arabs]]|[[Arameans]]|[[Kurds in Syria|Kurds]]|[[Syrian Turkmen|Turkomans]]|[[Syrian-Assyrians|Assyrians]]|[[Circassians in Syria|Circassians]]|[[Armenians in Syria|Armenians]]}}",
  "religion": "85% [[Islam in Syria|Islam]]<br>11% [[Christianity in Syria|Christianity]]<br>4% [[Druze in Syria|Druzism]]",
  "government_type": "[[Unitary state|Unitary]] [[dominant-party system|dominant-party]] [[Semi-presidential system|semi-presidential]] [[republic]]",
  "leader_title1": "[[President of Syria|President]]",
  "leader_name1": "[[Bashar al-Assad]]",
  "leader_title2": "[[Prime Minister of Syria|Prime Minister]]",
  "leader_name2": "[[Imad Khamis]]",
  "leader_title3": "[[Vice President of Syria|Vice Presidents]]",
  "leader_name3": "{{vunblist|class|=|nowrap|[[Farouk al-Sharaa]]|[[Najah al-Attar]]}}",
  "leader_title4": "[[Speaker of the People's Council of Syria|Speaker of the People's Council]]",
  "leader_name4": "[[Hammouda Sabbagh]]",
  "legislature": "[[People's Council of Syria|People's Council]]",
  "established_event1": "Proclamation of Arab Kingdom of Syria",
  "established_date1": "8 March 1920",
  "established_event2": "[[State of Syria]] established under French Mandate",
  "established_date2": "1 December 1924",
  "established_event3": "[[Mandatory Syrian Republic|Syrian Republic]] established by merger of States of Jabal Druze, Alawites and Syria",
  "established_date3": "1930",
  "established_event4": "Independence ''de jure'' (Joint UN / French Mandate ended)",
  "established_date4": "24 October 1945",
  "established_event5": "[[Syrian Republic (1946\u20131963)]] independent<br>(French troops leave)",
  "established_date5": "17 April 1946",
  "established_event6": "{{nowrap|[[Secession]] from the<br/>[[United Arab Republic]]}}",
  "established_date6": "28 September 1961",
  "established_event7": "[[Ba'ath party]]<br/>[[1963 Syrian coup d'\u00e9tat|takes power]]",
  "established_date7": "8 March 1963",
  "established_event8": "[[Constitution of Syria|Current constitution]]",
  "established_date8": "27 February 2012",
  "area_km2": "185180",
  "area_rank": "87th",
  "area_sq_mi": "71479",
  "percent_water": "1.1",
  "population_estimate": "{{Decrease}} 18,522,189",
  "population_census": "21,018,834",
  "population_estimate_year": "2019",
  "population_estimate_rank": "63rd",
  "population_census_year": "2010",
  "population_density_km2": "118.3",
  "population_density_sq_mi": "306.5",
  "population_density_rank": "70th",
  "GDP_PPP": "{{nowrap|$50.28 billion|ref| name=CIA|{{cite web |url=https://www.cia.gov/library/publications/the-world-factbook/geos/sy.html |title=Syria |publisher=International Monetary Fund |accessdate= 22 April 2012}}|</ref>|<!--end nowrap:-->}}",
  "GDP_PPP_year": "2015",
  "GDP_PPP_per_capita": "$2,900",
  "GDP_nominal": "{{nowrap|$24.6 billion|ref| name=\"CIA\"}}",
  "GDP_nominal_year": "2014",
  "GDP_nominal_per_capita": "$1,400",
  "Gini": "55.8",
  "Gini_year": "2014",
  "Gini_change": "<! --increase/decrease/steady -->",
  "HDI": "0.536",
  "HDI_year": "2018",
  "HDI_change": "steady",
  "HDI_rank": "155th",
  "currency": "[[Syrian pound]]",
  "currency_code": "SYP",
  "time_zone": "[[Eastern European Time|EET]]",
  "utc_offset": "+2",
  "utc_offset_DST": "+3",
  "time_zone_DST": "[[Eastern European Summer Time|EEST]]",
  "drives_on": "right",
  "calling_code": "[[Telephone numbers in Syria|+963]]",
  "iso3166code": "SY",
  "cctld": "[[.sy]]<br/>[[\u0633\u0648\u0631\u064a\u0627.]]",
  "demonym": "Syrian"
}