{
  "conventional_long_name": "Republic of Tajikistan",
  "common_name": "Tajikistan",
  "native_name": "{{unbulleted list|\n|native name|tg|\u04b6\u0443\u043c\u04b3\u0443\u0440\u0438\u0438 \u0422\u043e\u04b7\u0438\u043a\u0438\u0441\u0442\u043e\u043d|italics|=|off|<br />|small|''Jumhuriyi Tojikiston''}} {{native name|tg|\u04b6\u0443\u043c\u04b3\u0443\u0440\u0438\u0438 \u0422\u043e\u04b7\u0438\u043a\u0438\u0441\u0442\u043e\u043d|italics|=|off}} <br /> {{small|''Jumhuriyi Tojikiston''}}",
  "image_flag": "Flag of Tajikistan.svg",
  "image_coat": "Coat of arms of Tajikistan.svg",
  "symbol_type": "Emblem",
  "national_anthem": "''[[Surudi Milli|\u0421\u0443\u0440\u0443\u0434\u0438 \u041c\u0438\u043b\u043b\u04e3]]''<br />( {{Lang-en|\"National Anthem\"}} )<br /><center>[[File:National anthem of Tajikistan, performed by the U.S. Navy Band.flac]]</center>",
  "image_map": "Tajikistan (orthographic projection).svg",
  "map_caption": "{{map caption |location_color|=| green}}",
  "capital": "[[Dushanbe]]",
  "coordinates": "{{Coord|38|33|N|68|48|E|type:city}}",
  "largest_city": "capital",
  "official_languages": "[[Tajik language|Tajik]]",
  "languages_type": "Inter-ethnic<br />language",
  "languages": "[[Russian language|Russian]]",
  "ethnic_groups": "{{unbulleted list\n  | 81.1% [[Tajik people|Tajik]]\n  | 13.9% [[Uzbeks|Uzbek]]\n  | 3.1% [[Pamiris|Pamiri]]\n  | 0.8% [[Kyrgyz people|Kyrgyz]]\n  | 0.4% [[Russians|Russian]]\n  | 0.7% others}}",
  "ethnic_groups_year": "2010",
  "demonym": "Tajik or Tajikistani",
  "government_type": "[[Unitary system|Unitary]] [[dominant-party system|dominant-party]] [[presidential system|presidential]] [[constitution]]al [[republic]]",
  "leader_title1": "[[President of Tajikistan|President]]",
  "leader_name1": "[[Emomali Rahmon]]",
  "leader_title2": "[[Prime Minister of Tajikistan|Prime Minister]]",
  "leader_name2": "[[Kokhir Rasulzoda]]",
  "leader_title3": "Chairman of the [[Supreme Assembly (Tajikistan)|Majlisi Milli]]",
  "leader_name3": "[[Mahmadsaid Ubaydulloyev]]",
  "legislature": "[[Supreme Assembly (Tajikistan)|Supreme Assembly]]",
  "upper_house": "[[Supreme Assembly (Tajikistan)|National Assembly]]",
  "lower_house": "[[Assembly of Representatives (Tajikistan)|Assembly of Representatives]]",
  "sovereignty_type": "[[History of Tajikistan|Formation]]",
  "established_event1": "[[Tajik Autonomous Soviet Socialist Republic|Tajik ASSR]]",
  "established_date1": "27 October 1924",
  "established_event2": "[[Tajik Soviet Socialist Republic|Tajik SSR]]",
  "established_date2": "5 December 1929",
  "established_event3": "[[Dissolution of the Soviet Union|Independence]] from the [[Soviet Union]]",
  "established_date3": "9 September 1991",
  "established_event4": "[[Alma-Ata Protocol|CIS full membership]]",
  "established_date4": "21 December 1991",
  "established_event5": "Recognized",
  "established_date5": "26 December 1991",
  "established_event6": "[[United Nations Security Council Resolution 738|Admitted to the]] [[United Nations]]",
  "established_date6": "2 March 1992",
  "established_event7": "[[Constitution of Tajikistan|Current constitution]]",
  "established_date7": "6 November 1994",
  "area_km2": "143,100",
  "area_rank": "94th",
  "area_sq_mi": "55,251",
  "percent_water": "1.8",
  "population_estimate": "9,275,827",
  "population_estimate_rank": "(96th)",
  "population_estimate_year": "2019",
  "population_density_km2": "48.6",
  "population_density_sq_mi": "125.8",
  "population_density_rank": "155th",
  "GDP_PPP": "$30.547 billion",
  "GDP_PPP_year": "2018",
  "GDP_PPP_rank": "132nd",
  "GDP_PPP_per_capita": "$3,354",
  "GDP_PPP_per_capita_rank": "155th",
  "GDP_nominal": "$7.350 billion",
  "GDP_nominal_year": "2018",
  "GDP_nominal_rank": "147th",
  "GDP_nominal_per_capita": "$807",
  "GDP_nominal_per_capita_rank": "164th",
  "Gini": "34",
  "Gini_year": "2015",
  "HDI": "0.650",
  "HDI_year": "2018",
  "HDI_change": "increase",
  "HDI_rank": "127th",
  "currency": "[[Somoni]]",
  "currency_code": "TJS",
  "time_zone": "[[Tajikistan Time|TJT]]",
  "utc_offset": "+5",
  "drives_on": "right",
  "calling_code": "[[+992]]",
  "cctld": "[[.tj]]"
}