{
  "conventional_long_name": "Kingdom of Thailand",
  "common_name": "Thailand",
  "native_name": "{{ubl|native name|th|\u0e23\u0e32\u0e0a\u0e2d\u0e32\u0e13\u0e32\u0e08\u0e31\u0e01\u0e23\u0e44\u0e17\u0e22|italics|=|off|lang|th-Latn|Ratcha-anachak Thai}} {{native name|th|\u0e23\u0e32\u0e0a\u0e2d\u0e32\u0e13\u0e32\u0e08\u0e31\u0e01\u0e23\u0e44\u0e17\u0e22|italics|=|off}} {{lang|th-Latn|Ratcha-anachak Thai}}",
  "image_flag": "Flag of Thailand.svg",
  "image_coat": "Garuda Emblem of Thailand.svg",
  "symbol_type": "Emblem",
  "national_anthem": "''[[Thai National Anthem|Phleng Chat Thai]]''<br />( {{lang-en|\"Thai National Anthem\"}} )<div style=\"padding-top:0.5em;\">[[File:Thai National Anthem - US Navy Band.ogg|center]]</div>\n----",
  "royal_anthem": "''[[Sansoen Phra Barami]]''<br />( {{lang-en|\"Glorify His prestige\"}} )<div style=\"padding-top:0.5em;\">[[File:Thai Royal Anthem - US Navy Band.ogg|center]]</div>",
  "image_map": "Location Thailand ASEAN.svg",
  "map_caption": "{{map caption |location_color|=|green |region|=|[[Association of Southeast Asian Nations]] |region_color|=|dark grey |legend|=|Location Thailand ASEAN.svg}}",
  "image_map2": "Thailand - Location Map (2013) - THA - UNOCHA.svg",
  "capital": "[[Bangkok]]",
  "coordinates": "{{Coord|13|45|N|100|29|E|type:city}}",
  "largest_city": "Bangkok",
  "official_languages": "[[Thai language|Thai]]",
  "languages_type": "Spoken languages",
  "languages": "{{hlist|[[Isan language|Isan]]|[[Northern Thai language|Kam Mueang]]|[[Southern Thai language|Pak Tai]]}}",
  "ethnic_groups": "{{unbulleted list\n  | |nowrap|[[Thai people|Thai]]|<br />|nowrap|&nbsp;'''\u221f''' 34.1% [[Central Thailand|Central Thai]]|<br />|nowrap|&nbsp;'''\u221f''' 24.9% [[Isan people|Khon Isan]]|ref| name=\"DraperKamnuansilpa\"|{{cite journal |last=Draper |first=John |last2=Kamnuansilpa |first2=Peerasit |date=2016 |title=The Thai Lao Question: The Reappearance of Thailand's Ethnic Lao Community and Related Policy Questions |journal=Asian Ethnicity |volume=19 |issue= |pages=81\u2013105 |doi=10.1080/14631369.2016.1258300 |df=dmy-all}}|</ref>|<br />|nowrap|&nbsp;'''\u221f''' 9.9% [[Northern Thai people|Khon Muang]]| <br />|nowrap|&nbsp;'''\u221f''' 7.5% [[Southern Thailand|Southern Thai]]|\n  | 14% [[Thai Chinese]]\n  | 12% Others <small>(incl. [[Karen people|Karen]], [[Thai Malays|Malay]], [[Mon people|Mon]], [[Northern Khmer people|Khmer]], \"[[Hill tribe (Thailand)|Hill tribes]]\")</small>|ref| name=\"CERD/C/THA/1-3\"|{{cite book |title=International Convention on the Elimination of All Forms of Racial Discrimination; Reports submitted by States parties under article 9 of the Convention: Thailand |date=28 July 2011 |publisher=United Nations Committee on the Elimination of Racial Discrimination |url=http://www.rlpd.go.th/rlpdnew/images/rlpd_1/HRC/CERD%201_3.pdf |accessdate=8 October 2016 |language=English, Thai |deadurl=no |archiveurl=https://web.archive.org/web/20161009184727/http://www.rlpd.go.th/rlpdnew/images/rlpd_1/HRC/CERD%201_3.pdf |archivedate=9 October 2016 |df=dmy-all}}|</ref>|RP|95\u201399|ref|{{citation |author=David Levinson |title=Ethnic Groups Worldwide: A Ready Reference Handbook |publisher=Oryx Pres |year=1998 |page=287|isbn=978-1-57356-019-1}}|</ref>|ref| name=Ethno2013|{{citation |last1=Paul |first1=Lewis M. |last2=Simons |first2=Gary F. |last3=Fennig |first3=Charles D. |year=2013 |title=Ethnologue: Languages of the World |publisher=SIL International |isbn=978-1-55671-216-6 |url=http://www.ethnologue.com |deadurl=no |archiveurl=https://web.archive.org/web/20071227170852/http://www.ethnologue.com/ |archivedate=27 December 2007 |df=dmy-all}}|</ref>|}} {{nowrap|[[Thai people|Thai]]}} <br /> {{nowrap|&nbsp;'''\u221f''' 34.1% [[Central Thailand|Central Thai]]}} <br /> {{nowrap|&nbsp;'''\u221f''' 24.9% [[Isan people|Khon Isan]]}} <br /> {{nowrap|&nbsp;'''\u221f''' 9.9% [[Northern Thai people|Khon Muang]]}} <br /> {{nowrap|&nbsp;'''\u221f''' 7.5% [[Southern Thailand|Southern Thai]]}} {{RP|95\u201399}}",
  "ethnic_groups_year": "2009; 2011 {{RP|95\u201399}}",
  "demonym": "[[Demographics of Thailand|Thai]]<br />[[Thai people|Siamese]] (archaic)",
  "government_type": "[[Unitary state|Unitary]] [[Parliamentary system|parliamentary]] [[constitutional monarchy]]",
  "leader_title1": "[[Monarchy of Thailand|Monarch]]",
  "leader_name1": "[[Vajiralongkorn|Maha Vajiralongkorn]]",
  "leader_title2": "[[Prime Minister of Thailand|Prime Minister]]",
  "leader_name2": "[[Prayut Chan-o-cha]]",
  "legislature": "[[National Assembly of Thailand|National Assembly]]",
  "upper_house": "[[Senate of Thailand|Senate]]",
  "lower_house": "[[House of Representatives (Thailand)|House of Representatives]]",
  "sovereignty_type": "[[History of Thailand|Formation]]",
  "established_event1": "[[Sukhothai Kingdom]]",
  "established_date1": "1238\u20131448",
  "established_event2": "[[Ayutthaya Kingdom]]",
  "established_date2": "1351\u20131767",
  "established_event3": "[[Thonburi Kingdom]]",
  "established_date3": "1768\u20131782",
  "established_event4": "[[Rattanakosin Kingdom]]",
  "established_date4": "6 April 1782",
  "established_event5": "{{nowrap|[[Siamese revolution of 1932|Constitutional monarchy]]}}",
  "established_date5": "24 June 1932",
  "established_event6": "{{nowrap|[[Constitution of Thailand|Current constitution]]}}",
  "established_date6": "6 April 2017",
  "area_km2": "513,120",
  "area_rank": "50th",
  "area_sq_mi": "198,115",
  "percent_water": "{{nowrap|0.4 (2,230 km|smallsup|2|)}} {{smallsup|2}} )",
  "population_estimate": "{{UN_Population|Thailand}} {{UN_Population|ref}}",
  "population_census": "64,785,909",
  "population_estimate_year": "{{UN_Population|Year}}",
  "population_estimate_rank": "20th",
  "population_census_year": "2010",
  "population_density_km2": "132.1",
  "population_density_sq_mi": "342",
  "population_density_rank": "88th",
  "GDP_PPP": "$1.390 trillion",
  "GDP_PPP_year": "2019",
  "GDP_PPP_per_capita": "$20,474",
  "GDP_nominal": "{{nowrap|$516 billion}}",
  "GDP_nominal_year": "2019",
  "GDP_nominal_per_capita": "$7,607",
  "Gini": "36",
  "Gini_year": "2015",
  "HDI": "0.755",
  "HDI_year": "2017",
  "HDI_change": "increase",
  "HDI_rank": "83rd",
  "currency": "[[Thai baht|Baht]] (\u0e3f)",
  "currency_code": "THB",
  "time_zone": "[[UTC+07:00|ICT]]",
  "utc_offset": "+7",
  "drives_on": "[[Left- and right-hand traffic|left]]",
  "calling_code": "[[Telephone numbers in Thailand|+66]]",
  "cctld": "{{hlist |[[.th]] |[[.\u0e44\u0e17\u0e22]]}}",
  "religion": "{{ublist |item_style|=|white-space:nowrap; |94.50% [[Buddhism in Thailand|Buddhism]] |4.29% [[Islam in Thailand|Islam]] |1.17% [[Christianity in Thailand|Christianity]] |0.03% [[Hinduism in Southeast Asia|Hinduism]] |0.01% [[Irreligion|Unaffiliated]]|ref| name=\"auto\"|{{cite web |url=http://web.nso.go.th/en/survey/popchan/data/2015-2016-Statistical%20tables%20PDF.pdf |title=Population by religion, region and area, 2015 |website= |publisher=NSO |accessdate=2017-10-12 |deadurl=yes |archiveurl=https://web.archive.org/web/20171210020110/http://web.nso.go.th/en/survey/popchan/data/2015-2016-Statistical%20tables%20PDF.pdf |archivedate=10 December 2017 |df=dmy-all}}|</ref>}}"
}