{
  "conventional_long_name": "Republic of Yemen",
  "common_name": "Yemen",
  "native_name": "{{native name|ar|\u0671\u0644\u0652\u062c\u064f\u0645\u0652\u0647\u064f\u0648\u0631\u0650\u064a\u064e\u0651\u0629 \u0671\u0644\u0652\u064a\u064e\u0645\u064e\u0646\u0650\u064a\u064e\u0651\u0629|italics|=|off}} <br> {{small|nobold|''al-Jumh\u016br\u012byah al-Yaman\u012byah''}} {{nobold|''al-Jumh\u016br\u012byah al-Yaman\u012byah''}}",
  "image_flag": "Flag of Yemen.svg",
  "image_coat": "Yemen Coat of Arms.svg",
  "symbol_type": "Emblem",
  "national_motto": "{{native name|ar|\u0627\u0644\u0644\u0647\u060c \u0671\u0644\u0652\u0648\u064e\u0637\u064e\u0646\u060c \u0671\u0644\u062b\u064e\u0648\u0652\u0631\u064e\u0629\u060c \u0671\u0644\u0652\u0648\u064e\u062d\u0652\u062f\u064e\u0629|All\u0101h|italics|=|off}} <br /> {{transl|ar|All\u0101h, al-Wa\u1e6dan, ath-Thawrah, al-Wa\u1e25dah}} <br />\u201cGod, Country, Revolution, Unity\u201d",
  "national_anthem": "[[National anthem of Yemen|''United Republic'']]<br />( {{lang-ar|\u0627\u0644\u062c\u0645\u0647\u0648\u0631\u064a\u0629 \u0627\u0644\u0645\u062a\u062d\u062f\u0629|al-Jumh\u016br\u012byah al-Mutta\u1e25idah}} )<br /> {{lower|0.2em|[[File:United States Navy Band - United Republic.ogg|centre]]}}",
  "image_map": "Yemen on the globe (Yemen centered).svg",
  "map_caption": "{{map caption |location_color|=| red}}",
  "image_map2": "Yemen - Location Map (2013) - YEM - UNOCHA.svg",
  "capital": "[[Sana'a]] (''[[Houthi takeover in Yemen|de jure]]'')<br />",
  "largest_city": "[[Sana'a]]",
  "official_languages": "[[Modern Standard Arabic|Arabic]]",
  "ethnic_groups": "{{ublist|[[Arab]] 92.8%|[[Somalis]] 3.7%|[[Afro-Arab]] 1.1%|[[Indo-Pakistani]] 1%|Other 1.4%}}",
  "demonym": "[[Demographics of Yemen|Yemeni, Yemenite]]",
  "government_type": "[[Unitary state|Unitary]] [[provisional government]]",
  "leader_title1": "[[President of Yemen|President]]",
  "leader_name1": "[[Abdrabbuh Mansur Hadi]]",
  "leader_title2": "[[Vice President of Yemen|Vice President]]",
  "leader_name2": "[[Ali Mohsen al-Ahmar]]",
  "leader_title3": "[[Prime Minister of Yemen|Prime Minister]]",
  "leader_name3": "[[Maeen Abdulmalik Saeed]]",
  "leader_title4": "[[Supreme Political Council|President of the Supreme Political Council]]",
  "leader_name4": "[[Mahdi al-Mashat]]",
  "leader_title5": "[[Supreme Political Council|Prime Minister of the Supreme Political Council]]",
  "leader_name5": "[[Abdel-Aziz bin Habtour]]",
  "legislature": "[[House of Representatives (Yemen)|House of Representatives]]",
  "sovereignty_type": "Establishment",
  "established_event1": "[[North Yemen]] established<sup>a</sup>",
  "established_date1": "<br />30 October 1918",
  "established_event2": "[[Yemen Arab Republic]] established",
  "established_date2": "26 September 1962",
  "established_event3": "[[South Yemen]] independence<sup>b</sup>",
  "established_date3": "<br />30 November 1967",
  "established_event4": "[[Yemeni unification|Unification]]",
  "established_date4": "22 May 1990",
  "established_event5": "[[Constitution of Yemen|Current constitution]]",
  "established_date5": "16 May 1991",
  "area_km2": "527,968",
  "area_rank": "49th",
  "area_sq_mi": "203,850",
  "percent_water": "negligible",
  "population_estimate": "{{UN_Population|Yemen}} {{UN_Population|ref}}",
  "population_census": "19,685,000",
  "population_estimate_year": "{{UN_Population|Year}}",
  "population_estimate_rank": "48th",
  "population_census_year": "2004",
  "population_density_km2": "44.7",
  "population_density_sq_mi": "115.7",
  "population_density_rank": "160th",
  "GDP_PPP": "$73.348 billion",
  "GDP_PPP_year": "2018",
  "GDP_PPP_rank": "118th",
  "GDP_PPP_per_capita": "$2,380",
  "GDP_PPP_per_capita_rank": "161st",
  "GDP_nominal": "$28.524 billion",
  "GDP_nominal_year": "2018",
  "GDP_nominal_rank": "103rd",
  "GDP_nominal_per_capita": "$925",
  "GDP_nominal_per_capita_rank": "177th",
  "Gini": "36.7",
  "Gini_year": "2014",
  "HDI": "0.452",
  "HDI_year": "2017",
  "HDI_change": "decrease",
  "HDI_rank": "178th",
  "currency": "[[Yemeni rial]]",
  "currency_code": "YER",
  "time_zone": "[[Arabia Standard Time|AST]]",
  "utc_offset": "+3",
  "drives_on": "[[Right- and left-hand traffic|right]]",
  "calling_code": "[[Telephone numbers in Yemen|+967]]",
  "cctld": "[[.ye]], {{lang|ar|[[\u0627\u0644\u064a\u0645\u0646.]]}}",
  "footnote_a": "From the [[Ottoman Empire]].",
  "footnote_b": "From the [[United Kingdom]].",
  "religion": "[[Islam in Yemen|Islam]]"
}