{
  "conventional_long_name": "Republic of Kiribati",
  "common_name": "Kiribati",
  "native_name": "''Ribaberiki Kiribati'' ([[Gilbertese language|Gilbertese]])",
  "image_flag": "Flag of Kiribati.svg",
  "image_coat": "Coat of arms of Kiribati.svg",
  "national_motto": "\"Te Mauri, Te Raoi ao Te Tabomoa\"<br /> {{small|\"Health, Peace and Prosperity\"}}",
  "national_anthem": "''[[Teirake Kaini Kiribati]]''<br /> {{small|''Stand up, Kiribati''}} <br />",
  "image_map": "Kiribati on the globe (Polynesia centered).svg",
  "image_map2": "Kiribati - Location Map (2013) - KIR - UNOCHA.svg",
  "capital": "[[Tarawa]]",
  "coordinates": "{{Coord|1|28|N|173|2|E|type:city}}",
  "largest_city": "capital",
  "official_languages": "{{unbulleted list|[[English language|English]]|[[Gilbertese language|Gilbertese]]}}",
  "ethnic_groups": "98.8% [[Demographics of Kiribati|Gilbertese]]<br />1.2% Others",
  "ethnic_groups_year": "2000",
  "demonym": "I-Kiribati and Kiribatian",
  "government_type": "[[Unitary state|Unitary]] [[parliamentary republic]]",
  "leader_title1": "[[President of Kiribati|President]]",
  "leader_name1": "[[Taneti Mamau]]",
  "leader_title2": "[[Vice-President of Kiribati|Vice-President]]",
  "leader_name2": "[[Kourabi Nenem]]",
  "legislature": "[[House of Assembly (Kiribati)|House of Assembly]]",
  "sovereignty_type": "[[Independence]]",
  "established_event1": "from the [[United Kingdom]]",
  "established_date1": "12 July 1979",
  "area_km2": "811",
  "area_rank": "172nd",
  "area_sq_mi": "313",
  "population_census": "110,136",
  "population_census_year": "2015",
  "population_density_km2": "152",
  "population_density_sq_mi": "350",
  "population_density_rank": "73rd",
  "GDP_PPP": "$250 million",
  "GDP_PPP_year": "2019",
  "GDP_PPP_per_capita": "$2,135",
  "GDP_nominal": "$187 million",
  "GDP_nominal_year": "2019",
  "GDP_nominal_per_capita": "$1,599",
  "HDI": "0.590",
  "HDI_year": "2014",
  "HDI_change": "increase",
  "HDI_rank": "137th",
  "currency": "[[Kiribati dollar]]<br />[[Australian dollar]]",
  "currency_code": "AUD",
  "utc_offset": "[[UTC+12:00|+12]], [[UTC+13:00|+13]], [[UTC+14:00|+14]]",
  "drives_on": "[[Right- and left-hand traffic|left]]",
  "calling_code": "[[+686]]",
  "cctld": "[[.ki]]"
}