{
  "conventional_long_name": "Republic of Palau",
  "native_name": "{{unbulleted list|native name|pau|Beluu er a Belau|italics|=|off|native name|ja|\u30d1\u30e9\u30aa\u5171\u548c\u56fd|italics|=|off}} {{native name|pau|Beluu er a Belau|italics|=|off}} {{native name|ja|\u30d1\u30e9\u30aa\u5171\u548c\u56fd|italics|=|off}}",
  "image_flag": "Flag of Palau.svg",
  "image_coat": "Seal_of_Palau.svg",
  "symbol_type": "Seal",
  "national_anthem": "{{lang|pau|[[Belau rekid]]}} <br /> {{small|''Our Palau''}} <div style=\"padding-top:0.5em;\" class=\"center\">[[File:Belau rekid (instrumental).oga]]</div>",
  "image_map": "Palau on the globe (Southeast Asia centered) (small islands magnified).svg",
  "image_map2": "Palau - Location Map (2013) - PLW - UNOCHA.svg",
  "capital": "[[Ngerulmud]]",
  "coordinates": "{{Coord|7|30|N|134|37|E|type:city}}",
  "largest_city": "[[Koror City|Koror]]<br /> {{small|coord|7|20|N|134|29|E|display|=|inline}} {{coord|7|20|N|134|29|E|display|=|inline}}",
  "official_languages": "{{hlist|[[English language|English]]|[[Palauan language|Palauan]]|[[Japanese language|Japanese]]|[[Sonsorolese language|Sonsorolese]]|[[Tobian language|Tobian]]}}",
  "ethnic_groups": "{{unbulleted list\n  | 72.5% [[Demographics of Palau|Palauan]]\n  | 1% [[Carolinian people|Carolinian]]\n  | 2.4% Other [[Micronesian people|Micronesian]]\n  | 16.3% [[Filipinos in Palau|Filipinos]]\n  | 1.6% [[Chinese in Palau|Chinese]]\n  | 1.6% [[Vietnamese people|Vietnamese]]\n  | 3.4% Other Asian\n  | 0.9% [[White people|White]]\n  | 0.3% Other}}",
  "ethnic_groups_year": "2015",
  "demonym": "Palauan",
  "government_type": "[[Unitary state|Unitary]] [[Presidential system|presidential]] [[Republic|constitutional republic]] under a [[non-partisan democracy]]",
  "leader_title1": "[[President of Palau|President]]",
  "leader_name1": "[[Tommy Remengesau]]",
  "leader_title2": "[[Vice President of Palau|Vice President]]",
  "leader_name2": "[[Raynold Oilouch]]",
  "leader_title3": "Senate President",
  "leader_name3": "[[Hokkons Baules]]",
  "leader_title4": "House Speaker",
  "leader_name4": "Sabino Anastacio",
  "leader_title5": "Chief Justice",
  "leader_name5": "Arthur Ngiraklsong",
  "leader_title6": "Chairman of Council of Chiefs",
  "leader_name6": "Ibedul Yutaka Gibbons",
  "legislature": "''[[Palau National Congress|Olbiil era Kelulau]]''",
  "upper_house": "[[Senate of Palau|Senate]]",
  "lower_house": "[[House of Delegates of Palau|House of Delegates]]",
  "sovereignty_type": "Independence",
  "sovereignty_note": "from the [[United States]]",
  "established_event1": "[[Trust Territory of the Pacific Islands|Trusteeship]]",
  "established_date1": "18 July 1947",
  "established_event2": "Constitution",
  "established_date2": "2 April 1979",
  "established_event3": "[[Compact of Free Association]]",
  "established_date3": "1 October 1994",
  "area_km2": "459",
  "area_rank": "180th",
  "area_sq_mi": "177",
  "percent_water": "negligible",
  "population_estimate": "{{UN_Population|Palau}} {{UN_Population|ref}}",
  "population_census": "20,918",
  "population_estimate_year": "{{UN_Population|Year}}",
  "population_estimate_rank": "224th",
  "population_census_year": "2013",
  "population_density_km2": "46.7",
  "population_density_sq_mi": "121.2",
  "GDP_PPP": "$300 million",
  "GDP_PPP_year": "2018",
  "GDP_PPP_per_capita": "$16,296",
  "GDP_PPP_per_capita_rank": "81st",
  "GDP_nominal": "$322 million",
  "GDP_nominal_year": "2018",
  "GDP_nominal_per_capita": "$17,438",
  "HDI": "0.798",
  "HDI_year": "2017",
  "HDI_change": "steady",
  "HDI_rank": "61st",
  "currency": "[[United States dollar]]",
  "currency_code": "USD",
  "utc_offset": "+9",
  "utc_offset_DST": "+9",
  "time_zone_DST": "{{nowrap|not observed}}",
  "date_format": "dd/mm/yyyy",
  "drives_on": "right",
  "calling_code": "[[+680]]",
  "iso3166code": "PW",
  "cctld": "[[.pw]]",
  "status": "Sovereign state in [[Associated state|free association]] with the United States",
  "official_website": "[http://palaugov.pw/ palaugov.pw]"
}