{
  "conventional_long_name": "Independent State of Papua New Guinea",
  "native_name": "{{ubl|native name|tpi|Independen Stet bilong Papua Niugini|native name|ho|Independen Stet bilong Papua Niu Gini}} {{native name|tpi|Independen Stet bilong Papua Niugini}} {{native name|ho|Independen Stet bilong Papua Niu Gini}}",
  "common_name": "Papua New Guinea",
  "image_flag": "Flag of Papua New Guinea.svg",
  "image_symbol": "National Emblem of Papua New Guinea.svg",
  "symbol_type": "[[Emblem of Papua New Guinea|National emblem]]",
  "symbol_width": "125px",
  "national_motto": "\u2018[[Unity in diversity]]\u2019",
  "national_anthem": "''[[O Arise, All You Sons]]'' <div style=\"padding-top:0.5em;\" class=\"center\">[[File:O Arise, All You Sons (instrumental).ogg]]</div>",
  "image_map": "Papua New Guinea (orthographic projection).svg",
  "map_caption": "{{map caption |location_color|=| green}}",
  "image_map2": "Papua New Guinea - Location Map (2013) - PNG - UNOCHA.svg",
  "languages_type": "Official languages",
  "languages": "{{hlist |[[Papua New Guinean English|English]]|[[Hiri Motu]] |[[Papua New Guinean Sign Language|PNG Sign Language]]|[[Tok Pisin]]}}",
  "languages2_type": "'''Indigenous languages'''",
  "languages2_sub": "yes",
  "languages2": "[[Languages of Papua New Guinea|851 languages]]",
  "demonym": "[[Papuan people|Papua New Guinean]]",
  "capital": "[[Port Moresby]]",
  "coordinates": "{{Coord|09|28|44|S|147|08|58|E|type:city}}",
  "largest_city": "[[Port Moresby]]",
  "government_type": "{{nowrap|[[Unitary state|Unitary]] [[Parliamentary system|parliamentary]]<br />[[constitutional monarchy]]}}",
  "leader_title1": "[[Monarchy of Papua New Guinea|Monarch]]",
  "leader_name1": "[[Elizabeth II]]",
  "leader_title2": "[[Governor-General of Papua New Guinea|Governor-General]]",
  "leader_name2": "[[Bob Dadae]]",
  "leader_title3": "[[Prime Minister of Papua New Guinea|Prime Minister]]",
  "leader_name3": "[[James Marape]]",
  "legislature": "[[National Parliament of Papua New Guinea|National Parliament]]",
  "sovereignty_type": "Independence",
  "sovereignty_note": "from [[Australia]]",
  "established_event1": "[[Papua and New Guinea Act 1949]]",
  "established_date1": "1 July 1949",
  "established_event2": "Declared&nbsp;and recognised",
  "established_date2": "16 September 1975",
  "area_rank": "54th",
  "area_km2": "462,840",
  "area_sq_mi": "178,703",
  "percent_water": "2",
  "population_estimate": "8,084,999",
  "population_estimate_year": "2016 census preliminary",
  "population_estimate_rank": "101st",
  "population_census": "5,190,783",
  "population_census_year": "2000",
  "population_density_km2": "15",
  "population_density_sq_mi": "34.62",
  "population_density_rank": "201st",
  "GDP_PPP_year": "2019",
  "GDP_PPP": "$32.382 billion",
  "GDP_PPP_rank": "124th",
  "GDP_PPP_per_capita": "$3,764",
  "GDP_nominal": "$21.543 billion",
  "GDP_nominal_rank": "110th",
  "GDP_nominal_year": "2019",
  "GDP_nominal_per_capita": "$2,504",
  "Gini_year": "2009",
  "Gini": "41.9",
  "HDI_year": "2017",
  "HDI_change": "increase",
  "HDI": "0.544",
  "HDI_rank": "153rd",
  "currency": "[[Papua New Guinean kina]]",
  "currency_code": "PGK",
  "time_zone": "[[Australian Eastern Standard Time|AEST]]",
  "utc_offset": "+10, +11",
  "drives_on": "[[Right- and left-hand traffic|left]]",
  "cctld": "[[.pg]]",
  "calling_code": "[[+675]]"
}