{
  "coordinates": "{{Coord|display|=|t}}",
  "leader_name2": "[[Charlot Salwai]]",
  "conventional_long_name": "Republic of Vanuatu",
  "native_name": "{{unbulleted list|item_style|=|font-size:88%; |native name|bi|Ripablik blong Vanuatu|italic|=|no| |native name|fr|R\u00e9publique de Vanuatu|italic|=|no}} {{native name|bi|Ripablik blong Vanuatu|italic|=|no}} {{native name|fr|R\u00e9publique de Vanuatu|italic|=|no}}",
  "image_flag": "Flag of Vanuatu (official).svg",
  "image_coat": "Coat of Arms of Vanuatu.svg",
  "common_name": "Vanuatu",
  "symbol_type": "Coat of arms",
  "national_motto": "{{native phrase|bi|\"Long God yumi stanap\"|italics|=|off|nolink|=|on}} <br/> {{native phrase|fr|Nous nous tenons devant Dieu|italics|=|off|nolink|=|on}} <br/> {{small|\"In God we stand\"}} {{lower|0.2em|ref|{{cite web |last1=Vanuatu Daily Post |first1=Harrison Selmen|url=http://www.dailypost.vu/content/santo-chiefs-concerned-over-slow-pace-development-sanma?page=7&quicktabs_1=0 |title=Santo chiefs concerned over slow pace of development in Sanma|date=17 July 2011 |accessdate=29 August 2011}}|</ref>|sfn|Lynch|Pat|1993|p|=|319}} {{sfn|Lynch|Pat|1993|p|=|319}}",
  "national_anthem": "{{native name|bi|[[Yumi, Yumi, Yumi]]|nolink|=|on}} <br/> {{small|''We, We, We''}} <br/><center>[[File:United States Navy Band - Yumi, Yumi, Yumi.ogg]]</center>",
  "image_map": "Vanuatu on the globe (Polynesia centered).svg",
  "image_map2": "Vanuatu - Location Map (2013) - VUT - UNOCHA.svg",
  "capital": "[[Port Vila]]",
  "largest_city": "Port Vila",
  "official_languages": "{{unbulleted list | [[Bislama language|Bislama]] | [[English language|English]] | [[French language|French]]}}",
  "ethnic_groups": "{{unbulleted list |98.5% [[Ni-Vanuatu]] |1.5% Others}}",
  "ethnic_groups_year": "1999",
  "demonym": "Ni-Vanuatu and Vanuatuan",
  "government_type": "{{nowrap|[[Unitary state|Unitary]] [[Parliamentary republic|parliamentary]]}} [[republic]]",
  "leader_title1": "[[President of Vanuatu|President]]",
  "leader_name1": "[[Tallis Obed Moses]]",
  "leader_title2": "[[Prime Minister of Vanuatu|Prime Minister]]",
  "legislature": "[[Parliament of Vanuatu|Parliament]]",
  "established_event1": "from [[France]] and the [[United Kingdom]]",
  "sovereignty_type": "Independence",
  "established_date1": "30 July 1980",
  "established_event2": "[[United Nations Security Council Resolution 489|Admitted to the]] [[United Nations]]",
  "established_date2": "15 September 1981",
  "area_km2": "12,189",
  "area_rank": "157th",
  "area_sq_mi": "{{convert|12190|km2|sqmi|disp|=|output number only}}",
  "population_census": "272,459",
  "population_census_year": "2016",
  "population_density_km2": "19.7",
  "population_density_rank": "188th",
  "population_density_sq_mi": "51",
  "GDP_PPP": "$820&nbsp;million",
  "GDP_PPP_year": "2018",
  "GDP_PPP_rank": "178th",
  "GDP_PPP_per_capita": "$2,850",
  "GDP_PPP_per_capita_rank": "155th",
  "GDP_nominal": "$957&nbsp;million",
  "GDP_nominal_year": "2018",
  "GDP_nominal_rank": "175th",
  "GDP_nominal_per_capita": "$3,327",
  "GDP_nominal_per_capita_rank": "124th",
  "Gini": "37.6",
  "Gini_year": "2010",
  "HDI": "0.597",
  "HDI_year": "2015",
  "HDI_change": "decrease",
  "HDI_rank": "134th",
  "currency": "[[Vanuatu vatu]]",
  "currency_code": "VUV",
  "time_zone": "VUT (Vanuatu Time)",
  "utc_offset": "+11",
  "drives_on": "right",
  "calling_code": "[[+678]]",
  "cctld": "[[.vu]]"
}