{
  "conventional_long_name": "Republic of Cabo Verde",
  "native_name": "''Rep\u00fablica de Cabo Verde'' {{resize|70%|([[Portuguese language|Portuguese]])}}",
  "name": "''Rep\u00fablika di Kabu Verdi '' {{resize|70%|([[Cape Verdean Creole]])}}",
  "common_name": "Cape Verde",
  "image_flag": "Flag of Cape Verde.svg",
  "image_coat": "Coat of arms of Cape Verde.svg",
  "symbol_type": "National emblem",
  "image_map": "Location Cape Verde AU Africa.svg",
  "map_caption": "{{map caption |countryprefix|=| |location_color|=|dark blue |region|=|Africa |region_color|=|dark grey |subregion|=|the [[African Union]] |subregion_color|=|light blue}}",
  "national_motto": "{{vunblist|native phrase|pt|Unidade, Trabalho, Progresso|italics|=|on|nolink|=|off| |small|(|lang-en|\"Unity, Work, Progress\"|)}} {{native phrase|pt|Unidade, Trabalho, Progresso|italics|=|on|nolink|=|off}} {{small|(|lang-en|\"Unity, Work, Progress\"|)}} {{lang-en|\"Unity, Work, Progress\"}} )",
  "national_anthem": "{{native name|pt|[[C\u00e2ntico da Liberdade]]|nolink|=|yes}} <br/> {{small|''Chant of Freedom''}} <div style=\"padding-top:0.5em;\" class=\"center\">[[File:C\u00e2ntico da Liberdade (instrumental).ogg]]</div>",
  "official_languages": "[[Portuguese language|Portuguese]]",
  "national_languages": "[[Cape Verdean Creole]]",
  "capital": "[[Praia]]",
  "largest_city": "capital",
  "demonym": "[[Cape Verdeans|Cape Verdean]] or Cabo Verdean",
  "ethnic_groups_year": "2017",
  "government_type": "{{nowrap|[[Unitary state|Unitary]] [[Semi-presidential system|semi-presidential]]}} [[republic]]",
  "leader_title1": "[[President of Cape Verde|President]]",
  "leader_name1": "[[Jorge Carlos Fonseca]]",
  "leader_title2": "[[Prime Minister of Cape Verde|Prime Minister]]",
  "leader_name2": "[[Ulisses Correia e Silva]]",
  "legislature": "[[National Assembly (Cape Verde)|National Assembly]]",
  "area_rank": "166th",
  "area_km2": "4033",
  "area_sq_mi": "1,557",
  "percent_water": "negligible",
  "population_estimate": "{{UN_Population|Cabo Verde}} {{UN_Population|ref}}",
  "population_estimate_rank": "167th",
  "population_estimate_year": "{{UN_Population|Year}}",
  "population_density_km2": "123.7",
  "population_density_sq_mi": "325.0",
  "population_density_rank": "89th",
  "GDP_PPP": "$4.323 billion",
  "GDP_PPP_year": "2019",
  "GDP_PPP_per_capita": "$7,728",
  "GDP_nominal": "$2.042 billion",
  "GDP_nominal_year": "2019",
  "GDP_nominal_per_capita": "$3,651",
  "sovereignty_type": "Formation",
  "established_event1": "Discovery",
  "established_date1": "1460",
  "established_event2": "Independence from [[Portugal]]",
  "established_date2": "5 July 1975",
  "established_event3": "[[Multi-party system]]",
  "established_date3": "13 January 1990",
  "Gini_year": "2008",
  "Gini": "47.2",
  "HDI_year": "2017",
  "HDI_change": "increase",
  "HDI": "0.654",
  "HDI_rank": "125th",
  "currency": "[[Cape Verdean escudo]]",
  "currency_code": "CVE",
  "time_zone": "[[Cape Verde Time|CVT]]",
  "utc_offset": "-1",
  "time_zone_DST": "''not observed''",
  "utc_offset_DST": "-1",
  "drives_on": "right",
  "calling_code": "[[+238]]",
  "cctld": "[[.cv]]"
}