{
  "conventional_long_name": "Central African Republic",
  "common_name": "the Central African Republic",
  "native_name": "{{vunblist |native name|sg|K\u00f6d\u00f6r\u00f6s\u00ease t\u00ee B\u00eaafr\u00eeka|native name|fr|R\u00e9publique centrafricaine}} {{native name|sg|K\u00f6d\u00f6r\u00f6s\u00ease t\u00ee B\u00eaafr\u00eeka}} {{native name|fr|R\u00e9publique centrafricaine}}",
  "image_flag": "Flag of the Central African Republic.svg",
  "image_coat": "Coat of arms of the Central African Republic.svg",
  "national_motto": "{{native phrase|fr|\"Unit\u00e9, Dignit\u00e9, Travail\"|italics|=|off}} <br /> {{small|\"Unity, Dignity, Work\"}}",
  "national_anthem": "{{native phrase|sg|[[La Renaissance|E Zingo]]|nolink|=|no}} <br /> {{native phrase|fr|La Renaissance|nolink|=|yes}} <br /> {{small|\"The Renaissance\"}} <br /><center>[[File:La Renaissance.ogg|La Renaissance]]</center>",
  "image_map": "Location Central African Republic AU Africa.svg",
  "map_caption": "{{map caption |countryprefix|=| |location_color|=|dark blue |region|=|Africa |region_color|=|dark grey |subregion|=|the [[African Union]] |subregion_color|=|light blue}}",
  "image_map2": "Central African Republic - Location Map (2013) - CAF - UNOCHA.svg",
  "capital": "[[Bangui]]",
  "coordinates": "{{Coord|4|22|N|18|35|E|type:city}}",
  "largest_city": "capital",
  "official_languages": "[[French language|French]]<br />[[Sango language|Sango]]",
  "ethnic_groups": "{{vunblist\n  | [[Gbaya people|Baya]]\n  |  [[Banda people|Banda]]\n  |  [[Mandja people|Mandjia]]\n  |  [[Sara people|Sara]]\n  |  [[Fula people|Fulani]]\n  |  Mboum\n  |  [[M'Baka people|M'Baka]]\n  |  [[Yakoma people|Yakoma]]\n  |   others}}",
  "religion": "Predominantly [[Christianity]]",
  "demonym": "[[Demographics of the Central African Republic|Central African]]",
  "government_type": "[[Unitary state|Unitary]] [[Semi-presidential system|semi-presidential]] [[Republic|constitutional republic]]",
  "leader_title1": "[[List of heads of state of the Central African Republic and Central African Empire|President]]",
  "leader_name1": "[[Faustin-Archange Touad\u00e9ra]]",
  "leader_title2": "[[List of heads of government of the Central African Republic and Central African Empire|Prime Minister]]",
  "leader_name2": "[[Firmin Ngr\u00e9bada]]",
  "legislature": "[[National Assembly (Central African Republic)|National Assembly]]",
  "sovereignty_type": "[[Independence]]",
  "established_event1": "from [[France]]",
  "established_date1": "13 August 1960",
  "established_event2": "[[Central African Empire]] established",
  "established_date2": "4 December 1976",
  "established_event3": "Republic restored",
  "established_date3": "21 September 1979",
  "area_km2": "622,984",
  "area_rank": "44th",
  "area_sq_mi": "240,534",
  "percent_water": "150",
  "population_estimate": "{{UN_Population|Central African Republic}} {{UN_Population|ref}}",
  "population_census": "4,987,640",
  "population_estimate_year": "{{UN_Population|Year}}",
  "population_estimate_rank": "119th",
  "population_census_year": "2003",
  "population_density_km2": "7.1",
  "population_density_sq_mi": "18.4",
  "population_density_rank": "221st",
  "GDP_PPP": "$3.454 billion",
  "GDP_PPP_year": "2017",
  "GDP_PPP_per_capita": "$693",
  "GDP_nominal": "$2.003 billion",
  "GDP_nominal_year": "2017",
  "GDP_nominal_per_capita": "$401",
  "Gini": "56.3",
  "Gini_year": "2008",
  "Gini_rank": "28th",
  "HDI": "0.367",
  "HDI_year": "2017",
  "HDI_change": "increase",
  "HDI_rank": "188th",
  "currency": "[[Central African CFA franc]]",
  "currency_code": "XAF",
  "time_zone": "[[West Africa Time|WAT]]",
  "utc_offset": "+1",
  "drives_on": "right",
  "calling_code": "[[+236]]",
  "iso3166code": "CF",
  "cctld": "[[.cf]]"
}