{
  "conventional_long_name": "Republic of Djibouti",
  "native_name": "{{unbulleted list | item_style|=|font-size:88%; | |native name|fr|R\u00e9publique de Djibouti| | |native name|ar|\u062c\u0645\u0647\u0648\u0631\u064a\u0629 \u062c\u064a\u0628\u0648\u062a\u064a| | |native name|so|Jamhuuriyadda Jabuuti|native name|aa|Gabuutih Ummuuno}} {{native name|fr|R\u00e9publique de Djibouti}} {{native name|ar|\u062c\u0645\u0647\u0648\u0631\u064a\u0629 \u062c\u064a\u0628\u0648\u062a\u064a}} {{native name|so|Jamhuuriyadda Jabuuti}} {{native name|aa|Gabuutih Ummuuno}}",
  "common_name": "Djibouti",
  "image_flag": "Flag of Djibouti.svg",
  "image_coat": "Emblem of Djibouti.svg",
  "symbol_type": "Emblem",
  "image_map": "Location Djibouti AU Africa.svg",
  "map_caption": "{{map caption |countryprefix|=| |location_color|=|dark blue |region|=|Africa |region_color|=|dark grey |subregion|=|the [[African Union]] |subregion_color|=|light blue}}",
  "image_map2": "Djibouti - Location Map (2013) - DJI - UNOCHA.svg",
  "national_motto": "{{native phrase|ar|\u0627\u062a\u062d\u0627\u062f\u060c \u0645\u0633\u0627\u0648\u0627\u0629\u060c \u0633\u0644\u0627\u0645|italics|=|off}} <br> {{native phrase|fr|Unit\u00e9, \u00c9galit\u00e9, Paix|italics|=|off}} <br> {{native phrase|aa|\nInkittino, Waguitto, Amaan|italics|=|off}} <br> {{native phrase|so|\nMidnimada, Sinaanta, Nabadda|italics|=|off}} <br> {{small|Unity, Equality, Peace}}",
  "national_anthem": "''[[Djibouti (anthem)|Djibouti]]''<br> {{center|[[File:The Djiboutian anthem.ogg]]}}",
  "official_languages": "{{hlist |[[French language|French]]|[[Arabic language|Arabic]]}}",
  "national_languages": "[[Afar language|Afar]] <br>[[Somali language|Somali]]",
  "ethnic_groups": "{{ublist|[[Somalis]] 60%|[[Afar people|Afar]] 35%|others 5% (primarily [[Arab]])|ref| name=CIA}}",
  "religion": "[[Islam]]",
  "demonym": "[[Djiboutian]]",
  "capital": "[[Djibouti (city)|Djibouti]]",
  "largest_city": "capital",
  "coordinates": "{{Coord|11|36|N|43|10|E|type:city_region:DJ}}",
  "government_type": "[[Unitary state|Unitary]] [[Dominant-party system|dominant-party]] [[Presidential system|presidential]] [[republic]] under an [[authoritarian]] [[dictatorship]]",
  "leader_title1": "[[List of heads of state of Djibouti|President]]",
  "leader_title2": "[[List of heads of government of Djibouti|Prime Minister]]",
  "leader_name1": "[[Isma\u00efl Omar Guelleh]]",
  "leader_name2": "[[Abdoulkader Kamil Mohamed]]",
  "legislature": "[[National Assembly (Djibouti)|National Assembly]]",
  "area_rank": "146th",
  "area_km2": "23,200",
  "area_sq_mi": "8,958",
  "percent_water": "{{nowrap|0.09 (20 km\u00b2 / 7.7 sq mi)}}",
  "population_estimate": "884,017",
  "population_estimate_year": "2018",
  "population_density_km2": "37.2",
  "population_density_sq_mi": "96.4",
  "population_density_rank": "168th",
  "GDP_PPP": "$3.974&nbsp;billion",
  "GDP_PPP_year": "2018",
  "GDP_PPP_per_capita": "$3,788",
  "GDP_nominal": "$2.187&nbsp;billion",
  "GDP_nominal_year": "2018",
  "GDP_nominal_per_capita": "$2,084",
  "Gini_year": "2015",
  "Gini": "40.0",
  "HDI_year": "2015",
  "HDI_change": "increase",
  "HDI": "0.473",
  "HDI_rank": "172nd",
  "currency": "[[Djiboutian franc]]",
  "currency_code": "DJF",
  "time_zone": "[[East Africa Time|EAT]]",
  "utc_offset": "+3",
  "drives_on": "Right",
  "calling_code": "[[+253]]",
  "cctld": "[[.dj]]"
}