{
  "conventional_long_name": "Republic of Equatorial Guinea",
  "common_name": "Equatorial Guinea",
  "native_name": "{{unbulleted list|li_style|=|font-size:92% |native name|es|Rep\u00fablica de Guinea Ecuatorial| |native name|fr|R\u00e9publique de Guin\u00e9e \u00e9quatoriale| |native name|pt|Rep\u00fablica da Guin\u00e9 Equatorial}} {{native name|es|Rep\u00fablica de Guinea Ecuatorial}} {{native name|fr|R\u00e9publique de Guin\u00e9e \u00e9quatoriale}} {{native name|pt|Rep\u00fablica da Guin\u00e9 Equatorial}}",
  "image_flag": "Flag of Equatorial Guinea.svg",
  "image_coat": "Coat of arms of Equatorial Guinea.svg",
  "symbol_type": "Coat of arms",
  "national_motto": "{{unbulleted list |native name|es|\"Unidad, Paz, Justicia\"|italics|=|off|nolink|=|on| |small|\"Unity, Peace, Justice\"}} {{native name|es|\"Unidad, Paz, Justicia\"|italics|=|off|nolink|=|on}} {{small|\"Unity, Peace, Justice\"}}",
  "national_anthem": "{{native name|es|[[Caminemos pisando las sendas de nuestra inmensa felicidad]]|nolink|=|yes}} <br /> {{small|''Let Us Tread the Path of Our Immense Happiness''}} <br />",
  "image_map": "Location Equatorial Guinea AU Africa.svg",
  "map_caption": "{{map caption |countryprefix|=| |location_color|=|dark blue |region|=|Africa |region_color|=|dark grey |subregion|=|the [[African Union]] |subregion_color|=|light blue}}",
  "capital": "[[Malabo]]",
  "coordinates": "{{Coord|3|45|N|8|47|E|type:city}}",
  "largest_city": "[[Bata, Equatorial Guinea|Bata]]",
  "official_languages": "[[Spanish language|Spanish]]<br />[[French language|French]]<br />[[Portuguese language|Portuguese]]",
  "regional_languages": "[[Fang language|Fang]]<br />[[Bube language|Bube]]<br />[[Combe language|Combe]]<br />[[West African Pidgin English|Pidgin English]]<br />[[Annobonese language|Annobonese]],\n\n [[Igbo language|Igbo]]",
  "ethnic_groups": "{{unbulleted list\n  | 81.7% [[Fang people|Fang]]\n  |  6.5% [[Bubi people|Bubi]]\n  |  3.6% [[Demographics of Equatorial Guinea#Peoples considered as natives|Ndowe]]\n  |  1.6% [[Annobon]]\n  |  1.1% [[Kwasio people|Bujeba]]\n  |  5.4% [[Igbo people|Igbo]] and others|sup|a|}} {{sup|a}}",
  "ethnic_groups_year": "1994",
  "demonym": "{{unbulleted list |Equatorial Guinean |nowrap|[[Demographics of Equatorial Guinea|\nEquatoguinean]]}} {{nowrap|[[Demographics of Equatorial Guinea|\nEquatoguinean]]}}",
  "government_type": "[[Unitary state|Unitary]] [[Dominant-party system|dominant-party]] [[Presidential system|presidential republic]] (''[[de jure]]'') under an [[authoritarian]] [[dictatorship]] (''[[de facto]]'')",
  "leader_title1": "[[List of Presidents of Equatorial Guinea|President]]",
  "leader_name1": "[[Teodoro Obiang Nguema Mbasogo]]",
  "leader_title2": "[[List of Prime Ministers of Equatorial Guinea|Prime Minister]]",
  "leader_name2": "[[Francisco Pascual Obama Asue]]",
  "leader_title3": "[[Vice President of Equatorial Guinea|First Vice President]]",
  "leader_name3": "[[Teodoro Nguema Obiang Mangue]]",
  "legislature": "[[Parliament of Equatorial Guinea|Parliament]]",
  "upper_house": "[[Senate (Equatorial Guinea)|Senate]]",
  "lower_house": "[[Chamber of Deputies (Equatorial Guinea)|Chamber of Deputies]]",
  "sovereignty_type": "Independence",
  "established_event1": "from [[Francoist Spain|Spain]]",
  "established_date1": "12 October 1968",
  "area_km2": "28,050",
  "area_rank": "141st",
  "area_sq_mi": "10,830",
  "percent_water": "negligible",
  "population_estimate": "{{UN_Population|Equatorial Guinea}} {{UN_Population|ref}}",
  "population_census": "1,222,442",
  "population_estimate_year": "{{UN_Population|Year}}",
  "population_census_year": "2015",
  "GDP_PPP": "$29.162 billion",
  "GDP_PPP_year": "2019",
  "GDP_PPP_per_capita": "$21,442",
  "GDP_nominal": "$12.432 billion",
  "GDP_nominal_year": "2019",
  "GDP_nominal_per_capita": "$9,141",
  "HDI": "0.591",
  "HDI_year": "2017",
  "HDI_change": "decrease",
  "HDI_rank": "141th",
  "currency": "[[Central African CFA franc]]",
  "currency_code": "XAF",
  "time_zone": "[[West Africa Time|WAT]]",
  "utc_offset": "+1",
  "drives_on": "right",
  "calling_code": "[[+240]]",
  "cctld": "[[.gq]]",
  "footnote_a": "{{nowrap|Including [[Equatoguinean Spanish]] (''Espa\u00f1ol ecuatoguineano'').}}"
}