{
  "conventional_long_name": "Kingdom of Eswatini",
  "common_name": "Eswatini",
  "native_name": "{{native name|ss|Umbuso weSwatini}}",
  "image_flag": "Flag of Eswatini.svg",
  "image_coat": "Coat of arms of Eswatini.svg",
  "national_motto": "<br/> {{native phrase|ss|\"Siyinqaba\"|italics|=|off}} <br/> {{smaller|\"We are a fortress\"<br/>\"We are a mystery/riddle\"<br/>\"We hide ourselves away\"}}",
  "national_anthem": "<br/> {{nowrap|\"[[Nkulunkulu Mnikati wetibusiso temaSwati]]\"<br/>|smaller|\"Oh God, Bestower of the Blessings of the Swazi'\"}} <br /><div style=\"padding-top:0.5em;\" class=\"center\">[[File:Nkulunkulu Mnikati wetibusiso temaSwati (instrumental).ogg]]</div> {{smaller|\"Oh God, Bestower of the Blessings of the Swazi'\"}}",
  "image_map": "Location Swaziland AU Africa.svg",
  "map_caption": "{{map caption |countryprefix|=| |location_color|=|dark blue |region|=|Africa |region_color|=|light blue |subregion|=|the [[African Union]] |subregion_color|=|light blue}}",
  "image_map2": "Eswatini.png",
  "capital": "{{plainlist|\n*[[Mbabane]] <small>(executive)</small>\n*[[Lobamba]] <small>(legislative)</small>}}",
  "largest_city": "[[Mbabane]]",
  "official_languages": "{{hlist |[[Swazi language|Swazi]] | [[South African English|English]]}}",
  "demonym": "Swazi",
  "government_type": "[[Unitary state|Unitary]] [[Parliamentary system|parliamentary]] [[Absolute monarchy|absolute]] [[diarchy]]",
  "leader_title1": "[[Ngwenyama]]",
  "leader_name1": "[[Mswati III]]",
  "leader_title2": "[[Ndlovukati]]",
  "leader_name2": "[[Ntfombi of Eswatini|Ntfombi Tfwala]]",
  "leader_title3": "[[List of Prime Ministers of Eswatini|Prime Minister]]",
  "leader_name3": "[[Mandvulo Ambrose Dlamini|Ambrose Dlamini]]",
  "legislature": "[[Parliament of Eswatini|Parliament]]",
  "upper_house": "[[Senate of Eswatini|Senate]]",
  "lower_house": "[[House of Assembly of Eswatini|House of Assembly]]",
  "sovereignty_type": "Independence from the [[United Kingdom]]",
  "established_event1": "Granted",
  "established_date1": "6 September 1968",
  "established_event2": "[[United Nations Security Council Resolution 257|United Nations membership]]",
  "established_date2": "24 September 1968",
  "established_event3": "[[Constitution of Swaziland|Current constitution]]",
  "established_date3": "1975",
  "area_km2": "17,364",
  "area_rank": "153rd",
  "area_sq_mi": "6,704",
  "percent_water": "0.9",
  "population_estimate": "{{UN_Population|Swaziland}} {{UN_Population|ref}}",
  "population_census": "1,093,238",
  "population_estimate_year": "{{UN_Population|Year}}",
  "population_estimate_rank": "154th",
  "population_census_year": "2017",
  "population_density_km2": "68.2",
  "population_density_sq_mi": "176.8",
  "population_density_rank": "135th",
  "GDP_PPP": "$12.293 billion",
  "GDP_PPP_year": "2019",
  "GDP_PPP_per_capita": "$11,089",
  "GDP_nominal": "$4.662 billion",
  "GDP_nominal_year": "2019",
  "GDP_nominal_per_capita": "$4,206",
  "Gini": "49.5",
  "Gini_year": "2015",
  "Gini_change": "decrease",
  "HDI": "0.588",
  "HDI_year": "2017",
  "HDI_change": "increase",
  "HDI_rank": "144th",
  "currency": "{{plainlist|\n*[[Swazi lilangeni]] (SZL)\n*[[South African rand]] (ZAR)}}",
  "time_zone": "[[South African Standard Time|SAST]]",
  "utc_offset": "+2",
  "drives_on": "[[Right- and left-hand traffic|left]]",
  "calling_code": "[[+268]]",
  "cctld": "[[.sz]]",
  "official_website": "{{URL|http://www.gov.sz/}}"
}