{
  "conventional_long_name": "Federal Democratic Republic of Ethiopia",
  "common_name": "Ethiopia",
  "native_name": "{{Infobox |subbox|=|yes |bodystyle|=|font-size:77%;font-weight:normal;\n| rowclass1 |=| mergedrow | label1 |=| [[Amharic language|Amharic]]: | data1|=| |lang|am|\u12e8\u12a2\u1275\u12ee\u1335\u12eb \u134c\u12f4\u122b\u120b\u12ca \u12f4\u121e\u12ad\u122b\u1232\u12eb\u12ca \u122a\u1350\u1265\u120a\u12ad <br> (ye\u02be\u012atiyo\u1e57\u1e57ya F\u0113d\u0113ralaw\u012b D\u0113mokiras\u012byaw\u012b R\u012bpebil\u012bk)| | label2 |=| [[Afar language|Afar <br> (Qafar af)]]: | data2|=| |Lang|af|ityoppiah federalih demokrasih ummuno| | label3|=| [[Oromo language|Afaan Oromo (Oromo)]]: | data3|=| |lang|om|Rippabliikii Federaalawaa Dimokraatawaa Itiyoophiyaa| | label4 |=| [[Somali language|Somali]]: | data4|=| |lang|so|Jamhuuriyadda Dimuqraadiga Federaalka Itoobiya| | label5 |=| [[Tigrinya language|Tigrinya]]: | data5|=| |lang|ti|\u1293\u12ed\u12a2\u1275\u12ee\u1335\u12eb \u134c\u12f4\u122b\u120b\u12ca \u12f4\u121e\u12ad\u122b\u1232\u12eb\u12ca \u122a\u1350\u1265\u120a\u12ad <br> (nayi\u2019\u012btiyop\u2019iya f\u0113d\u0113ralaw\u012b d\u0113mokiras\u012byaw\u012b r\u012bpebil\u012bki)|}} {{lang|am|\u12e8\u12a2\u1275\u12ee\u1335\u12eb \u134c\u12f4\u122b\u120b\u12ca \u12f4\u121e\u12ad\u122b\u1232\u12eb\u12ca \u122a\u1350\u1265\u120a\u12ad <br> (ye\u02be\u012atiyo\u1e57\u1e57ya F\u0113d\u0113ralaw\u012b D\u0113mokiras\u012byaw\u012b R\u012bpebil\u012bk)}} {{Lang|af|ityoppiah federalih demokrasih ummuno}} {{lang|om|Rippabliikii Federaalawaa Dimokraatawaa Itiyoophiyaa}} {{lang|so|Jamhuuriyadda Dimuqraadiga Federaalka Itoobiya}} {{lang|ti|\u1293\u12ed\u12a2\u1275\u12ee\u1335\u12eb \u134c\u12f4\u122b\u120b\u12ca \u12f4\u121e\u12ad\u122b\u1232\u12eb\u12ca \u122a\u1350\u1265\u120a\u12ad <br> (nayi\u2019\u012btiyop\u2019iya f\u0113d\u0113ralaw\u012b d\u0113mokiras\u012byaw\u012b r\u012bpebil\u012bki)}}",
  "image_flag": "Flag of Ethiopia.svg",
  "image_coat": "Emblem of Ethiopia.svg",
  "symbol_type": "Emblem",
  "national_anthem": "<br /> {{lang|am|\u12c8\u12f0\u134a\u1275 \u1308\u1235\u130d\u123a\u1363 \u12cd\u12f5 \u12a5\u1293\u1275 \u12a2\u1275\u12ee\u1335\u12eb|italic|=|yes}} <br /> {{small|''[[March Forward, Dear Mother Ethiopia]]''}} <br />[[File:Wedefit Gesgeshi Widd Innat Ittyoppya.ogg|center]]",
  "image_map": "Ethiopia (Africa orthographic projection).svg",
  "capital": "[[Addis Ababa]]",
  "coordinates": "{{Coord|9|1|N|38|45|E|type:city}}",
  "largest_city": "capital",
  "official_languages": "[[Amharic]] (federal level {{!}} de jure lingua franca)",
  "languages_type": "{{nowrap|'''[[Regional language]]s'''}}",
  "languages_sub": "yes",
  "languages": "{{Flatlist|\n* [[Afar language|Afar]]\n* [[Amharic]]\n* [[Gurage]]\n* [[Harari language|Harari]]\n* [[Oromo language|Oromo]]\n* [[Tigrinya language|Tigrinya]]\n* [[Sidamo language|Sidamo]]\n* [[Somali language|Somali]]\n* [[Wolaytta language|Wolaytta]]\n* [[Languages of Ethiopia]]\n|<!-- Only includes languages officially recognized by a region as the working language -->}}",
  "languages2_type": "Foreign languages",
  "languages2": "{{hlist|[[English language|English]]|ref|{{Cite web |url=http://www.besig.org/Libraries/Bielefeld_Docs/Roles_of_English_and_language_policies_in_Ethiopia.sflb.ashx |title=Archived copy |access-date=13 January 2019 |archive-url=https://web.archive.org/web/20180801184854/http://www.besig.org/Libraries/Bielefeld_Docs/Roles_of_English_and_language_policies_in_Ethiopia.sflb.ashx |archive-date=1 August 2018 |dead-url=yes }}|</ref>|[[Arabic language|Arabic]]|ref| name=\"CIA\"|[[Italian language|Italian]] |small|(business and education)|ref|{{Cite web|url=https://aethiopien-botschaft.de/?page_id=183|title=Population}}|</ref>|ref|{{Cite web|url=http://www.ilsole24ore.com/art/cultura/2012-01-22/etiopia-professori-vanno-ruba-081337.shtml?uuid=AagHF6gE|title=In Etiopia i professori vanno a ruba|website=Il Sole 24 ORE}}|</ref>}} {{small|(business and education)}}",
  "ethnic_groups_year": "2012",
  "religion": "{{nowrap|[[Christianity in Ethiopia|Christianity]] (62.8%)<br />[[Islam in Ethiopia|Islam]] (33.9%)<br />[[Traditional African religions|Traditional faiths]] (2.6%)<br />Others (0.7%)|ref|{{Cite web | url=https://www.cia.gov/library/publications/the-world-factbook/geos/et.html | title=Africa :: Ethiopia \u2014 the World Factbook \u2013 Central Intelligence Agency}}|</ref>}}",
  "demonym": "[[Demographics of Ethiopia|Ethiopian]]",
  "government_type": "[[Federalism|Federal]] [[Dominant-party system|dominant-party]] [[Parliamentary system|parliamentary]] [[republic]]",
  "leader_title1": "[[President of Ethiopia|President]]",
  "leader_name1": "[[Sahle-Work Zewde]]",
  "leader_title2": "[[Prime Minister of Ethiopia|Prime Minister]]",
  "leader_name2": "[[Abiy Ahmed|Abiy Ahmed Ali]]",
  "leader_title3": "[[Deputy Prime Minister]]",
  "leader_name3": "[[Demeke Mekonnen]]",
  "leader_title4": "[[Speaker of the House of Peoples' Representatives]]",
  "leader_name4": "[[Tagesse Chafo]]",
  "leader_title5": "President of the [[Federal Supreme Court of Ethiopia|Federal Supreme Court]]",
  "leader_name5": "[[Meaza Ashenafi]]",
  "legislature": "[[Federal Parliamentary Assembly]]",
  "upper_house": "[[House of Federation]]",
  "lower_house": "[[House of Peoples' Representatives]]",
  "sovereignty_type": "[[History of Ethiopia|Formation]]",
  "established_event1": "[[D\u02bfmt]]",
  "established_date1": "c. 980 {{small|[[BCE]]}}",
  "established_event2": "[[Kingdom of Aksum]]",
  "established_date2": "c. 100 {{small|[[Common Era|CE]]}}",
  "established_event3": "[[Zagwe Dynasty]]",
  "established_date3": "900",
  "established_event4": "[[Ethiopian Empire]]",
  "established_date4": "1137",
  "established_event5": "[[Italian Ethiopia]]",
  "established_date5": "1936",
  "established_event6": "Sovereignty restored",
  "established_date6": "1941",
  "established_event7": "[[Derg|Provisional Military Government of Socialist Ethiopia]]",
  "established_date7": "1974",
  "established_event8": "[[People's Democratic Republic of Ethiopia]]",
  "established_date8": "1987",
  "established_event9": "{{nowrap|[[1995 Constitution of Ethiopia|Current constitution]]}}",
  "established_date9": "August 1995",
  "area_km2": "1,104,300",
  "area_rank": "28th",
  "area_sq_mi": "426,371",
  "percent_water": "0.7",
  "population_estimate": "{{UN_Population|Ethiopia}} {{UN_Population|ref}}",
  "population_census": "73,750,932",
  "population_estimate_year": "{{UN_Population|Year}}",
  "population_estimate_rank": "12th",
  "population_census_year": "2007",
  "population_density_km2": "92.7",
  "population_density_sq_mi": "240.1",
  "population_density_rank": "123rd",
  "GDP_PPP": "$240.705 billion",
  "GDP_PPP_year": "2019",
  "GDP_PPP_per_capita": "$2,516",
  "GDP_nominal": "$90.968 billion",
  "GDP_nominal_year": "2019",
  "GDP_nominal_per_capita": "$951",
  "Gini": "33.6",
  "Gini_year": "2011",
  "Gini_change": "increase",
  "HDI": "0.463",
  "HDI_year": "2017",
  "HDI_change": "increase",
  "HDI_rank": "173rd",
  "currency": "[[Ethiopian birr|Birr]]",
  "currency_code": "ETB",
  "time_zone": "[[East Africa Time|EAT]]",
  "utc_offset": "+3",
  "drives_on": "right",
  "calling_code": "[[+251]]",
  "cctld": "[[.et]]"
}