{
  "conventional_long_name": "Gabonese Republic",
  "native_name": "{{native name|fr|R\u00e9publique gabonaise|fontsize|=|70%}}",
  "common_name": "Gabon",
  "image_flag": "Flag of Gabon.svg",
  "image_coat": "Coat of arms of Gabon.svg",
  "image_map": "Location Gabon AU Africa.svg",
  "map_caption": "{{map caption |countryprefix|=| |location_color|=|dark blue |region|=|Africa |region_color|=|dark grey |subregion|=|the [[African Union]] |subregion_color|=|light blue}}",
  "national_motto": "{{native phrase|fr|\"Union, Travail, Justice\"|italics|=|off|nolink|=|on}} <br/> {{small|\"Union, Work, Justice\"}}",
  "national_anthem": "''[[La Concorde]]''<br/> {{small|''The Concord''}} <br/><center>[[File:La Concorde.ogg]]</center>",
  "capital": "[[Libreville]]",
  "coordinates": "{{Coord|0|23|N|9|27|E|type:city}}",
  "largest_city": "capital",
  "official_languages": "[[French language|French]]",
  "languages_type": "[[Vernacular|Vernacular languages]]",
  "languages": "{{hlist |[[Fang language|Fang]] |[[Myene language|Myene]]|[[Punu language|Punu]]|[[Nzebi language|Nzebi]]}}",
  "demonym": "{{unbulleted list |Gabonese |Gabonaise}}",
  "ethnic_groups": "{{unbulleted list\n  | 28.6% [[Beti-Pahuin people|Beti\u2013Pahuin]] (incl. [[Fang people|Fang]])\n  | 10.2% [[Punu people|Punu]]\n  |  8.9% [[Bongo people (Gabon)|Nzebi]]\n  |  4.1% [[Mpongwe people|Mpongwe]]\n  | 48.2% other|efn-ur|[[Demographics of Gabon#Ethnic groups|154,000 people of other groups]], including 10,700 French nationals and 11,000 persons of dual nationality.|}} {{efn-ur|[[Demographics of Gabon#Ethnic groups|154,000 people of other groups]], including 10,700 French nationals and 11,000 persons of dual nationality.}}",
  "ethnic_groups_year": "2000",
  "government_type": "[[Unitary state|Unitary]] [[Dominant-party system|dominant-party]] [[presidential republic]]",
  "leader_title1": "[[Heads of state of Gabon|President]]",
  "leader_name1": "[[Ali Bongo Ondimba]]",
  "leader_title2": "[[Heads of Government of Gabon|Prime Minister]]",
  "leader_name2": "[[Julien Nkoghe Bekale]]",
  "legislature": "[[Parliament of Gabon|Parliament]]",
  "upper_house": "[[Senate (Gabon)|Senate]]",
  "lower_house": "[[National Assembly (Gabon)|National Assembly]]",
  "area_km2": "267,667",
  "area_sq_mi": "103,347",
  "area_rank": "76th",
  "percent_water": "3.76%",
  "population_estimate": "{{UN_Population|Gabon}} {{UN_Population|ref}}",
  "population_estimate_rank": "150th",
  "population_estimate_year": "{{UN_Population|Year}}",
  "population_density_km2": "5.5",
  "population_density_sq_mi": "14.3",
  "population_density_rank": "216th",
  "GDP_PPP": "$38.280 billion",
  "GDP_PPP_year": "2018",
  "GDP_PPP_per_capita": "$18,647",
  "GDP_nominal": "$17.212 billion",
  "GDP_nominal_year": "2018",
  "GDP_nominal_per_capita": "$8,384",
  "sovereignty_type": "Independence from [[France]]",
  "established_event1": "Granted",
  "established_date1": "August 17, 1960",
  "Gini_year": "2017",
  "Gini": "38",
  "HDI_year": "2017",
  "HDI_change": "increase",
  "HDI": "0.702",
  "HDI_rank": "110th",
  "currency": "[[Central African CFA franc]]",
  "currency_code": "XAF",
  "time_zone": "[[West Africa Time|WAT]]",
  "utc_offset": "+1",
  "drives_on": "right",
  "calling_code": "[[+241]]",
  "cctld": "[[.ga]]"
}