{
  "conventional_long_name": "Republic of Ghana",
  "common_name": "Ghana",
  "image_flag": "Flag of Ghana.svg",
  "image_coat": "Coat of arms of Ghana.svg",
  "national_motto": "\"Freedom and Justice\"",
  "national_anthem": "{{ubl\n   |\"[[God Bless Our Homeland Ghana]]\"|ref|{{cite web|url=http://www.emefa.myserver.org/Ghana.mp3|title=Emefa.myserver.org|accessdate=21 December 2010|archive-url=https://web.archive.org/web/20120426061344/http://www.emefa.myserver.org/Ghana.mp3|archive-date=26 April 2012|dead-url=yes}}|</ref>|[[File:God Bless Our Homeland Ghana (Instrumental).ogg|noicon|center]]}}",
  "image_map": "Ghana (orthographic projection).svg",
  "capital": "[[Accra]]",
  "largest_city": "capital",
  "coordinates": "{{Coord|5|33|N|0|12|W|type:city}}",
  "official_languages": "[[English language|English]]",
  "national_languages": "British English (official Language) {{plainlist|item_style|=|padding-left:0.5em|\n*[[Asante dialect|Asante Twi]]\n*[[Akuapem dialect]]\n*[[Akuapem Twi]]\n*[[Abron dialect|Bono]]\n*[[Dagaare]]\n*[[Dagomba language|Dagbani]]\n*[[Adangme language|Dangme]]\n*[[Ewe language|Ewe]]\n*[[Ga language|Ga]]\n*[[Gonja language|Gonja]]\n*[[Kasem language|Kasem]]\n*[[Mampruli language|Mampruli]]\n*[[Fante dialect|Fante]]\n*[[Nzema language|Nzema]]\n*[[Wasa language|Wasa]]\n*[[Talensi language|Talensi]]\n*[[Frafra language|Frafra]] \n*[[Kusaal]]\n*[[Hausa language|Hausa]]\n*[[Ghanaian Sign Language]]}}",
  "ethnic_groups": "{{ubl\n   |47.5% [[Akan people|Akans]]\n   |16.6% [[Mole-Dagbani people|Mole-Dagbani]]\n   |13.9% [[Ewe people|Ewe]]\n   |7.4% [[Ga-Adangbe people|Ga-Adangbe]]\n   |5.7% [[Konkomba]]\n   |3.7% [[Guan people|Guan]]\n   |2.5% [[Gurunsi]]\n   |2.2% [[kusasi]]\n   |1.1% [[Bissa people|Bissa]]\n   |1.4% Other}}",
  "ethnic_groups_year": "2010",
  "demonym": "Ghanaian",
  "government_type": "{{ubl|style|=|whitespace:nowrap\n   |[[Unitary state|Unitary]] [[Presidential system|presidential]]|[[Republic|constitutional republic]]}}",
  "leader_title1": "[[President of Ghana|President]]",
  "leader_name1": "[[Nana Akufo-Addo]]",
  "leader_title2": "[[Vice President of the Republic of Ghana|Vice-President]]",
  "leader_name2": "[[Mahamudu Bawumia]]",
  "legislature": "[[Parliament of Ghana|Parliament]]",
  "sovereignty_type": "Independence {{nobold|from the [[United Kingdom]]}}",
  "established_event1": "[[Dominion of Ghana|Dominion]]",
  "established_date1": "6 March 1957",
  "established_event2": "[[Republic]]",
  "established_date2": "1 July 1960",
  "established_event3": "[[Constitution of Ghana|Current&nbsp;constitution]]",
  "established_date3": "28 April 1992",
  "area_km2": "239,567",
  "area_rank": "80th",
  "area_sq_mi": "92,099",
  "percent_water": "4.61 (11,000&nbsp;km; 4,247&nbsp;mi {{smallsup|2}} )",
  "population_estimate": "28,308,301",
  "population_census": "24,200,000",
  "population_estimate_year": "2016",
  "population_estimate_rank": "45th",
  "population_census_year": "2010",
  "population_density_km2": "101.5",
  "population_density_sq_mi": "258.8",
  "population_density_rank": "103rd",
  "GDP_PPP": "$211.127&nbsp;billion",
  "GDP_PPP_year": "2019",
  "GDP_PPP_per_capita": "$6,998",
  "GDP_nominal": "$68&nbsp;billion",
  "GDP_nominal_year": "2018",
  "GDP_nominal_per_capita": "$2,262",
  "Gini": "42.4",
  "Gini_year": "2012",
  "HDI": "0.592",
  "HDI_year": "2017",
  "HDI_change": "increase",
  "HDI_rank": "140th",
  "currency": "[[Ghanaian cedi]]",
  "currency_code": "GHS",
  "time_zone": "[[GMT]]",
  "utc_offset": "+0",
  "drives_on": "[[Right- and left-hand traffic#Ghana|right]]",
  "calling_code": "[[Telephone numbers in Ghana|+233]]",
  "iso3166code": "GH",
  "cctld": "[[.gh]]",
  "official_website": "[http://www.ghana.gov.gh/ ghana.gov.gh]"
}