{
  "conventional_long_name": "Republic of Guinea-Bissau",
  "native_name": "{{native name|pt|Rep\u00fablica da Guin\u00e9-Bissau|fontsize|=|70%}}",
  "common_name": "Guinea-Bissau",
  "image_flag": "Flag of Guinea-Bissau.svg",
  "image_coat": "Coat of arms of Guinea-Bissau.svg",
  "symbol_type": "Emblem",
  "image_map": "Location Guinea Bissau AU Africa.svg",
  "map_caption": "{{map caption |countryprefix|=| |location_color|=|dark blue |region|=|Africa |region_color|=|dark grey |subregion|=|the [[African Union]] |subregion_color|=|light blue}}",
  "image_map2": "Guinea-Bissau - Location Map (2013) - GNB - UNOCHA.svg",
  "national_motto": "<br /> {{native phrase|pt|\"Unidade, Luta, Progresso\"|italics|=|off|nolink|=|on}} <br /> {{small|\"Unity, Struggle, Progress\"}}",
  "national_anthem": "<br /> {{native name|pt|[[Esta \u00e9 a Nossa P\u00e1tria Bem Amada]]|nolink|=|on}} <br /> {{small|''This is Our Beloved Homeland''}} <div style=\"padding-top:0.5em;\" class=\"center\">[[File:Esta \u00e9 a Nossa P\u00e1tria Bem Amada (instrumental).ogg]]</div>",
  "official_languages": "[[Portuguese language|Portuguese]]",
  "national_languages": "[[Upper Guinea Creole]]",
  "demonym": "Bissau-Guinean",
  "capital": "[[Bissau]]",
  "ethnic_groups": "{{unbulleted list\n| 28.5% [[Fula people|Fula]]\n| 22.5% [[Balanta people|Balanta]]\n| 14.7% [[Mandinka people|Mandinka]]\n| 9.1% [[Papel people|Papel]]\n| 8.3% [[Manjack people|Manjaca]]\n| &gt;1% others}}",
  "coordinates": "{{Coord|11|52|N|15|36|W|type:city}}",
  "largest_city": "capital",
  "government_type": "[[Unitary state|Unitary]] [[Semi-presidential system|semi-presidential]] [[republic]]",
  "leader_title1": "[[List of Presidents of Guinea-Bissau|President]]",
  "leader_name1": "[[Jos\u00e9 M\u00e1rio Vaz]]",
  "leader_title2": "{{nowrap|[[List of Prime Ministers of Guinea-Bissau|Prime Minister]]}}",
  "leader_name2": "[[Aristides Gomes]]",
  "legislature": "{{nowrap|[[National People's Assembly (Guinea-Bissau)|National People's Assembly]]}}",
  "area_rank": "134th",
  "area_km2": "36,125",
  "area_sq_mi": "13,948",
  "percent_water": "22.4",
  "population_estimate": "{{UN_Population|Guinea-Bissau}} {{UN_Population|ref}}",
  "population_estimate_rank": "148th",
  "population_estimate_year": "{{UN_Population|Year}}",
  "population_density_km2": "46.9",
  "population_density_sq_mi": "121.4",
  "population_density_rank": "154th",
  "GDP_PPP": "$3.391 billion",
  "GDP_PPP_year": "2018",
  "GDP_PPP_per_capita": "$1,951",
  "GDP_nominal": "$1.480 billion",
  "GDP_nominal_year": "2018",
  "GDP_nominal_per_capita": "$851",
  "sovereignty_type": "[[Guinea-Bissau War of Independence|Independence]] {{nobold|from [[Portugal]]}}",
  "established_event1": "Declared",
  "established_date1": "24 September 1973",
  "established_event2": "Recognized",
  "established_date2": "10 September 1974",
  "Gini_year": "2002",
  "Gini": "35",
  "HDI_year": "2017",
  "HDI_change": "increase",
  "HDI": "0.455",
  "HDI_rank": "177th",
  "currency": "[[West African CFA franc]]",
  "currency_code": "XOF",
  "time_zone": "[[GMT]]",
  "utc_offset": "+0",
  "drives_on": "right",
  "calling_code": "[[+245]]",
  "cctld": "[[.gw]]"
}