{
  "conventional_long_name": "Kingdom of Lesotho",
  "common_name": "Lesotho",
  "native_name": "'' {{'}} Muso oa Lesotho'' ([[Sesotho language|Sesotho]])",
  "image_flag": "Flag of Lesotho.svg",
  "image_coat": "Coat of arms of Lesotho.svg",
  "national_motto": "{{native phrase|st|\"Khotso, Pula, Nala\"|italics|=|off}} <br/> {{small|\"Peace, Rain, Prosperity\"}}",
  "national_anthem": "''[[Lesotho Fat\u0161e La Bontata Rona]]''<br/>( {{Lang-en|\"Lesotho, land of our Fathers\"}} )<br /><center>[[File:National_anthem_of_Lesotho,_performed_by_the_U.S._Navy_Band.wav]]",
  "image_map": "Location Lesotho AU Africa.svg",
  "map_caption": "{{map caption |countryprefix|=| |location_color|=|dark blue |region|=|Africa |region_color|=|dark grey |subregion|=|the [[African Union]] |subregion_color|=|light blue}}",
  "image_map2": "Lesotho - Location Map (2013) - LSO - UNOCHA.svg",
  "capital": "[[Maseru]]",
  "coordinates": "{{Coord|29|28|S|27|56|E|type:city}}",
  "largest_city": "Maseru",
  "official_languages": "{{unbulleted list |[[Sesotho]] | [[English language|English]]}}",
  "ethnic_groups": "{{unbulleted list |99.7% [[Sotho people|Basotho]] |0.3% other Africans}}",
  "demonym": "{{unbulleted list |nowrap|Mosotho |small|([[Grammatical number#Singular versus plural|singular]])| |Basotho |small|(plural)}} <br>Lesothan (Interchangeable)<br>Lesothonian {{nowrap|Mosotho |small|([[Grammatical number#Singular versus plural|singular]])}} {{small|([[Grammatical number#Singular versus plural|singular]])}} {{small|(plural)}}",
  "government_type": "[[Unitary state|Unitary]] [[Parliamentary system|parliamentary]] [[constitutional monarchy]]",
  "leader_title1": "Monarch",
  "leader_name1": "[[Letsie III of Lesotho|Letsie III]]",
  "leader_title2": "Prime Minister",
  "leader_name2": "[[Tom Thabane]]",
  "leader_title3": "Deputy prime minister",
  "leader_name3": "[[Monyane Moleleki]]",
  "leader_title4": "Assembly Speaker",
  "leader_name4": "Sephiri Motanyane",
  "legislature": "[[Parliament of Lesotho|Parliament]]",
  "upper_house": "[[Senate (Lesotho)|Senate]]",
  "lower_house": "[[National Assembly (Lesotho)|National Assembly]]",
  "sovereignty_type": "Independence",
  "established_event1": "from the United Kingdom",
  "established_date1": "4 October 1966",
  "area_km2": "30,355",
  "area_rank": "137th",
  "area_sq_mi": "11,720",
  "percent_water": "0.0032%",
  "population_estimate": "{{UN_Population|Lesotho}} {{UN_Population|ref}}",
  "population_census": "2,031,348",
  "population_estimate_year": "{{UN_Population|Year}}",
  "population_estimate_rank": "144th",
  "population_census_year": "2004",
  "population_density_km2": "68.1",
  "population_density_sq_mi": "162.4",
  "population_density_rank": "138th",
  "GDP_PPP": "$7.448 billion",
  "GDP_PPP_year": "2017",
  "GDP_PPP_per_capita": "$3,868",
  "GDP_nominal": "$2.721 billion",
  "GDP_nominal_year": "2017",
  "GDP_nominal_per_capita": "$1,413",
  "Gini": "54.2",
  "Gini_year": "2015",
  "Gini_rank": "17",
  "HDI": "0.515",
  "HDI_year": "2017",
  "HDI_change": "increase",
  "HDI_rank": "160th",
  "currency": "[[Lesotho loti]] (LSL), [[South African rand]] (ZAR)",
  "time_zone": "South African Standard Time",
  "utc_offset": "+2",
  "drives_on": "left",
  "calling_code": "+266",
  "cctld": "[[.ls]]",
  "footnotes": "Estimates for this country explicitly take into account the effects of excess mortality due to AIDS; this can result in lower life expectancy, higher infant mortality and death rates, lower population and growth rates, and changes in the distribution of population by age and sex than would otherwise be expected."
}