{
  "conventional_long_name": "Republic of Malawi",
  "common_name": "Malawi",
  "native_name": "{{nowrap|lang|ny|Dziko la Mala\u0175i}} ([[Chewa language|Chichewa]]) {{lang|ny|Dziko la Mala\u0175i}} {{nowrap|lang|ny|Charu cha Mala\u0175i}} ([[Tumbuka language|Chitumbuka]]) {{lang|ny|Charu cha Mala\u0175i}}",
  "image_flag": "Flag of Malawi.svg",
  "image_coat": "Coat of Arms of the Republic of Malawi.svg",
  "national_motto": "\"Unity and Freedom\"",
  "national_anthem": "{{native name|ny|[[Mulungu dalitsani Mala\u0175i]]|nolink|=|yes}} <br />( {{Lang-en|\"O God Bless Our Land of Malawi\"}} ) {{lower|0.1em|ref|{{cite web |url=http://www.lyricsondemand.com/miscellaneouslyrics/nationalanthemslyrics/malawinationalanthemlyrics.html |title=Malawi National Anthem Lyrics |work=National Anthem Lyrics |publisher=Lyrics on Demand |accessdate=24 August 2008}}|</ref>}} <br /><center>[[File:Malawian national anthem.oga]]</center>",
  "image_map": "Malawi on the globe (Zambia centered).svg",
  "capital": "[[Lilongwe]]",
  "coordinates": "{{Coord|13|57|S|33|42|E|type:city}}",
  "largest_city": "[[Lilongwe]]",
  "official_languages": "[[English language|English]], [[Chichewa language|Chichewa]]",
  "regional_languages": "{{collapsible list\n  |titlestyle |=| background:transparent;text-align:left;font-weight:normal;\n\n  |liststyle |=| text-align: left;border-top:1px solid #aaa;\n  |  [[Yao language|Yao]]\n\n  |  [[Tumbuka language|Tumbuka]]\n  |  [[Tonga language|Tonga]]\n  |  [[Sena language|Sena]]\n\n  |  [[Lomwe language|Lomwe]]\n\n  |  [[Nyakyusa language|Ngonde]]\n  |  [[Lambya language|Lambya]]}}",
  "ethnic_groups": "{{unbulleted list\n  | 34.4% [[Chewa people|Chewa]]\n  | 18.9% [[Lomwe people|Lomwe]]\n  | 13.3% [[Yao people (East Africa)|Yao]]\n  | 10.4% [[Ngoni people|Ngoni]]\n  |  9.2% [[Tumbuka people|Tumbuka]]\n  |  1.9% [[Nyanja people|Nyanja]]\n  |  3.8% [[Sena people|Sena]]\n  |  3.2% [[Mang'anja people|Mang'anja]]\n  |  1.8% [[Tonga people of Malawi|Tonga]]\n  |  1.0% [[Nyakyusa people|Ngonde]]\n  |  0.6% [[Lambya people|Lambya]]\n  |  0.5% [[Sukwa people|Sukwa]]\n  |  1.1% others}}",
  "ethnic_groups_year": "2018 Census",
  "demonym": "[[Malawian]]",
  "government_type": "[[Unitary state|Unitary]] [[Presidential system|presidential]] [[republic]]",
  "leader_title1": "[[President of Malawi|President]]",
  "leader_name1": "[[Peter Mutharika]]",
  "leader_title2": "[[Vice President of Malawi|Vice-President]]",
  "leader_name2": "[[Everton Chimulirenji]]",
  "legislature": "[[National Assembly (Malawi)|National Assembly]]",
  "sovereignty_type": "Independence",
  "established_event1": "from the [[United Kingdom]]",
  "established_date1": "6 July 1964",
  "established_event2": "republic",
  "established_date2": "6 July 1966",
  "established_event3": "Current constitution",
  "established_date3": "18 May 1994",
  "area_km2": "118,484",
  "area_rank": "98th",
  "area_sq_mi": "45,747",
  "percent_water": "20.6%",
  "population_estimate": "{{Increase}} {{UN_Population|Malawi}} {{UN_Population|ref}}",
  "population_census": "17,563,749",
  "population_estimate_year": "{{UN_Population|Year}}",
  "population_estimate_rank": "64th",
  "population_census_year": "2018",
  "population_density_km2": "128.8",
  "population_density_sq_mi": "333.6",
  "population_density_rank": "86th",
  "GDP_PPP": "$25.037 billion",
  "GDP_PPP_year": "2019",
  "GDP_PPP_per_capita": "$1,234",
  "GDP_nominal": "$7.436 billion",
  "GDP_nominal_year": "2019",
  "GDP_nominal_per_capita": "$367",
  "Gini": "43.9",
  "Gini_year": "2010",
  "HDI": "0.477",
  "HDI_year": "2017",
  "HDI_change": "increase",
  "HDI_rank": "171st",
  "currency": "[[Malawian kwacha|Kwacha]] (D)",
  "currency_code": "MWK",
  "time_zone": "[[Central Africa Time|CAT]]",
  "utc_offset": "+2",
  "drives_on": "[[Right- and left-hand traffic|left]]",
  "calling_code": "[[Telephone numbers in Malawi|+265]]",
  "cctld": "[[.mw]]",
  "footnotes": "* Population estimates for this country explicitly take into account the effects of excess mortality due to [[HIV/AIDS|AIDS]]; this can result in lower life expectancy, higher infant mortality and death rates, lower population and growth rates, and changes in the distribution of population by age and sex than would otherwise be expected.\n* Information is drawn from the CIA Factbook unless otherwise noted."
}