{
  "conventional_long_name": "Republic of Mali",
  "native_name": "{{unbulleted list|item_style|=|font-size:88%; |native name|fr|R\u00e9publique du Mali| |native name|bm|Mali ka Fasojamana}} {{native name|fr|R\u00e9publique du Mali}} {{native name|bm|Mali ka Fasojamana}}",
  "common_name": "Mali",
  "image_flag": "Flag of Mali.svg",
  "image_coat": "Seal of Mali.svg",
  "symbol_type": "Coat of arms",
  "image_map": "Mali_(orthographic_projection).svg",
  "map_caption": "{{map caption |countryprefix|=| |location_color|=|green}}",
  "image_map2": "Mali - Location Map (2013) - MLI - UNOCHA.svg",
  "national_motto": "{{native phrase|fr|\"Un peuple, un but, une foi\"|italics|=|off|nolink|=|on}} <br /> {{small|\"One people, one goal, one faith\"}}",
  "national_anthem": "{{native phrase|fr|\"[[Le Mali]]\"|italic|=|no|nolink|=|on}} <br /><center>[[File:Malian national anthem, performed by the United States Navy Band.oga]]</center>",
  "official_languages": "[[French language|French]]",
  "languages_type": "[[Lingua franca]]",
  "languages": "[[Bambara language|Bambara]]",
  "languages2_type": "[[National language]]s",
  "languages2": "{{hlist |[[Bambara language|Bambara]] |[[Bomu language|Bomu]] |[[Bozo language|Tieyaxo Bozo]]}} {{hlist |[[Escarpment Dogon|Toro So Dogon]]}} {{hlist |[[Maasina Fulfulde]] |[[Hassaniya Arabic|Arabic]] |[[Minyanka language|Mamara Senoufo]] |[[Kita Maninka language|Kita Maninkakan]] |[[Soninke language|Soninke]]}} {{hlist |[[Koyraboro Senni]] |[[Senara language|Syenara Senoufo]] |[[Tamasheq language|Tamasheq]] |[[Kassonke language|Xaasongaxango]]}}",
  "demonym": "[[Demographics of Mali|Malian]]",
  "ethnic_groups": "{{unbulleted list\n  | 50% [[Mand\u00e9 peoples|Mande]]\n  | 16% [[Fula people|Fula]]\n  | 13% Voltaic ([[Senufo people|Senufo]] / [[Bwa people|Bwa]])\n  | |nowrap|10% [[Tuareg people|Tuareg]] / [[Moors#Modern age|Moor]]|\n  |  6% [[Songhai people|Songhai]]\n  |  4% other}} {{nowrap|10% [[Tuareg people|Tuareg]] / [[Moors#Modern age|Moor]]}}",
  "capital": "[[Bamako]]",
  "coordinates": "{{Coord|12|39|N|8|0|W|type:city}}",
  "largest_city": "Bamako",
  "government_type": "[[Unitary state|Unitary]] [[semi-presidential]] [[republic]]",
  "leader_title1": "[[List of heads of state of Mali|President]]",
  "leader_name1": "[[Ibrahim Boubacar Ke\u00efta]]",
  "leader_title2": "[[List of heads of government of Mali|Prime Minister]]",
  "leader_name2": "[[Boubou Cisse]]",
  "legislature": "[[National Assembly (Mali)|National Assembly]]",
  "area_rank": "23rd",
  "area_km2": "1,240,192",
  "area_sq_mi": "478,839",
  "percent_water": "1.6",
  "population_census": "19,329,841",
  "population_census_rank": "67th",
  "population_census_year": "November 2018",
  "population_density_km2": "11.7",
  "population_density_sq_mi": "30.3",
  "population_density_rank": "215th",
  "GDP_PPP": "$44.329&nbsp;billion",
  "GDP_PPP_year": "2018",
  "GDP_PPP_per_capita": "$2,271",
  "GDP_nominal": "$17.407&nbsp;billion",
  "GDP_nominal_year": "2018",
  "GDP_nominal_per_capita": "$891",
  "sovereignty_type": "[[History of Mali|Independence]]",
  "established_event1": "from France<sup>a</sup>",
  "established_date1": "20 June 1960",
  "established_event2": "as Mali",
  "established_date2": "22 September 1960",
  "Gini_year": "2010",
  "Gini": "33.0",
  "HDI_year": "2017",
  "HDI_change": "decrease",
  "HDI": "0.427",
  "HDI_rank": "182th",
  "currency": "[[West African CFA franc]]",
  "currency_code": "XOF",
  "time_zone": "[[Greenwich Mean Time|GMT]]",
  "utc_offset": "+0",
  "drives_on": "right",
  "calling_code": "[[+223]]",
  "cctld": "[[.ml]]",
  "footnote_a": "As the [[Sudanese Republic]], with [[Senegal]] as the [[Mali Federation]]."
}