{
  "conventional_long_name": "Islamic Republic of Mauritania",
  "common_name": "Mauritania",
  "native_name": "{{native name|ar|\u0627\u0644\u062c\u0645\u0647\u0648\u0631\u064a\u0629 \u0627\u0644\u0625\u0633\u0644\u0627\u0645\u064a\u0629 \u0627\u0644\u0645\u0648\u0631\u064a\u062a\u0627\u0646\u064a\u0629|italics|=|off}} <br /> {{resize|75%|''|transl|ar|al-Jumh\u016br\u012byah al-Isl\u0101m\u012byah al-M\u016br\u012bt\u0101n\u012byah|''}} <br/> {{transl|ar|al-Jumh\u016br\u012byah al-Isl\u0101m\u012byah al-M\u016br\u012bt\u0101n\u012byah}} '' {{native name|fr|R\u00e9publique Islamique de Mauritanie}}",
  "image_flag": "File:Flag of Mauritania.svg",
  "image_coat": "File:Sceau de la Mauritanie.svg",
  "symbol_type": "Seal",
  "national_motto": "{{native phrase|ar|\u0634\u0631\u0641 \u0625\u062e\u0627\u0621 \u0639\u062f\u0644|italics|=|off|nolink|=|on}} <br/> {{small|\"Honor, Fraternity, Justice\"}}",
  "national_anthem": "{{lang|ar|\u0646\u0634\u064a\u062f \u0648\u0637\u0646\u064a \u0645\u0648\u0631\u064a\u062a\u0627\u0646\u064a}} <br />( {{lang-en|\"[[National anthem of Mauritania|Country of the Proud, Guiding Noblemen]]\"}} )<div style=\"padding-top:0.5em;\" class=\"center\">[[File:National_anthem_of_Mauritania_(instrumental).ogg]]</div>",
  "image_map": "Location Mauritania AU Africa.svg",
  "map_caption": "Location of Mauritania (dark blue) in [[Africa]]",
  "image_map2": "Mauritania - Location Map (2013) - MRT - UNOCHA.svg",
  "capital": "[[Nouakchott]]",
  "largest_city": "capital",
  "coordinates": "{{Coord|18|09|N|15|58|W|type:city}}",
  "official_languages": "[[Arabic]]",
  "national_languages": "{{hlist |[[Hassaniya Arabic]] |[[Pulaar language|Pulaar]] |[[Soninke language|Soninke]] |[[Wolof language|Wolof]] |[[Malinke]]|  \n&nbsp;<sup>a</sup>}}",
  "languages_type": "Other languages",
  "languages": "[[French language|French]] <br />",
  "ethnic_groups": "{{ublist|[[Haratin]] 40%|[[Arab-Berber]] 30%| [[Sub Saharan]] 30%|ref| name=\"CIA\"}}",
  "demonym": "[[Demographics of Mauritania|Mauritanian]]",
  "government_type": "[[Unitary state|Unitary]] [[Semi-presidential system|semi-presidential]] [[Islamic republic]]",
  "leader_title1": "[[List of heads of state of Mauritania|President]]",
  "leader_name1": "[[Mohamed Ould Ghazouani]]",
  "leader_title2": "[[List of heads of government of Mauritania|Prime Minister]]",
  "leader_name2": "[[Ismail Ould Bedde Ould Cheikh Sidiya]]",
  "leader_title3": "[[List of Presidents of the National Assembly of Mauritania|President of the National Assembly]]",
  "leader_name3": "[[Cheikh Ahmed Baye]]",
  "legislature": "[[Mauritanian Parliament|Parliament]]",
  "lower_house": "[[National Assembly (Mauritania)|National Assembly]]",
  "sovereignty_type": "[[Independence]]",
  "established_event1": "from [[French colonial empire|France]]",
  "established_date1": "28 November 1960",
  "established_event2": "Current [[Constitution of Mauritania]]",
  "established_date2": "12 July 1991",
  "area_km2": "1030000",
  "area_rank": "28th",
  "percent_water": "0.03",
  "population_estimate": "{{UN_Population|Mauritania}} {{UN_Population|ref}}",
  "population_census": "3,537,368",
  "population_estimate_year": "{{UN_Population|Year}}",
  "population_census_year": "2013",
  "population_density_km2": "3.4",
  "GDP_PPP": "$18.117&nbsp;billion",
  "GDP_PPP_year": "2018",
  "GDP_PPP_rank": "134th",
  "GDP_PPP_per_capita": "$4,563",
  "GDP_PPP_per_capita_rank": "140th",
  "GDP_nominal": "$5.200&nbsp;billion",
  "GDP_nominal_year": "2018",
  "GDP_nominal_rank": "154th",
  "GDP_nominal_per_capita": "$1,309",
  "GDP_nominal_per_capita_rank": "149th",
  "Gini": "40.5",
  "Gini_year": "2008",
  "HDI": "0.520",
  "HDI_year": "2017",
  "HDI_change": "increase",
  "HDI_rank": "159th",
  "currency": "[[Mauritanian ouguiya|Ouguiya]]",
  "currency_code": "MRU",
  "time_zone": "[[Greenwich Mean Time|GMT]]",
  "utc_offset": "+0",
  "drives_on": "right",
  "calling_code": "[[+222]]",
  "cctld": "[[.mr]]",
  "footnote_a": "According to Article 6 of the Constitution: \"The national languages are Arabic, [[Pulaar language|Pulaar]], [[Soninke language|Soninke]], and [[Wolof language|Wolof]]; the official language is Arabic.\"",
  "religion": "[[Islam in Mauritania|Islam]]"
}