{
  "conventional_long_name": "Republic of Mozambique",
  "common_name": "Mozambique",
  "native_name": "{{unbulleted list|item_style|=|font-size:88%;|native name|pt|Rep\u00fablica de Mo\u00e7ambique}} {{native name|pt|Rep\u00fablica de Mo\u00e7ambique}} {{unbulleted list|item_style|=|font-size:88%;|native name|ny|Dziko la Mozambiki}} {{native name|ny|Dziko la Mozambiki}} {{unbulleted list|item_style|=|font-size:88%;|native name|sw|Jamhuri ya Msumbiji}} {{native name|sw|Jamhuri ya Msumbiji}}",
  "image_flag": "Flag of Mozambique.svg",
  "image_coat": "Emblem of Mozambique.svg",
  "symbol_type": "Emblem",
  "national_anthem": "{{native name|pt|[[P\u00e1tria Amada]]|nolink|=|yes}} <br/> {{small|\"Beloved Homeland\"}} <br/><center>[[File:Mozambican national anthem, performed by the United States Navy Band.wav]]</center>",
  "image_map": "Location Mozambique AU Africa.svg",
  "map_caption": "{{map caption |location_color|=|dark blue |region|=|the [[African Union]] |region_color|=|light blue}}",
  "capital": "[[Maputo]]",
  "coordinates": "{{Coord|25|57|S|32|35|E|type:city_region:MZ}}",
  "largest_city": "[[Matola]]",
  "official_languages": "[[Portuguese language|Portuguese]]",
  "demonym": "Mozambican",
  "government_type": "[[Unitary state|Unitary]] [[Dominant-party system|dominant-party]] [[Semi-presidential system|semi-presidential]] [[constitutional republic]]",
  "leader_title1": "[[List of Presidents of Mozambique|President]]",
  "leader_name1": "[[Filipe Nyusi]]",
  "leader_title2": "[[List of Prime Ministers of Mozambique|Prime Minister]]",
  "leader_name2": "[[Carlos Agostinho do Ros\u00e1rio]]",
  "leader_title3": "{{nowrap|[[Assembly of the Republic (Mozambique)|Assembly President]]}}",
  "legislature": "{{nowrap|[[Assembly of the Republic (Mozambique)|Assembly of the Republic]]}}",
  "sovereignty_type": "[[History of Mozambique|Formation]]",
  "established_event1": "[[Portuguese Mozambique|Portuguese East Africa]]",
  "established_date1": "1 March 1498",
  "established_event2": "[[Mozambican War of Independence|Independence]] from [[Portugal]], [[People's Republic of Mozambique|under Communist rule]]",
  "established_date2": "25 June 1975",
  "established_event3": "[[United Nations Security Council Resolution 374|Admitted to the]] United Nations",
  "established_date3": "16 September 1975",
  "established_event4": "Current constitution",
  "established_date4": "30 November 1990",
  "area_km2": "801,590",
  "area_rank": "35th",
  "area_sq_mi": "309,496",
  "percent_water": "2.2",
  "population_estimate": "{{UN_Population|Mozambique}} {{UN_Population|ref}}",
  "population_census": "21,397,000 (52nd)",
  "population_estimate_year": "{{UN_Population|Year}}",
  "population_estimate_rank": "50th",
  "population_census_year": "2007",
  "population_density_km2": "28.7",
  "population_density_sq_mi": "74.3",
  "population_density_rank": "178th",
  "GDP_PPP": "$41.473 billion",
  "GDP_PPP_year": "2019",
  "GDP_PPP_per_capita": "$1,331",
  "GDP_nominal": "$15.372 billion",
  "GDP_nominal_year": "2019",
  "GDP_nominal_per_capita": "$493",
  "Gini": "45.7",
  "Gini_year": "2008",
  "Gini_change": "increase",
  "HDI": "0.437",
  "HDI_year": "2017",
  "HDI_change": "increase",
  "HDI_rank": "180th",
  "currency": "[[Mozambican metical]]",
  "currency_code": "MZN",
  "time_zone": "[[Central Africa Time|CAT]]",
  "utc_offset": "+2",
  "drives_on": "[[Right- and left-hand traffic#Left-hand traffic|left]]",
  "calling_code": "[[+258]]",
  "cctld": "[[.mz]]",
  "official_website": "[http://www.portaldogoverno.gov.mz/ www.portaldogoverno.gov.mz]",
  "footnote_a": "[[Makua people|Makhuwa]], [[Tsonga people|Tsonga]], Lomwe, [[Sena people|Sena]] and others.",
  "footnotes": "Estimates for this country explicitly take into account the effects of excess mortality due to AIDS; this can result in lower life expectancy, higher infant mortality and death rates, lower population and growth rates, and changes in the distribution of population by age and sex than would otherwise be expected."
}