{
  "conventional_long_name": "Republic of Rwanda",
  "common_name": "Rwanda",
  "native_name": "{{resize|99%|native name|rw|Repubulika y'u Rwanda}} <br /> {{native name|rw|Repubulika y'u Rwanda}} {{resize|99%|native name|fr|R\u00e9publique du Rwanda}} <br /> {{native name|fr|R\u00e9publique du Rwanda}} {{resize|99%|native name|sw|Jamhuri ya Rwanda}} {{native name|sw|Jamhuri ya Rwanda}}",
  "image_flag": "Flag of Rwanda.svg",
  "alt_flag": "The flag of Rwanda: blue, yellow and green stripes with a yellow sun in top right corner",
  "image_coat": "Coat of arms of Rwanda.svg",
  "alt_coat": "The seal of Rwanda: central tribal devices, surmounted on a cog wheel and encircled by a square knot",
  "symbol_type": "Seal",
  "national_motto": "\"Ubumwe, Umurimo, Gukunda Igihugu\"<br/> {{small|\"Unity, Work, Patriotism\"}}",
  "national_anthem": "\" {{lang|rw|[[Rwanda nziza]]|italic|=|no}} \"<br/>( {{Lang-en|\"Beautiful Rwanda\"}} )<br /> {{lower|0.2em|[[File:Hymne National du Rwanda.ogg|center]]}}",
  "image_map": "Location Rwanda AU Africa.svg",
  "map_caption": "{{map caption |countryprefix|=| |location_color|=|dark blue |region|=|Africa |region_color|=|dark grey |subregion|=|the [[African Union]] |subregion_color|=|light blue}}",
  "image_map2": "Rwanda - Location Map (2011) - RWA - UNOCHA.svg",
  "capital": "[[Kigali]]",
  "coordinates": "{{Coord|1|56.633|S|30|3.567|E|type:city}}",
  "largest_city": "Kigali",
  "official_languages": "{{unbulleted list |[[English language|English]] | |<!--PLEASE DO NOT REMOVE FRENCH WITHOUT DISCUSSION ON THE TALK PAGE-->| |[[French language|French]] |[[Kinyarwanda]] |[[Swahili Language|Swahili]]}}",
  "demonym": "{{hlist|Rwandan}}",
  "government_type": "[[Unitary state|Unitary]] [[Dominant-party system|dominant-party]] [[Presidential system|presidential]] [[republic]]",
  "leader_title1": "[[List of Presidents of Rwanda|President]]",
  "leader_name1": "[[Paul Kagame]]",
  "leader_title2": "[[Prime Minister of Rwanda|Prime Minister]]",
  "leader_name2": "[[\u00c9douard Ngirente]]",
  "legislature": "[[Parliament of Rwanda|Parliament]]",
  "upper_house": "[[Senate (Rwanda)|Senate]]",
  "lower_house": "{{nowrap|[[Chamber of Deputies (Rwanda)|Chamber of Deputies]]}}",
  "sovereignty_type": "[[Independence]]",
  "established_event1": "Independence",
  "sovereignty_note": "from [[Belgium]]",
  "established_date1": "1 July 1962",
  "established_event2": "[[United Nations Security Council Resolution 172|Admitted to the]] [[United Nations]]",
  "established_date2": "18 September 1962",
  "established_event3": "[[Constitution of Rwanda|Current constitution]]",
  "established_date3": "26 May 2003",
  "area_km2": "26,338",
  "area_rank": "144th",
  "area_sq_mi": "10,169",
  "percent_water": "5.3",
  "population_estimate": "11,262,564 {{sfn|National Institute of Statistics of Rwanda|2015}}",
  "population_census": "10,515,973 {{sfn|National Institute of Statistics of Rwanda|2014|p|=|3}}",
  "population_estimate_year": "2015",
  "population_estimate_rank": "76th",
  "population_census_year": "2012",
  "population_density_km2": "445 {{sfn|National Institute of Statistics of Rwanda|2015}}",
  "population_density_sq_mi": "1153",
  "population_density_rank": "29th",
  "GDP_PPP": "[[Geary\u2013Khamis dollar|$]]30.068 billion",
  "GDP_PPP_year": "2019",
  "GDP_PPP_per_capita": "$2,444",
  "GDP_nominal": "$10.211 billion",
  "GDP_nominal_year": "2019",
  "GDP_nominal_per_capita": "$830",
  "Gini": "43.7",
  "Gini_year": "2016",
  "Gini_ref": "{{sfn|World Bank (XII)}}",
  "HDI": "0.524",
  "HDI_year": "2017",
  "HDI_change": "increase",
  "HDI_rank": "158th",
  "currency": "[[Rwandan franc]]",
  "currency_code": "RWF",
  "time_zone": "[[Central Africa Time|CAT]]",
  "utc_offset": "+2",
  "drives_on": "right",
  "calling_code": "[[+250]]",
  "cctld": "[[.rw]]"
}