{
  "coordinates": "{{Coord|8|29.067|N|13|14.067|W|type:city}}",
  "languages_type": "Spoken languages",
  "leader_name2": "{{nowrap|[[Mohamed Juldeh Jalloh]]}} ([[Sierra Leone People's Party|SLPP]])",
  "leader_name3": "{{nowrap|[[Abass Bundu|Abass Chernor Bundu]]}} ([[Sierra Leone People's Party|SLPP]])",
  "leader_name4": "[[Desmond Babatunde Edwards]]",
  "conventional_long_name": "Republic of Sierra Leone",
  "image_flag": "Flag of Sierra Leone.svg",
  "image_coat": "Coat of arms of Sierra Leone.svg",
  "common_name": "Sierra Leone",
  "symbol_type": "Coat of arms",
  "national_motto": "\"Unity, Freedom, Justice\"",
  "national_anthem": "\"[[High We Exalt Thee, Realm of the Free]]\" <center>[[File:Sierra Leone's national anthem.ogg]]</center>",
  "image_map": "Location Sierra Leone AU Africa.svg",
  "map_caption": "{{map caption |countryprefix|=| |location_color|=|dark blue |region|=|Africa |region_color|=|dark grey |subregion|=|the [[African Union]] |subregion_color|=|light blue |legend|=|Location Sierra Leone AU Africa.svg}}",
  "image_map2": "Sierra Leone - Location Map (2012) - SLE - UNOCHA.svg",
  "capital": "[[Freetown]]",
  "largest_city": "capital",
  "official_languages": "[[English Language|English]]",
  "demonym": "Sierra Leonean",
  "religion": "[[Islam]] (78%)<br /> [[Christianity]] (21%)",
  "government_type": "[[Unitary state|Unitary]] [[Presidential system|presidential]] [[republic|constitutional republic]]",
  "leader_title1": "[[President of Sierra Leone|President]]",
  "leader_name1": "{{nowrap|[[Julius Maada Bio]]}} ([[Sierra Leone People's Party|SLPP]])",
  "leader_title2": "[[Vice President of Sierra Leone|Vice-President]]",
  "leader_title3": "[[Speaker of the House of Parliament of Sierra Leone|Speaker of Parliament]]",
  "leader_title4": "[[Chief Justice]]",
  "leader_title5": "[[Chief Justice]]",
  "legislature": "[[Parliament of Sierra Leone|Parliament]]",
  "established_event1": "from the [[United Kingdom]]",
  "sovereignty_type": "[[Independence]]",
  "established_event2": "Republic declared",
  "established_date1": "27 April 1961",
  "established_date2": "19 April 1971",
  "area_km2": "71,740",
  "area_rank": "117th",
  "area_sq_mi": "27,699",
  "percent_water": "1.1",
  "population_census": "7,075,641",
  "population_census_rank": "103rd",
  "population_estimate_rank": "103rd",
  "population_census_year": "2015",
  "population_density_km2": "79.4",
  "population_density_rank": "114th<sup>a</sup>",
  "population_density_sq_mi": "205.6",
  "GDP_PPP": "$12.177&nbsp;billion",
  "GDP_PPP_year": "2018",
  "GDP_PPP_per_capita": "$1,608",
  "GDP_nominal": "$3.824&nbsp;billion",
  "GDP_nominal_year": "2018",
  "GDP_nominal_per_capita": "$505",
  "Gini": "35.4",
  "Gini_year": "2011",
  "HDI": "0.420",
  "HDI_year": "2015",
  "HDI_change": "decrease",
  "HDI_rank": "179th",
  "currency": "[[Sierra Leonean leone|Leone]]",
  "currency_code": "SLL",
  "time_zone": "[[Greenwich Mean Time|GMT]]",
  "utc_offset": "+0",
  "drives_on": "right<sup>b</sup>",
  "calling_code": "[[+232]]",
  "cctld": "[[.sl]]",
  "footnote_a": "Rank based on 2007 figures",
  "footnote_b": "Since 1 March 1971"
}