{
  "conventional_long_name": "Republic of South Africa",
  "common_name": "South Africa",
  "native_name": "{{collapsible list\n  | titlestyle |=| background:transparent;text-align:center;line-height:normal;font-size:84%;\n  | title |=| 10 other official names|ref|{{cite web |url=http://www.constitutionalcourt.org.za/site/theconstitution/thetext.htm |title=The Constitution |publisher=Constitutional Court of South Africa |accessdate=3 September 2009}}|</ref>|\n  | |Infobox\n | subbox|=|yes\n | bodystyle|=|font-size:77%;font-weight:normal;\n | rowclass1 |=| mergedrow\n | label1 |=| [[Zulu language|Zulu]]:\n | data1 |=| |lang|zu|iRiphabhuliki yaseNingizimu Afrika|\n | rowclass2 |=| mergedrow\n | label2 |=| [[Xhosa language|Xhosa]]:\n | data2 |=| |lang|xh|iRiphabliki yomZantsi Afrika|\n | rowclass3 |=| mergedrow\n | label3 |=| [[Afrikaans]]:\n | data3 |=| |lang|af|Republiek van Suid-Afrika|\n | rowclass4 |=| mergedrow\n | label4 |=| [[Northern Sotho language|Northern&nbsp;Sotho]]:\n | data4 |=| |lang|nso|Repabliki ya Afrika-Borwa|\n | rowclass5 |=| mergedrow\n | label5 |=| [[Tswana language|Tswana]]:\n | data5 |=| |lang|tn|Rephaboliki ya Aforika Borwa|\n | rowclass6 |=| mergedrow\n | label6 |=| [[Sotho language|Southern&nbsp;Sotho]]:\n | data6 |=| |lang|st|Rephaboliki ya Afrika Borwa|\n | rowclass7 |=| mergedrow\n | label7 |=| [[Tsonga language|Tsonga]]:\n | data7 |=| |lang|ts|Riphabliki ra Afrika Dzonga|\n | rowclass8 |=| mergedrow\n | label8 |=| [[Swazi language|Swazi]]:\n | data8 |=| |lang|ss|iRiphabhulikhi yeNingizimu Afrika|\n | rowclass9 |=| mergedrow\n | label9 |=| [[Venda language|Venda]]:\n | data9 |=| |lang|ve|Riphabu\u1e3diki ya Afurika Tshipembe|\n | rowclass10 |=| mergedrow\n | label10 |=| [[Southern Ndebele language|Southern&nbsp;Ndebele]]:\n | data10 |=| |lang|nr|iRiphabliki yeSewula Afrika|\n    |}} {{Infobox\n | subbox|=|yes\n | bodystyle|=|font-size:77%;font-weight:normal;\n | rowclass1 |=| mergedrow\n | label1 |=| [[Zulu language|Zulu]]:\n | data1 |=| |lang|zu|iRiphabhuliki yaseNingizimu Afrika|\n | rowclass2 |=| mergedrow\n | label2 |=| [[Xhosa language|Xhosa]]:\n | data2 |=| |lang|xh|iRiphabliki yomZantsi Afrika|\n | rowclass3 |=| mergedrow\n | label3 |=| [[Afrikaans]]:\n | data3 |=| |lang|af|Republiek van Suid-Afrika|\n | rowclass4 |=| mergedrow\n | label4 |=| [[Northern Sotho language|Northern&nbsp;Sotho]]:\n | data4 |=| |lang|nso|Repabliki ya Afrika-Borwa|\n | rowclass5 |=| mergedrow\n | label5 |=| [[Tswana language|Tswana]]:\n | data5 |=| |lang|tn|Rephaboliki ya Aforika Borwa|\n | rowclass6 |=| mergedrow\n | label6 |=| [[Sotho language|Southern&nbsp;Sotho]]:\n | data6 |=| |lang|st|Rephaboliki ya Afrika Borwa|\n | rowclass7 |=| mergedrow\n | label7 |=| [[Tsonga language|Tsonga]]:\n | data7 |=| |lang|ts|Riphabliki ra Afrika Dzonga|\n | rowclass8 |=| mergedrow\n | label8 |=| [[Swazi language|Swazi]]:\n | data8 |=| |lang|ss|iRiphabhulikhi yeNingizimu Afrika|\n | rowclass9 |=| mergedrow\n | label9 |=| [[Venda language|Venda]]:\n | data9 |=| |lang|ve|Riphabu\u1e3diki ya Afurika Tshipembe|\n | rowclass10 |=| mergedrow\n | label10 |=| [[Southern Ndebele language|Southern&nbsp;Ndebele]]:\n | data10 |=| |lang|nr|iRiphabliki yeSewula Afrika|}} {{lang|zu|iRiphabhuliki yaseNingizimu Afrika}} {{lang|xh|iRiphabliki yomZantsi Afrika}} {{lang|af|Republiek van Suid-Afrika}} {{lang|nso|Repabliki ya Afrika-Borwa}} {{lang|tn|Rephaboliki ya Aforika Borwa}} {{lang|st|Rephaboliki ya Afrika Borwa}} {{lang|ts|Riphabliki ra Afrika Dzonga}} {{lang|ss|iRiphabhulikhi yeNingizimu Afrika}} {{lang|ve|Riphabu\u1e3diki ya Afurika Tshipembe}} {{lang|nr|iRiphabliki yeSewula Afrika}}",
  "image_flag": "Flag of South Africa.svg",
  "image_coat": "Coat of arms of South Africa.svg",
  "symbol_type": "Coat of arms",
  "national_motto": "\"\u01c3ke e\ua789 \u01c0xarra \u01c1ke\"&nbsp; {{small|([[\u01c0Xam language|\u01c0Xam]])}} <br /> {{small|\"[[Unity in Diversity]]\"}}",
  "national_anthem": "\"[[National anthem of South Africa]]\" <div style=\"padding-top:0.5em;\" class=\"center\">[[File:South Africa National Anthem.ogg]]</div>",
  "image_map": "Location South Africa AU Africa.svg",
  "map_caption": "{{map caption|countryprefix|=|location_color|=|dark blue|region|=|the [[African Union]]|region_color|=|light blue}}",
  "image_map2": "South Africa - Location Map (2013) - ZAF - UNOCHA.svg",
  "capital": "{{unbulleted list |[[Pretoria]] |small|(executive)| |[[Bloemfontein]] |small|(judicial)| |[[Cape Town]] |small|(legislative)}} {{small|(executive)}} {{small|(judicial)}} {{small|(legislative)}}",
  "largest_city": "{{nowrap|[[Johannesburg]]|ref|{{cite web |url=http://www.citypopulation.de/World.html |title=Principal Agglomerations of the World |publisher=Citypopulation.de |accessdate=30 October 2011}}|</ref>|<!--end nowrap:-->}}",
  "official_languages": "[[Languages of South Africa|11 languages]]: {{hlist | [[Zulu language|Zulu]] | [[Xhosa language|Xhosa]] | [[Afrikaans]] | |[[South African English|English]] | [[Northern Sotho language|Northern Sotho]] | [[Tswana language|Tswana]] | [[Sotho language|Southern Sotho]] | [[Tsonga language|Tsonga]] | [[Swazi language|Swazi]] | [[Venda language|Venda]] | [[Southern Ndebele language|Southern Ndebele]]}}",
  "regional_languages": "{{hlist|[[Dutch language|Dutch]]\n|[[Gujarati language|Gujarati]]\n|[[Hindi]]\n|[[Urdu]]\n|[[Northern Ndebele language|Northern Ndebele]]\n|[[Phuthi language|Phuthi]]\n|[[Portuguese language|Portuguese]]\n|[[Tamil language|Tamil]]\n|[[Telugu language|Telugu]]}}",
  "ethnic_groups": "{{unbulleted list\n  | |nowrap|80.2% [[Bantu peoples in South Africa|Black]]|\n  | 8.8% [[Cape Coloureds|Coloured]]\n  | 8.4% [[European South African|White]]\n  | 2.5% [[Asian South African|Asian]]}} {{nowrap|80.2% [[Bantu peoples in South Africa|Black]]}}",
  "ethnic_groups_year": "2014",
  "religion": "See ''[[Religion in South Africa]]''",
  "demonym": "[[South Africans|South African]]",
  "government_type": "[[Unitary state|Unitary]] [[Dominant-party system|dominant-party]] [[Parliamentary system|parliamentary]] [[republic|constitutional republic]]",
  "leader_title1": "[[President of South Africa|President]]",
  "leader_name1": "[[Cyril Ramaphosa]]",
  "leader_title2": "[[Deputy President of South Africa|Deputy President]]",
  "leader_name2": "[[David Mabuza]]",
  "legislature": "[[Parliament of South Africa|Parliament]]",
  "upper_house": "[[National Council of Provinces|National Council]]",
  "lower_house": "[[National Assembly of South Africa|National Assembly]]",
  "sovereignty_type": "Independence",
  "sovereignty_note": "{{nowrap|from the [[United Kingdom of Great Britain and Ireland|United Kingdom]]}}",
  "established_event1": "[[Union of South Africa|Union]]",
  "established_date1": "31 May 1910",
  "established_event2": "[[Statute of Westminster 1931|Self-governance]]",
  "established_date2": "11 December 1931",
  "established_event3": "[[South African referendum, 1960|Republic]]",
  "established_date3": "31 May 1961",
  "established_event4": "[[Constitution of South Africa|Current constitution]]",
  "established_date4": "4 February 1997",
  "area_km2": "1,221,037",
  "area_rank": "24th",
  "area_sq_mi": "471,443",
  "percent_water": "0.380",
  "population_estimate": "57,725,600",
  "population_census": "51,770,560 {{rp|18}}",
  "population_estimate_year": "2018",
  "population_estimate_rank": "24th",
  "population_census_year": "2011",
  "population_density_km2": "42.4",
  "population_density_rank": "169th",
  "GDP_PPP": "{{nowrap|$813.100 billion|ref| name=\"IMFWEOZA\"|{{cite web |url=https://www.imf.org/external/pubs/ft/weo/2019/01/weodata/weorept.aspx?sy=2019&ey=2024&scsm=1&ssd=1&sort=country&ds=.&br=1&pr1.x=68&pr1.y=5&c=199&s=NGDPD%2CPPPGDP%2CNGDPDPC%2CPPPPC&grp=0&a= |title=South Africa - Report for Selected Countries and Subjects |publisher=International Monetary Fund |date= April 2019|accessdate=29 June 2019}}|</ref>|<!--end nowrap:-->}}",
  "GDP_PPP_year": "2019",
  "GDP_PPP_rank": "29th",
  "GDP_PPP_per_capita": "$13,865",
  "GDP_PPP_per_capita_rank": "89th",
  "GDP_nominal": "{{nowrap|$371.298 billion|ref| name=\"IMFWEOZA\"}}",
  "GDP_nominal_year": "2019",
  "GDP_nominal_rank": "33rd",
  "GDP_nominal_per_capita": "$6,331",
  "GDP_nominal_per_capita_rank": "86th",
  "Gini": "63.0",
  "Gini_year": "2014",
  "Gini_change": "decrease",
  "HDI": "0.699",
  "HDI_year": "2017",
  "HDI_change": "increase",
  "HDI_rank": "113th",
  "currency": "[[South African rand]]",
  "currency_code": "ZAR",
  "time_zone": "[[South African Standard Time|SAST]]",
  "utc_offset": "+2",
  "drives_on": "[[Right- and left-hand traffic|left]]",
  "calling_code": "[[+27]]",
  "cctld": "[[.za]]"
}