{
  "conventional_long_name": "Republic of South Sudan",
  "common_name": "South Sudan",
  "image_flag": "Flag of South Sudan.svg",
  "image_coat": "Coat of Arms of South Sudan.svg",
  "symbol_type": "Coat of arms",
  "motto": "\"Justice, Liberty, Prosperity\"",
  "national_anthem": "\"[[South Sudan Oyee!]]\"<br /><div style=\"padding-top:0.5em;\" class=\"center\">[[File:South Sudan Oyee! (instrumental).ogg]]</div>",
  "image_map": "Location South Sudan AU Africa.svg",
  "map_caption": "{{map caption|location_color|=|dark blue|region|=|Africa|region_color|=|dark grey|subregion|=|the [[African Union]]|subregion_color|=|light blue}}",
  "image_map2": "South Sudan - Location Map (2012) - SSD - UNOCHA.svg",
  "capital": "[[Juba]]",
  "coordinates": "{{Coord|04|51|N|31|36|E|type:city}}",
  "largest_city": "capital",
  "official_languages": "[[English language|English]]",
  "national_languages": "{{hlist |[[Bari language|Bari]] |[[Dinka language|Dinka]] |[[Luo language|Luo]] |[[Murle language|Murle]] |[[Nuer language|Nuer]] |[[Zande language|Zande]]}} <div style=\"line-height:1.25em;font-size:80%;\">and around 60 other languages</div> {{#tag:ref|The Transitional Constitution of the Republic of South Sudan, Part One, 6(1): \"All indigenous languages of South Sudan are national languages and shall be respected, developed and promoted\".|ref|{{cite web|url=http://www.sudantribune.com/IMG/pdf/The_Draft_Transitional_Constitution_of_the_ROSS2-2.pdf|title=The Transitional Constitution of the Republic of South Sudan, 2011|accessdate=18 November 2016|publisher=Government of South Sudan}}|</ref>|group|=|note}}",
  "languages_type": "[[Spoken language]]s",
  "languages": "{{hlist|[[Juba Arabic]]|ref| name=UNICEF|[[UNICEF|United Nations Children's Fund (UNICEF)]]: [https://www.unicef.org/esaro/UNICEF(2016)LanguageandLearning-SouthSudan-CaseStudy.pdf ''The impact of language policy and practice on children\u2019s learning: Evidence from Eastern and Southern Africa 2016''] (PDF; 672&nbsp;kB), Pages&nbsp;1\u20133, Retrieved 9 September 2018|</ref>|ref|{{Cite journal |url=https://www.academia.edu/35055738 |title=Juba Arabic (\u00c1RABI J\u00daBA): A \"less indigenous language\" of South Sudan |last=Manfredi |first=Stefano |date=2013 |journal=Forthcoming in Sociolinguistic Studies, 12 (1) |access-date=9 September 2018 }}{{Dead link|date=May 2019 |bot=InternetArchiveBot |fix-attempted=yes }}|</ref>|ref|Manfredi Stefano; Tosco Mauro (2016), [https://halshs.archives-ouvertes.fr/halshs-01357537/document ''A new state, an old language policy, and a pidgin-creolo: Juba Arabic in South Sudan, Forthcoming: Sociolinguistic Studies 2016''] (PDF; 1141&nbsp;kB), Pages&nbsp;1\u201318, Retrieved 9 September 2018|</ref>|ref|Manfredi Stefano; Tosco Mauro (2013), [https://hal.archives-ouvertes.fr/hal-01102624/document ''Language uses vs. language policy: South Sudan and Juba Arabic in the post-independence era''] (PDF; 301&nbsp;kB), Pages&nbsp;798\u2013802, III Congresso Coordinamento Universitario per la Cooperazione allo Sviluppo, Sep 2013, Turin, Italy. JUNCO, Journal of Universities and International Development Cooperation, 2014, Imagining Cultures of Cooperation \u2013 Proceedings of the III CUCS Congress, Turin 19\u201321 September 2013, Retrieved 9 September 2018|</ref>| |[[English language|English]] |[[Bari language|Bari]] |[[Dinka language|Dinka]] |[[Luo language|Luo]] |[[Murle language|Murle]] |[[Nuer language|Nuer]] |[[Zande language|Zande]]|[[Languages of South Sudan|various others]]}}",
  "demonym": "[[Demographics of South Sudan|South Sudanese]] and [[Nilotic]]",
  "government_type": "[[Federal system|Federal]] [[Presidential system|presidential]] [[republic|constitutional republic]]",
  "leader_title1": "[[List of presidents of South Sudan|President]]",
  "leader_name1": "[[Salva Kiir Mayardit]]",
  "leader_title2": "[[Vice President of South Sudan|Vice President]]",
  "leader_name2": "[[James Wani Igga]]",
  "leader_title3": "{{nowrap|[[Vice President of South Sudan|First Vice President]]}}",
  "leader_name3": "[[Taban Deng Gai]]",
  "legislature": "[[National Legislature (South Sudan)|National Legislature]]",
  "upper_house": "[[Council of States (South Sudan)|Council of States]]",
  "lower_house": "[[National Legislative Assembly (South Sudan)|National Legislative Assembly]]",
  "sovereignty_type": "Establishment",
  "established_event1": "End of [[Anglo-Egyptian Sudan]]",
  "established_date1": "1 January 1956",
  "established_event2": "[[Comprehensive Peace Agreement]]",
  "established_date2": "6 January 2005",
  "established_event3": "[[Government of Southern Sudan (2005\u20132011)|Autonomy]]",
  "established_date3": "9 July 2005",
  "established_event4": "[[History of South Sudan#Independence|Independence]] from [[Sudan]]",
  "established_date4": "9 July 2011",
  "established_event5": "[[United Nations]] [[United Nations Security Council Resolution 1999|admission]]",
  "established_date5": "13 July 2011",
  "area_km2": "619745",
  "area_rank": "41st",
  "area_sq_mi": "239285",
  "population_estimate": "{{UN_Population|South Sudan}} {{UN_Population|ref}}",
  "population_census": "{{nowrap|8,260,490 |smaller|(''disputed'')|ref| name=\"n24\"|{{cite news |url=http://www.news24.com/World/News/Discontent-over-Sudan-census-20090521 |title=Discontent over Sudan census |date=21 May 2009 |work=News24.com |accessdate=14 July 2011 |agency=AFP}}|</ref>}} {{smaller|(''disputed'')}}",
  "population_estimate_year": "{{UN_Population|Year}}",
  "population_census_year": "2008",
  "population_census_rank": "94th",
  "population_density_km2": "13.33",
  "population_density_sq_mi": "34.52",
  "population_density_rank": "214th",
  "GDP_PPP": "$18.435 billion",
  "GDP_PPP_year": "2018",
  "GDP_PPP_per_capita": "$1,420",
  "GDP_nominal": "$3.194 billion",
  "GDP_nominal_year": "2018",
  "GDP_nominal_per_capita": "$246",
  "Gini": "45.5",
  "Gini_year": "2009",
  "HDI": "0.388",
  "HDI_year": "2017",
  "HDI_change": "decrease",
  "HDI_rank": "187th",
  "currency": "[[South Sudanese pound]]",
  "currency_code": "SSP",
  "time_zone": "[[East Africa Time]]",
  "utc_offset": "+3",
  "drives_on": "right",
  "calling_code": "[[Telephone numbers in South Sudan|+211]]",
  "iso3166code": "SS",
  "cctld": "[[.ss]] <sup>a</sup>",
  "footnote_a": "Registered, but not yet operational."
}