{
  "conventional_long_name": "Republic of the Sudan",
  "common_name": "Sudan",
  "native_name": "{{native name|ar|\u062c\u0645\u0647\u0648\u0631\u064a\u0629 \u0627\u0644\u0633\u0648\u062f\u0627\u0646 \u0627\u0644\u062f\u0645\u0648\u0642\u0631\u0627\u0637\u064a\u0629|italics|=|off}} <br />'' {{transl|ar|Jumh\u016briyyat as-S\u016bd\u0101n}} ''",
  "image_flag": "Flag of Sudan.svg",
  "image_coat": "Emblem of Sudan.svg",
  "symbol_type": "Emblem",
  "national_motto": "{{native name|ar|\u0627\u0644\u0646\u0635\u0631 \u0644\u0646\u0627|italics|=|off}} <br />\"An-Na\u1e63r lan\u0101\"<br /> {{small|\"Victory is ours\"}}",
  "national_anthem": "{{native name|ar|\u0646\u062d\u0646 \u062c\u0646\u062f \u0627\u0644\u0644\u0647\u060c \u062c\u0646\u062f \u0627\u0644\u0648\u0637\u0646|italics|=|off}} <br />''[[Nahnu Jund Allah Jund Al-watan|Na\u1e25nu Jund Allah, Jund Al-wa\u1e6dan]]''<br />( {{Lang-en|\"We are the Soldiers of God, the Soldiers of the Nation\"}} )<br /> [[file:Sudanese national anthem, performed by the U.S. Navy Band (instrumental).oga|center]]",
  "image_map": "Sudan (orthographic projection) highlighted.svg",
  "map_caption": "Sudan in dark green, disputed regions in light green.",
  "image_map2": "Sudan - Location Map (2011) - SDN - UNOCHA.svg",
  "capital": "[[Khartoum]]",
  "coordinates": "{{Coord|15|38|N|032|32|E|type:city}}",
  "largest_city": "capital",
  "official_languages": "{{unbulleted list |[[Modern Standard Arabic|Arabic]]<br /> [[English language|English]]|ref| name=Const}}",
  "languages_type": "[[National language]]",
  "languages": "[[Sudanese Arabic]] {{ref label|offlang|a}}",
  "demonym": "[[Sudanese Arabs|Sudanese]]",
  "government_type": "[[Federal state|Federal]] [[presidential system|presidential]] [[republic]] (''[[de jure]]'')<br />[[Military junta]] (''[[de facto]]'')",
  "leader_title1": "[[Transitional Military Council (2019)|Chairman of the Transitional Military Council]]",
  "leader_name1": "[[Abdel Fattah al-Burhan]]",
  "leader_title2": "[[Transitional Military Council (2019)|Deputy Chairman of the Transitional Military Council]]",
  "leader_name2": "[[Mohamed Hamdan Dagalo]]",
  "legislature": "[[Transitional Military Council (2019)|Transitional Military Council]]",
  "sovereignty_type": "[[History of Sudan|Formation]]",
  "established_event1": "[[Kingdom of Kush]]",
  "established_date1": "785 BC \u2013 AD 350",
  "established_event2": "[[History of Sudan (1821\u20131885)|Egyptian conquest of Sudan]]",
  "established_date2": "1820\u201374",
  "established_event3": "[[Mahdist State|Mahdist Sudan]]",
  "established_date3": "1885\u201399",
  "established_event4": "{{nowrap|[[Anglo-Egyptian Sudan]]}}",
  "established_date4": "1899",
  "established_event5": "Independence",
  "established_date5": "1 January 1956",
  "established_event7": "Secession of [[South Sudan]]",
  "established_date7": "9 July 2011",
  "established_event8": "[[2019 Sudanese coup d'\u00e9tat|Coup d'\u00e9tat]]",
  "established_date8": "11 April 2019",
  "area_km2": "1886068",
  "area_rank": "15th",
  "area_sq_mi": "728215",
  "population_estimate": "41,592,539",
  "population_census": "30,894,000 ''(disputed)''",
  "population_estimate_year": "June 2019",
  "population_estimate_rank": "34th",
  "population_census_year": "2008",
  "population_density_km2": "21.3",
  "population_density_sq_mi": "55.3",
  "GDP_PPP": "$177.678 billion",
  "GDP_PPP_year": "2018",
  "GDP_PPP_per_capita": "$4,232",
  "GDP_nominal": "$33.903 billion",
  "GDP_nominal_year": "2018",
  "GDP_nominal_per_capita": "$808",
  "Gini": "35.3",
  "Gini_year": "2009",
  "HDI": "0.502",
  "HDI_year": "2017",
  "HDI_change": "increase",
  "HDI_rank": "167th",
  "currency": "[[Sudanese pound]]",
  "currency_code": "SDG",
  "time_zone": "[[Central Africa Time|CAT]]",
  "utc_offset": "+2",
  "date_format": "dd/mm/yyyy",
  "drives_on": "right",
  "calling_code": "[[+249]]",
  "iso3166code": "SD",
  "cctld": "[[.sd]]<br />[[\u0633\u0648\u062f\u0627\u0646.]]",
  "religion": "[[Islam in Sudan|Islam]]"
}