{
  "conventional_long_name": "Democratic Republic of<br/>S\u00e3o Tom\u00e9 and Pr\u00edncipe",
  "native_name": "{{native name|pt|Rep\u00fablica Democr\u00e1tica de<br/>S\u00e3o Tom\u00e9 e Pr\u00edncipe}}",
  "common_name": "S\u00e3o Tom\u00e9 and Pr\u00edncipe",
  "image_flag": "Flag of Sao Tome and Principe.svg",
  "image_coat": "Coat of arms of S\u00e3o Tom\u00e9 and Pr\u00edncipe.svg",
  "image_map": "Location S\u00e3o Tom\u00e9 and Pr\u00edncipe AU Africa.svg",
  "map_caption": "{{map caption |countryprefix|=| |location_color|=|dark blue |region|=|Africa |region_color|=|dark grey |subregion|=|the [[African Union]] |subregion_color|=|light blue}}",
  "image_map2": "S\u00e3o Tom\u00e9 and Pr\u00edncipe - Location Map (2013) - STP - UNOCHA.svg",
  "national_motto": "{{native phrase|pt|\"Unidade, Disciplina, Trabalho\"|italics|=|off|nolink|=|on}} <br/> {{small|\"Unity, Discipline, Labour\"}}",
  "national_anthem": "''[[Independ\u00eancia total]]''<br/> {{small|''Total Independence''}} <br /><div style=\"padding-top:0.5em;\" class=\"center\">[[File:Independ\u00eancia total (instrumental).ogg]]</div>",
  "official_languages": "[[Portuguese language|Portuguese]]",
  "regional_languages": "{{unbulleted list |[[Forro language|Forro]] |[[Angolar language|Angolar]] |[[Principense language|Principense]]}}",
  "demonym": "{{unbulleted list |nowrap|S\u00e3o Tom\u00e9an |small|(Sao Tomean)|ref|{{cite web |url=https://www.cia.gov/library/publications/the-world-factbook/fields/2110.html#tp |title=Nationality |work=[[The World Factbook]] |accessdate=July 17, 2012}}|</ref>| |Santomean}} {{nowrap|S\u00e3o Tom\u00e9an |small|(Sao Tomean)|ref|{{cite web |url=https://www.cia.gov/library/publications/the-world-factbook/fields/2110.html#tp |title=Nationality |work=[[The World Factbook]] |accessdate=July 17, 2012}}|</ref>}} {{small|(Sao Tomean)}}",
  "capital": "[[S\u00e3o Tom\u00e9]]",
  "coordinates": "{{Coord|0|20|N|6|44|E|type:city}}",
  "largest_city": "capital",
  "government_type": "[[Unitary state|Unitary]] [[Semi-presidential system|semipresidential]] [[republic]]",
  "leader_title1": "[[List of heads of state of S\u00e3o Tom\u00e9 and Pr\u00edncipe|President]]",
  "leader_name1": "[[Evaristo Carvalho]]",
  "leader_title2": "[[List of heads of government of S\u00e3o Tom\u00e9 and Pr\u00edncipe|Prime Minister]]",
  "leader_name2": "[[Jorge Bom Jesus]]",
  "legislature": "[[National Assembly (S\u00e3o Tom\u00e9 and Pr\u00edncipe)|National Assembly]]",
  "sovereignty_type": "[[Independence]]",
  "established_event1": "from [[Portugal]]",
  "established_date1": "12 July 1975",
  "area_km2": "1001",
  "area_sq_mi": "372",
  "area_rank": "171th",
  "percent_water": "Negligible",
  "population_estimate": "{{UN_Population|Sao Tome and Principe}} {{UN_Population|ref}}",
  "population_estimate_year": "{{UN_Population|Year}}",
  "population_estimate_rank": "178th",
  "population_census": "178,739",
  "population_census_year": "2012",
  "population_density_km2": "199.7",
  "population_density_rank": "69th",
  "GDP_PPP_year": "2017",
  "GDP_PPP": "$685&nbsp;million",
  "GDP_PPP_per_capita": "$3,220",
  "GDP_nominal": "$355 million",
  "GDP_nominal_year": "2017",
  "GDP_nominal_per_capita": "$1,668",
  "Gini_year": "2010",
  "Gini": "33.9",
  "HDI_year": "2017",
  "HDI_change": "increase",
  "HDI": "0.589",
  "HDI_rank": "143rd",
  "currency": "[[S\u00e3o Tom\u00e9 and Pr\u00edncipe dobra|Dobra]]",
  "currency_code": "STN",
  "time_zone": "[[Greenwich Mean Time|GMT]]",
  "utc_offset": "+0",
  "drives_on": "right",
  "calling_code": "[[+239]]",
  "iso3166code": "ST",
  "cctld": "[[.st]]"
}