{
  "conventional_long_name": "United Republic of Tanzania",
  "common_name": "Tanzania",
  "native_name": "{{native name|sw|Jamhuri ya Muungano wa Tanzania}}",
  "image_flag": "Flag of Tanzania.svg",
  "image_coat": "Coat of arms of Tanzania.svg",
  "national_motto": "{{native phrase|sw|\"Uhuru na Umoja\"|italics|=|off|nolink|=|on}} <br />\"[[Freedom and Unity]]\"",
  "national_anthem": "\"[[Mungu ibariki Afrika]]\"<br />( {{Lang-en|\"God Bless Africa\"}} )<br /><center>[[File:National Anthem of Tanzania by US Navy Band.ogg]]</center>",
  "image_map": "Tanzania (orthographic projection).svg",
  "image_map2": "Tanzania map-en.svg",
  "capital": "[[Dodoma]] ([[de jure]])",
  "largest_city": "[[Dar es Salaam]]",
  "languages_type": "'''[[Official Language]]''' <br /> {{nobold|and [[national language]]}}",
  "languages": "[[Swahili language|Swahili]]",
  "languages_sub": "yes",
  "languages2_type": "Other language",
  "languages2": "{{hlist |[[English language|English]]}} ''De facto'' official",
  "regional_languages": "[[Arabic language|Arabic]]",
  "demonym": "Tanzanian",
  "government_type": "[[Unitary state|Unitary]] [[Presidential system|presidential]] [[constitutional republic]]",
  "leader_title1": "[[President of Tanzania|President]]",
  "leader_name1": "[[John Magufuli]]",
  "leader_title2": "[[Vice-President of Tanzania|Vice-President]]",
  "leader_name2": "[[Samia Hassan Suluhu]]",
  "leader_title3": "[[Prime Minister of Tanzania|Prime Minister]]",
  "leader_name3": "[[Kassim Majaliwa]]",
  "leader_title4": "[[Speaker of the National Assembly of Tanzania|Speaker]]",
  "leader_name4": "[[Job Ndugai]]",
  "leader_title5": "[[Chief Justice of Tanzania|Chief Justice]]",
  "leader_name5": "[[Ibrahim Hamis Juma]]",
  "legislature": "[[National Assembly (Tanzania)|National Assembly]]",
  "sovereignty_type": "Independence {{nobold|from the [[United Kingdom]]}}",
  "established_event1": "[[Tanganyika]]",
  "established_date1": "9 December 1961",
  "established_event2": "{{nowrap|[[People's Republic of Zanzibar and Pemba|Unguja and Pemba]]}}",
  "established_date2": "10 December 1963",
  "established_event3": "Merger",
  "established_date3": "26 April 1964",
  "established_event4": "Current constitution",
  "established_date4": "25 April 1977",
  "area_km2": "947,303",
  "area_rank": "31st",
  "area_sq_mi": "365,756",
  "percent_water": "6.4",
  "population_estimate": "{{UN_Population|United Republic of Tanzania}} {{UN_Population|ref}}",
  "population_census": "44,928,923",
  "population_estimate_year": "{{UN_Population|Year}}",
  "population_estimate_rank": "26th",
  "population_census_year": "2012",
  "population_density_km2": "47.5",
  "population_density_sq_mi": "123.1",
  "GDP_PPP": "$186.060 billion",
  "GDP_PPP_year": "2019",
  "GDP_PPP_per_capita": "$3,574",
  "GDP_nominal": "$61.032 billion",
  "GDP_nominal_year": "2019",
  "GDP_nominal_per_capita": "$1,172",
  "Gini": "37.8",
  "Gini_year": "2012",
  "HDI": "0.538",
  "HDI_year": "2017",
  "HDI_change": "increase",
  "HDI_rank": "154th",
  "currency": "[[Tanzanian shilling]]",
  "currency_code": "TZS",
  "time_zone": "[[East Africa Time|EAT]]",
  "utc_offset": "+3",
  "drives_on": "[[Right- and left-hand traffic|left]]",
  "iso3166code": "TZ",
  "calling_code": "[[+255]]",
  "cctld": "[[.tz]]",
  "footnote_a": "Revised to $41.33 billion",
  "footnote_b": "Swahili and English are [[de facto]] official languages"
}