{
  "conventional_long_name": "Republic of Tunisia",
  "name": "{{native name|ar|\u0627\u0644\u062c\u0645\u0647\u0648\u0631\u064a\u0629 \u0627\u0644\u062a\u0648\u0646\u0633\u064a\u0629|italics|=|off}} <br><small> {{transl|ar|al-Jumh\u016br\u012byah at-T\u016bnis\u012byah}} <br><small> {{native name|fr|R\u00e9publique tunisienne}}",
  "common_name": "Tunisia",
  "image_flag": "Flag of Tunisia.svg",
  "image_coat": "Coat of arms of Tunisia.svg",
  "symbol_type": "Coat of arms",
  "national_motto": "{{lang|ar|\u062d\u0631\u064a\u0629\u060c \u0643\u0631\u0627\u0645\u0629\u060c \u0639\u062f\u0627\u0644\u0629\u060c \u0646\u0638\u0627\u0645|rtl|=|yes}} <br/>\" {{transl|ar|\u1e24urr\u012byah, Kar\u0101ma, 'Ad\u0101lah, Ni\u1e93\u0101m}} \"<br/> {{small|\"freedom, dignity, justice, and order\"}}",
  "national_anthem": "{{lang|ar|\u062d\u0645\u0627\u0629 \u0627\u0644\u062d\u0645\u0649|rtl|=|yes}} <br/>\"[[Humat al-Hima]]\"<br />( {{lang-en|\"Defenders of the Homeland\"}} )<br/> {{center|[[File:Humat al-Hima.ogg]]}}",
  "image_map": "Location Tunisia AU Africa.svg",
  "map_caption": "{{map caption|countryprefix|=|location_color|=|dark blue|region|=|Africa|region_color|=|light blue}}",
  "image_map2": "Tunisia - Location Map (2013) - TUN - UNOCHA.svg",
  "capital": "[[Tunis]]",
  "largest_city": "capital",
  "coordinates": "{{Coord|36|49|N|10|11|E|type:city}}",
  "official_languages": "[[Arabic]]",
  "languages_type": "[[Languages of Tunisia|Spoken languages]]",
  "languages": "{{vunblist |[[Tunisian Arabic]]|ref|[http://www.ethnologue.com/language/aeb Arabic, Tunisian Spoken]. Ethnologue (19 February 1999). Retrieved on 5 September 2015.|</ref>| |[[Berber languages|Berber]]|ref|{{cite web|url=http://global.britannica.com/topic/Tamazight-language|title=Tamazight language|work=Encyclop\u00e6dia Britannica}}|</ref>|ref|{{cite web|url=https://nawaat.org/portail/2012/02/27/interview-avec-association-tunisienne-de-culture-amazigh/|title=Nawaat \u2013 Interview avec l' Association Tunisienne de Culture Amazighe|work=Nawaat}}|</ref>|ref|{{cite book|url=http://researchdirect.uws.edu.au/islandora/object/uws:573|title=An outline of the Shilha (Berber) vernacular of Douiret (Southern Tunisia)|publisher=PhD Thesis, Western Sydney University |author=Gabsi, Z. |year=2003}}|</ref>|ref|{{cite web|url=http://www.tunisia-live.net/2011/10/13/tunisian-amazigh-and-the-fight-for-recognition/|archive-url=https://web.archive.org/web/20111018153728/http://www.tunisia-live.net/2011/10/13/tunisian-amazigh-and-the-fight-for-recognition/|dead-url=yes|archive-date=18 October 2011|title=Tunisian Amazigh and the Fight for Recognition \u2013 Tunisialive|work=Tunisialive}}|</ref>| |[[French language|French]] <small>(administrative, commercial and educational)</small>}}",
  "ethnic_groups": "[[Arab-Berber]] 98%, European 1%, Jewish and other 1%",
  "religion": "[[Islam]]",
  "demonym": "Tunisian",
  "government_type": "{{nowrap|[[Unitary state|Unitary]] [[Semi-presidential system|semi-presidential]]}} [[republic]]",
  "leader_title1": "[[President of Tunisia|President]]",
  "leader_name1": "[[Mohamed Ennaceur]] <small>([[Acting president|acting]])</small>",
  "leader_title2": "[[Prime Minister of Tunisia|Prime Minister]]",
  "leader_name2": "[[Youssef Chahed]]",
  "legislature": "[[Assembly of the Representatives of the People (Tunisia)|Assembly of the Representatives of the People]]",
  "sovereignty_type": "[[History of Tunisia|Formation]]",
  "established_event1": "[[Husainid Dynasty]] inaugurated",
  "established_date1": "15 July 1705",
  "established_event2": "Independence from [[French Fourth Republic|France]]",
  "established_date2": "20 March 1956",
  "established_event3": "[[History of modern Tunisia|Republic declared]]",
  "established_date3": "25 July 1957",
  "established_event4": "[[Tunisian Revolution|Revolution Day]]",
  "established_date4": "14 January 2011",
  "area_km2": "163610",
  "area_rank": "91st",
  "area_sq_mi": "63170",
  "percent_water": "5.0",
  "population_estimate": "11,434,994",
  "population_estimate_year": "2017",
  "population_estimate_rank": "79th",
  "population_density_km2": "63",
  "population_density_sq_mi": "163",
  "population_density_rank": "133rd",
  "GDP_PPP": "$151.566 billion",
  "GDP_PPP_year": "2019",
  "GDP_PPP_per_capita": "$12,862",
  "GDP_nominal": "$42.277 billion",
  "GDP_nominal_year": "2019",
  "GDP_nominal_per_capita": "$3,587",
  "Gini": "35.8",
  "Gini_year": "2017",
  "HDI": "0.735",
  "HDI_year": "2018",
  "HDI_change": "increase",
  "HDI_rank": "95th",
  "currency": "[[Tunisian dinar]]",
  "currency_code": "TND",
  "time_zone": "[[Central European Time|CET]]",
  "utc_offset": "+1",
  "drives_on": "[[Right- and left-hand traffic#Tunisia|right]]",
  "calling_code": "[[+216]]",
  "cctld": "{{ublist |[[.tn]] |rtl-lang|ar|[[.\u062a\u0648\u0646\u0633]]|ref| name=\"iana\"|{{cite web |url=http://www.iana.org/reports/2010/tunis-report-16jul2010.html |title=Report on the Delegation of \u062a\u0648\u0646\u0633. |year=2010 |publisher=Internet Corporation for Assigned Names and Numbers |accessdate=8 November 2010}}|</ref>}} {{rtl-lang|ar|[[.\u062a\u0648\u0646\u0633]]}}"
}