{
  "conventional_long_name": "Republic of Zimbabwe",
  "common_name": "Zimbabwe",
  "native_name": "{{collapsible list\n  | titlestyle |=| background:transparent;text-align:center;line-height:normal;font-size:84%;\n  | title |=| 13 other official names\n  | |Infobox|subbox|=|yes|bodystyle|=|font-size:77%;font-weight:normal;\n   | rowclass1 |=| mergedrow | label1 |=| [[Shona language|Shona]]:\n   | data1 |=| |lang|sn|Nyika yeZimbabwe|\n   | rowclass2 |=| mergedrow | label2 |=| [[Northern Ndebele language|Ndebele]]:\n   | data2 |=| |lang|nd|Ilizwe leZimbabwe|\n   | rowclass3 |=| mergedrow | label3 |=| [[Chewa language|Chewa]]:\n   | data3 |=| |lang|ny|Dziko la Zimbabwe|\n   | rowclass4 |=| mergedrow | label4 |=| [[Sena language|Chibarwe]]:\n   | data4 |=| |lang|bwg|Dziko la Zimbabwe|\n   | rowclass5 |=| mergedrow | label5 |=| [[Kalanga language|Kalanga]]:\n   | data5 |=| |lang|kck|Hango yeZimbabwe|\n   | rowclass6 |=| mergedrow | label6 |=| [[Tshwa language|Khoisan]]:\n   | data6 |=| |lang|st|Zimbabwe N\u00f9|\n   | rowclass7 |=| mergedrow | label7 |=| [[Nambya language|Nambya]]:\n   | data7 |=| |lang|nmq|Inyika yeZimbabwe|\n   | rowclass8 |=| mergedrow | label8 |=| [[Ndau dialect|Ndau]]:\n   | data8 |=| |lang|ndc|Nyika yeZimbabwe|\n   | rowclass9 |=| mergedrow | label9 |=| [[Tsonga language|Shangani]]:\n   | data9 |=| |lang|ts|Tiko ra Zimbabwe|\n   | rowclass10 |=| mergedrow| label10 |=| [[Sesotho language|Sesotho]]:\n   | data10 |=| |lang|st|Naha ya Zimbabwe|\n   | rowclass11 |=| mergedrow| label11 |=| [[Tonga language (Zambia and Zimbabwe)|Tonga]]:\n   | data11 |=| |lang|st|Cisi ca Zimbabwe|\n   | rowclass12 |=| mergedrow| label12 |=| [[Venda language|Venda]]:\n   | data12 |=| |lang|ve|Shango \u1e3da Zimbabwe|\n   | rowclass13 |=| mergedrow| label13 |=| [[Xhosa language|Xhosa]]:\n   | data13 |=| |lang|xh|Ilizwe leZimbabwe|\n   |}} {{Infobox|subbox|=|yes|bodystyle|=|font-size:77%;font-weight:normal;\n   | rowclass1 |=| mergedrow | label1 |=| [[Shona language|Shona]]:\n   | data1 |=| |lang|sn|Nyika yeZimbabwe|\n   | rowclass2 |=| mergedrow | label2 |=| [[Northern Ndebele language|Ndebele]]:\n   | data2 |=| |lang|nd|Ilizwe leZimbabwe|\n   | rowclass3 |=| mergedrow | label3 |=| [[Chewa language|Chewa]]:\n   | data3 |=| |lang|ny|Dziko la Zimbabwe|\n   | rowclass4 |=| mergedrow | label4 |=| [[Sena language|Chibarwe]]:\n   | data4 |=| |lang|bwg|Dziko la Zimbabwe|\n   | rowclass5 |=| mergedrow | label5 |=| [[Kalanga language|Kalanga]]:\n   | data5 |=| |lang|kck|Hango yeZimbabwe|\n   | rowclass6 |=| mergedrow | label6 |=| [[Tshwa language|Khoisan]]:\n   | data6 |=| |lang|st|Zimbabwe N\u00f9|\n   | rowclass7 |=| mergedrow | label7 |=| [[Nambya language|Nambya]]:\n   | data7 |=| |lang|nmq|Inyika yeZimbabwe|\n   | rowclass8 |=| mergedrow | label8 |=| [[Ndau dialect|Ndau]]:\n   | data8 |=| |lang|ndc|Nyika yeZimbabwe|\n   | rowclass9 |=| mergedrow | label9 |=| [[Tsonga language|Shangani]]:\n   | data9 |=| |lang|ts|Tiko ra Zimbabwe|\n   | rowclass10 |=| mergedrow| label10 |=| [[Sesotho language|Sesotho]]:\n   | data10 |=| |lang|st|Naha ya Zimbabwe|\n   | rowclass11 |=| mergedrow| label11 |=| [[Tonga language (Zambia and Zimbabwe)|Tonga]]:\n   | data11 |=| |lang|st|Cisi ca Zimbabwe|\n   | rowclass12 |=| mergedrow| label12 |=| [[Venda language|Venda]]:\n   | data12 |=| |lang|ve|Shango \u1e3da Zimbabwe|\n   | rowclass13 |=| mergedrow| label13 |=| [[Xhosa language|Xhosa]]:\n   | data13 |=| |lang|xh|Ilizwe leZimbabwe|}} {{lang|sn|Nyika yeZimbabwe}} {{lang|nd|Ilizwe leZimbabwe}} {{lang|ny|Dziko la Zimbabwe}} {{lang|bwg|Dziko la Zimbabwe}} {{lang|kck|Hango yeZimbabwe}} {{lang|st|Zimbabwe N\u00f9}} {{lang|nmq|Inyika yeZimbabwe}} {{lang|ndc|Nyika yeZimbabwe}} {{lang|ts|Tiko ra Zimbabwe}} {{lang|st|Naha ya Zimbabwe}} {{lang|st|Cisi ca Zimbabwe}} {{lang|ve|Shango \u1e3da Zimbabwe}} {{lang|xh|Ilizwe leZimbabwe}}",
  "image_flag": "Flag of Zimbabwe.svg",
  "image_coat": "Coat of Arms of Zimbabwe.svg",
  "national_motto": "\"Unity, Freedom, Work\"",
  "national_anthem": "<br />\"[[National Anthem of Zimbabwe|Blessed be the land of Zimbabwe]]\" <div style= \"padding-top:0.5em;\"><center>[[File:Zimbabwe National Anthem.ogg]]</center></div>",
  "image_map": "Location Zimbabwe AU Africa.svg",
  "map_caption": "{{map caption |location_color|=| dark blue |region|=| the [[African Union]] |region_color|=| light blue}}",
  "capital": "[[Harare]]",
  "coordinates": "{{Coord |17|50|S|31|3|E|type:city}}",
  "largest_city": "Harare",
  "official_languages": "[[Languages of Zimbabwe|16 languages]]: {{hlist | [[Chewa language|Chewa]] | [[Chibarwe]] | [[English language|English]] | [[Kalanga language|Kalanga]] |\"[[Khoisan languages|Koisan]]\" (presumably [[Tsoa language|Tsoa]]) | [[Nambya language|Nambya]] | [[Ndau language|Ndau]] | [[Northern Ndebele language|Ndebele]] | [[Shangani language|Shangani]] |[[Shona language|Shona]] |\"[[Zimbabwean sign languages|sign language]]\" |[[Sotho language|Sotho]] | [[Tonga language (Zambia)|Tonga]] | [[Tswana language|Tswana]] | [[Venda language|Venda]] | [[Xhosa language|Xhosa]]}}",
  "ethnic_groups": "{{unbulleted list\n  | 99.4% Black African (over 80% [[Shona people|Shona]]; [[Northern Ndebele people|Ndebele]] are largest minority)\n  | |nowrap|0.2% [[White people in Zimbabwe|White African]]|\n  | 0.4% others, including [[Coloured]] and [[Indians in Zimbabwe|Indian]]}} {{nowrap|0.2% [[White people in Zimbabwe|White African]]}}",
  "ethnic_groups_year": "2012",
  "demonym": "Zimbabwean<br />Zimbo (colloquial)",
  "government_type": "[[Unitary state|Unitary]] [[Presidential system|presidential]] [[republic]]",
  "leader_title1": "[[List of Presidents of Zimbabwe|President]]",
  "leader_name1": "[[Emmerson Mnangagwa]]",
  "leader_title2": "[[Vice President of Zimbabwe|Vice Presidents]]",
  "leader_name2": "[[Constantino Chiwenga]] <br> [[Kembo Mohadi]]",
  "legislature": "[[Parliament of Zimbabwe|Parliament]]",
  "upper_house": "[[Senate of Zimbabwe|Senate]]",
  "lower_house": "[[House of Assembly (Zimbabwe)|House of Assembly]]",
  "sovereignty_type": "[[Independence]] {{nobold |from the [[United Kingdom]]}}",
  "established_event1": "[[Unilateral Declaration of Independence (Rhodesia)|Declared]]",
  "established_date1": "11 November 1965",
  "established_event2": "[[Rhodesia|Republic]]",
  "established_date2": "2 March 1970",
  "established_event3": "[[Zimbabwe Rhodesia]]",
  "established_date3": "1 June 1979",
  "established_event4": "Republic of Zimbabwe",
  "established_date4": "18 April 1980",
  "established_event5": "[[Constitution of Zimbabwe|Current constitution]]",
  "established_date5": "15 May 2013",
  "area_km2": "390,757",
  "area_rank": "60th",
  "area_sq_mi": "150,871",
  "percent_water": "1",
  "population_estimate": "{{UN_Population |Zimbabwe}} {{UN_Population |ref}}",
  "population_census": "12,973,808",
  "population_estimate_year": "{{UN_Population |Year}}",
  "population_estimate_rank": "73rd",
  "population_census_year": "2012",
  "population_density_km2": "26",
  "population_density_sq_mi": "57",
  "population_density_rank": "170th",
  "GDP_PPP": "$41.031 billion",
  "GDP_PPP_year": "2019",
  "GDP_PPP_per_capita": "$2,621",
  "GDP_nominal": "$22.290 billion",
  "GDP_nominal_year": "2019",
  "GDP_nominal_per_capita": "$1,424",
  "Gini": "50.1",
  "Gini_year": "1995",
  "HDI": "0.535",
  "HDI_year": "2017",
  "HDI_change": "increase",
  "HDI_rank": "156th",
  "currency": "[[RTGS Dollar]] (official for government), [[United States dollar]], [[South African rand]], and many other currencies<sup>a</sup>, e.g. [[Botswana pula]] (P),[[Indian rupee]]s (\u20b9)  [[Renminbi|Chinese renminbi]] (\u00a5), , [[pound sterling]] (\u00a3),[[euro]]s (\u20ac) [[Australian dollar]]s (A$). [[Zimbabwean bond coins]] are used as a proxy for US dollar and cent coins. [[Zimbabwean bond notes]] for 2 and 5 dollars were introduced in 2016 at par value of the US dollar.",
  "time_zone": "[[Central Africa Time|CAT]]",
  "utc_offset": "+2",
  "drives_on": "[[Right- and left-hand traffic|left]]",
  "calling_code": "[[+263]]",
  "cctld": "[[.zw]]",
  "footnote_a": "The [[Zimbabwean dollar]] is no longer in active use after it was officially suspended by the government due to [[Hyperinflation in Zimbabwe|hyperinflation]]. The [[United States dollar]] (US$), [[Euro]] (\u20ac), [[South African rand]] (R), [[Botswana pula]] (P), [[Pound sterling]] (\u00a3), [[Indian rupee]]s ( {{INR}} ), [[Australian dollar]]s (A$), Chinese [[Renminbi]] (\u5143/\u00a5), and [[Japanese yen]] (\u00a5) are legal tender. {{larger |ref|{{Citation | last = Hungwe | first = Brian | date = 6 February 2014 | url = https://www.bbc.com/news/world-africa-26034078 | work = News | title = Zimbabwe's multi-currency confusion | publisher = BBC | accessdate = 26 May 2014}}|</ref>}} The United States dollar has been adopted as the official currency for all government transactions."
}