{
  "conventional_long_name": "Italian Republic",
  "common_name": "Italy",
  "native_name": "{{native name|it|Repubblica Italiana|<!--upper case see Italian wiki-->}}",
  "image_flag": "Flag of Italy.svg",
  "image_coat": "Italy-Emblem.svg",
  "symbol_type": "Emblem",
  "national_anthem": "{{native name|it|[[Il Canto degli Italiani]]}} <br /> {{small|\"The Song of the Italians\"}} <div style=\"padding-top:0.5em;\">[[File:National anthem of Italy - U.S. Navy Band (long version).ogg|center]]</div>",
  "image_map": "{{Switcher|[[File:EU-Italy (orthographic projection).svg|frameless]]|Show globe|[[File:EU-Italy.svg|upright=1.15|frameless]]|Show map of Europe|default|=|1}}",
  "map_caption": "{{map caption |location_color|=|dark green |region|=|Europe |region_color|=|dark grey |subregion|=|the [[European Union]] |subregion_color |=| light green |legend|=|EU-Italy.svg}}",
  "image_map2": "Italy - Location_Map (2013) - ITA - UNOCHA.svg",
  "capital": "[[Rome]]",
  "coordinates": "{{Coord|41|54|N|12|29|E|type:city}}",
  "largest_city": "capital",
  "languages_type": "Native languages",
  "languages": "[[languages of Italy|see full list]]",
  "official_languages": "[[Italian language|Italian]]",
  "ethnic_groups": "{{unbulleted list |91.5% [[Italians]] |8.5% others}}",
  "ethnic_groups_year": "2017",
  "religion_year": "2017",
  "religion": "{{ublist |item_style|=|white-space:nowrap; |74.4% [[Roman Catholicism]] |22.6% [[Irreligion|Irreligious]] |3.0% others}}",
  "demonym": "[[Italians|Italian]]",
  "government_type": "[[Unitary state|Unitary]] [[Parliamentary system|parliamentary]] [[republic]]",
  "leader_title1": "[[President of Italy|President]]",
  "leader_name1": "[[Sergio Mattarella]]",
  "leader_title2": "[[Prime Minister of Italy|Prime Minister]]",
  "leader_name2": "[[Giuseppe Conte]]",
  "leader_title3": "[[List of Presidents of the Senate of Italy|President of the Senate]]",
  "leader_name3": "[[Elisabetta Casellati]]",
  "leader_title4": "{{nowrap|[[List of Presidents of the Italian Chamber of Deputies|President of the<br />Chamber of Deputies]]}}",
  "leader_name4": "[[Roberto Fico]]",
  "legislature": "[[Parliament of Italy|Parliament]]",
  "upper_house": "[[Italian Senate|Senate of the Republic]]",
  "lower_house": "[[Italian Chamber of Deputies|Chamber of Deputies]]",
  "sovereignty_type": "[[History of Italy|Formation]]",
  "established_event1": "[[Italian unification|Unification]]",
  "established_date1": "17 March 1861",
  "established_event2": "[[Treaty of Versailles]]",
  "established_date2": "28 June 1919",
  "established_event3": "[[Italian constitutional referendum, 1946|Republic]]",
  "established_date3": "2 June 1946",
  "established_event4": "[[Treaty of Peace with Italy, 1947|Fall]] of the [[Italian Empire]]",
  "established_date4": "10 February 1947",
  "established_event5": "[[Constitution of Italy|Current constitution]]",
  "established_date5": "1 January 1948",
  "established_event6": "{{nowrap|[[Enlargement of the European Union#Founding members|Founded]] the [[European Economic Community|EEC]]}} {{nowrap|(now [[European Union|EU]])}}",
  "established_date6": "1 January 1958",
  "area_km2": "301,340",
  "area_rank": "71st",
  "area_sq_mi": "116,347",
  "percent_water": "2.4",
  "population_estimate": "{{increase}} 60,483,973",
  "population_estimate_year": "2017",
  "population_estimate_rank": "23rd",
  "population_density_km2": "201.3",
  "population_density_sq_mi": "521.5",
  "population_density_rank": "63rd",
  "GDP_PPP": "$2.442 trillion",
  "GDP_PPP_year": "2019",
  "GDP_PPP_rank": "12th",
  "GDP_PPP_per_capita": "$40,206",
  "GDP_PPP_per_capita_rank": "33rd",
  "GDP_nominal": "$2.026 trillion",
  "GDP_nominal_year": "2019",
  "GDP_nominal_rank": "8th",
  "GDP_nominal_per_capita": "$33,353",
  "GDP_nominal_per_capita_rank": "25th",
  "Gini": "32.7",
  "Gini_year": "2017",
  "Gini_change": "decrease",
  "HDI": "0.880",
  "HDI_year": "2017",
  "HDI_change": "increase",
  "HDI_rank": "28th",
  "currency": "Euro ([[Euro sign|\u20ac]])<sup>b</sup>",
  "currency_code": "EUR",
  "time_zone": "[[Central European Time|CET]]",
  "utc_offset": "+1",
  "utc_offset_DST": "+2",
  "time_zone_DST": "[[Central European Summer Time|CEST]]",
  "date_format": "{{abbr|dd|day}} / {{abbr|mm|month}} / {{abbr|yyyy|year}} <br /> {{abbr|yyyy|year}} - {{abbr|mm|month}} - {{abbr|dd|day}} &nbsp;([[Anno Domini|AD]])",
  "drives_on": "right",
  "calling_code": "[[Telephone numbers in Italy|+39]]<sup>c</sup>",
  "cctld": "[[.it]]<sup>d</sup>",
  "footnote_a": "<span style=\"font-size:100%;\">[[German language|German]] is co-official in [[South Tyrol]]; [[French language|French]] is co-official in the [[Aosta Valley]]; [[Slovene language|Slovene]] is co-official in the [[province of Trieste]] and the [[province of Gorizia]]; [[Ladin language|Ladin]] is co-official in South Tyrol, in [[Trentino]] and in other northern areas; [[Sardinian language|Sardinian]] is co-official in [[Sardinia]]. </span>",
  "footnote_b": "<span style=\"font-size:100%;\">Before 2002, the [[Italian lira]]. The euro is accepted in [[Campione d'Italia]] but its official currency is the [[Swiss franc]]. </span>",
  "footnote_c": "<span style=\"font-size:100%;\">To call [[Campione d'Italia]], it is necessary to use the Swiss code [[+41]].</span>",
  "footnote_d": "<span style=\"font-size:100%;\">The [[.eu]] domain is also used, as it is shared with other [[European Union]] member states.</span>"
}