{
  "conventional_long_name": "Netherlands",
  "native_name": "{{native name|nl|Nederland}}",
  "common_name": "the Netherlands",
  "image_flag": "Flag of the Netherlands.svg",
  "image_coat": "State coat of arms of the Netherlands.svg",
  "coa_size": "110",
  "national_motto": "\"[[Je maintiendrai]]\"",
  "national_anthem": "\"[[Wilhelmus van Nassouwe]]\" {{brk|2}} {{center|[[File:United States Navy Band - Het Wilhelmus.ogg|Het Wilhelmus]]}}",
  "image_map": "EU-Netherlands.svg",
  "map_caption": "{{map caption|countryprefix|=|the|country|=|Netherlands<wbr />|location_color|=|dark green}}",
  "image_map2": "BES islands location map.svg",
  "map_caption2": "{{map caption|countryprefix|=|the|country|=|[[Caribbean Netherlands|Caribbean municipalities]]|location_color|=|green}}",
  "capital": "[[Amsterdam]] {{efn|name|=|central_cities|Amsterdam is the constitutional capital; The&nbsp;Hague is the seat of the government.}}",
  "largest_city": "capital",
  "coordinates": "{{coord|52|22|N|4|53|E|type:city}}",
  "admin_center": "[[The Hague]] {{efn|name|=|central_cities}}",
  "admin_center_type": "Government&nbsp;seat",
  "official_languages": "[[Dutch language|Dutch]]",
  "languages_type": "Regional",
  "languages_sub": "yes",
  "languages": "[[English in the Netherlands|English]], [[Papiamento]], [[West Frisian language|West Frisian]] {{efn|name|=|languages|West Frisian has official status in [[Friesland]].|ref|{{cite web |url=http://wetten.overheid.nl/BWBR0034047/2014-01-01 |title=Wet gebruik Friese taal |publisher= wetten.nl |accessdate=27 December 2017 |language=Dutch}}|</ref>| Dutch Low Saxon and Limburgish are recognised as [[European Charter for Regional or Minority Languages|regional languages]] by the European Charter for Regional or Minority Languages.|ref| name=\"official-and-recognised-languages\" | Papiamento is recognised by the Government of the Netherlands in relation to [[Bonaire]], and English in relation to [[Sint Eustatius]] and [[Saba]].|ref| name=languages|{{cite web|url = http://wetten.overheid.nl/BWBR0028063/2017-01-01|title = Invoeringswet openbare lichamen Bonaire, Sint Eustatius en Saba|language = nl|publisher = Overheid.nl|accessdate = |date = 31 July 2017}}|</ref>}} Dutch Low Saxon and Limburgish are recognised as [[European Charter for Regional or Minority Languages|regional languages]] by the European Charter for Regional or Minority Languages. Papiamento is recognised by the Government of the Netherlands in relation to [[Bonaire]], and English in relation to [[Sint Eustatius]] and [[Saba]].",
  "languages2_type": "Recognised",
  "languages2_sub": "yes",
  "languages2": "[[Dutch Low Saxon]], [[Limburgish language|Limburgish]] {{efn|name|=|languages}}",
  "ethnic_groups": "{{plainlist|class|=|nowrap|\n* 77.39% [[Dutch people|Dutch]]\n* 9.88% Other [[Europeans]]\n* 2.34% [[Turks in the Netherlands|Turks]]\n* 2.29% [[Dutch-Moroccans|Moroccans]]\n* |allow wrap|2.13%&nbsp;[[Indo people|Indonesians]], [[Moluccans]], [[Makassar people|Makassar]]|\n* 2.05% [[Surinamese people in the Netherlands|Surinamese]]\n* 0.90% [[Dutch Caribbean]]s\n* 0.23% Other [[Americas|Americans]]\n* 2.80% [[Demography of the Netherlands|Other]]}} {{allow wrap|2.13%&nbsp;[[Indo people|Indonesians]], [[Moluccans]], [[Makassar people|Makassar]]}} * 2.05% [[Surinamese people in the Netherlands|Surinamese]]\n* 0.90% [[Dutch Caribbean]]s\n* 0.23% Other [[Americas|Americans]]\n* 2.80% [[Demography of the Netherlands|Other]]",
  "ethnic_groups_year": "2017",
  "religion": "{{plainlist|\n* 51% [[Irreligion|Non-religious]]\n* 24% [[Roman Catholic|Catholic Church]]\n* 15% [[Protestant Church in the Netherlands|Protestant Church]]\n* 5% [[Islam in the Netherlands|Islam]]\n* 6% Other}}",
  "religion_year": "2017",
  "demonym": "Dutch",
  "membership": "[[Kingdom of the Netherlands]]",
  "membership_type": "Sovereign state",
  "government_type": "[[Unitary state|Unitary]] [[Parliamentary system|parliamentary]] [[constitutional monarchy]]",
  "leader_title1": "[[Monarchy of the Netherlands|Monarch]]",
  "leader_title2": "[[Prime Minister of the Netherlands|Prime Minister]]",
  "leader_title3": "[[Deputy Prime Minister of the Netherlands|Deputy Prime Ministers]]",
  "leader_title4": "[[Vice-President of the Council of State (Netherlands)|Vice President of the Council of State]]",
  "leader_name1": "[[Willem-Alexander of the Netherlands|Willem-Alexander]]",
  "leader_name2": "[[Mark Rutte]]",
  "leader_name3": "{{ubl|[[Hugo de Jonge]]|[[Kajsa Ollongren]]|[[Carola Schouten]]}}",
  "leader_name4": "[[Thom de Graaf]]",
  "legislature": "[[States General of the Netherlands|States General]]",
  "upper_house": "[[Senate (Netherlands)|Senate]]",
  "lower_house": "[[House of Representatives (Netherlands)|House&nbsp;of&nbsp;Representatives]]",
  "sovereignty_type": "Independence {{nobold|from [[Habsburg Spain]]}}",
  "established_event1": "[[Act of Abjuration|Proclaimed]]",
  "established_event2": "[[Peace of M\u00fcnster|Recognised]]",
  "established_event3": "Kingdom established",
  "established_event4": "[[Liberation Day (Netherlands)|Liberation Day]]",
  "established_event5": "[[United Nations Charter|UN admission]]",
  "established_event6": "[[Charter for the Kingdom of the Netherlands|Charter]]",
  "established_event7": "[[Caribbean Netherlands|Caribbean incorporation]]",
  "established_date1": "26 July 1581",
  "established_date2": "30 January 1648",
  "established_date3": "16 March 1815",
  "established_date4": "5 May 1945",
  "established_date5": "10 December 1945",
  "established_date6": "15 December 1954",
  "established_date7": "10 October 2010",
  "area_km2": "41,543",
  "area_rank": "131st",
  "area_sq_mi": "16,033",
  "percent_water": "18.41",
  "population_estimate": "17,336,891 {{increase}}",
  "population_estimate_year": "2019",
  "population_estimate_rank": "66th",
  "population_density_km2": "{{#expr:|Data Netherlands|poptoday| / 41526 round 1}} {{Data Netherlands|poptoday}} / 41526 round 1",
  "population_density_rank": "30th",
  "population_density_sq_mi": "{{#expr:|Data Netherlands|poptoday| / 16033 round 1}} {{Data Netherlands|poptoday}} / 16033 round 1",
  "GDP_PPP": "$1.004 trillion",
  "GDP_PPP_year": "2019",
  "GDP_PPP_rank": "28th",
  "GDP_PPP_per_capita": "$58,255",
  "GDP_PPP_per_capita_rank": "13th",
  "GDP_nominal": "$914 billion",
  "GDP_nominal_year": "2019",
  "GDP_nominal_rank": "17th",
  "GDP_nominal_per_capita": "$53,016",
  "GDP_nominal_per_capita_rank": "13th",
  "Gini": "27.1",
  "Gini_year": "2017",
  "Gini_change": "increase",
  "Gini_rank": "15th",
  "HDI": "0.931",
  "HDI_year": "2017",
  "HDI_change": "increase",
  "HDI_rank": "10th",
  "currency": "[[Euro]]; [[United States dollar|US dollar]] {{efn|The euro is used in the European part of the Netherlands and replaced the [[Dutch guilder]] in 2002. The US dollar is used in the [[Caribbean Netherlands]] and replaced the [[Netherlands Antillean guilder]] in 2011.|ref|{{cite web |url = http://wetten.overheid.nl/BWBR0028551 |title=Wet geldstelsel BES |publisher=Dutch government |date=30 September 2010 |accessdate=11 January 2014 }}|</ref>}}",
  "time_zone": "{{ubl|[[UTC]]+1 ([[Central European Time|CET]])|[[UTC]]\u22124 ([[Atlantic Standard Time|AST]])|efn|CET and CEST are used in the European Netherlands, and AST is used in the Caribbean Netherlands.}} {{efn|CET and CEST are used in the European Netherlands, and AST is used in the Caribbean Netherlands.}}",
  "time_zone_DST": "{{ubl|[[UTC]]+2 ([[Central European Summer Time|CEST]])|[[UTC]]\u22124 ([[Atlantic Standard Time|AST]])}}",
  "date_format": "dd-mm-yyyy",
  "drives_on": "right",
  "calling_code": "[[Telephone numbers in the Netherlands|+31]]; [[Telephone numbers in Cura\u00e7ao and the Caribbean Netherlands|+599]] {{efn|599 was the country code designated for the now dissolved [[Netherlands Antilles]]. The Caribbean Netherlands still use 599\u20137 (Bonaire), 599\u20133 (Sint Eustatius) and 599\u20134 (Saba).}}",
  "iso3166code": "NL",
  "cctld": "[[.nl]]; [[.bq]] {{efn|.nl is the common internet top level domain name for the Netherlands. The [[.eu]] domain is also used, as it is shared with other [[European Union]] member states. .bq is designated, but not in use, for the [[Caribbean Netherlands]].}}"
}