{
  "conventional_long_name": "Kingdom of Norway",
  "native_name": "{{ubl|native name|nb|Kongeriket Norge|native name|nn|Kongeriket Noreg|native name|se|Norgga gonagasriika|native name|sma|N\u00f8\u00f8rjen g\u00e5nkarijhke|native name|smj|Vuona g\u00e5n\u00e5gisrijkka}} {{native name|nb|Kongeriket Norge}} {{native name|nn|Kongeriket Noreg}} {{native name|se|Norgga gonagasriika}} {{native name|sma|N\u00f8\u00f8rjen g\u00e5nkarijhke}} {{native name|smj|Vuona g\u00e5n\u00e5gisrijkka}}",
  "common_name": "Norway",
  "image_flag": "Flag of Norway.svg",
  "image_coat": "Coat of arms of Norway.svg",
  "symbol": "Coat of arms of Norway",
  "symbol_type": "Coat of arms",
  "symbol_width": "65px",
  "image_map": "{{Switcher|[[File:Europe-Norway (orthographic projection).svg|frameless]]|Show globe|[[File:Europe-Norway.svg|upright=1.15|frameless]]|Show map of Europe|default|=|1}}",
  "map_caption": "{{map caption |countryprefix|=|the |country|=|Kingdom of Norway<wbr/>|<!--Note: tag prevents circular link being generated.-->| |location_color|=|green | region|=|Europe |region_color|=|green and dark grey}}",
  "image_map2": "Norway in the World (+Antarctica claims) cropped.svg",
  "map_caption2": "Location of the Kingdom of Norway and [[List of possessions of Norway|its integral overseas areas and dependencies]]: [[Svalbard]], [[Jan Mayen]], [[Bouvet Island]], [[Peter I Island]], and [[Queen Maud Land]]",
  "national_anthem": "{{unbulleted list |''[[Ja, vi elsker dette landet]]''|nbsp|2|small|(''[[National anthem of Norway|de facto]]'')| |(|Lang-en|\"Yes, we love this country\"|)|[[File:Norway (National Anthem).ogg|center]]|hr|'''[[Royal anthem]]:''' ''[[Kongesangen]]''<br />(''\"The King's Song\"'')<br />[[File:Kongesangen.ogg|center]]}} {{nbsp|2}} {{small|(''[[National anthem of Norway|de facto]]'')}} {{Lang-en|\"Yes, we love this country\"}} ) {{hr}} '''[[Royal anthem]]:''' ''[[Kongesangen]]''<br />(''\"The King's Song\"'')<br />[[File:Kongesangen.ogg|center]]",
  "national_motto": "<br /> {{native phrase|nb|Enige og tro inntil Dovre faller}} <br/> {{native phrase|nn|Einige og tru inntil Dovre fell}} <br/>\"United and loyal until [[Dovrefjell|Dovre]] falls\"",
  "official_languages": "*[[Norwegian language|Norwegian]] <br/> {{hlist|style|=|font-size: 85%;|([[Bokm\u00e5l]]|[[Nynorsk]])}} *[[S\u00e1mi languages|S\u00e1mi]] <br/> {{hlist|style|=|font-size: 85%;|([[Northern S\u00e1mi|Northern]]|[[Lule S\u00e1mi|Lule]]|[[Southern S\u00e1mi|Southern]])}}",
  "languages_type": "Official minority languages",
  "languages": "{{hlist|[[Kven language|Kven]]|[[Scandoromani language|Romani]]|[[Romani language|Romanes]]|ref|{{cite web|url=http://www.sprakradet.no/Spraka-vare/Minoritetssprak/|title=Minoritetsspr\u00e5k|website=Spr\u00e5kr\u00e5det}}|</ref>}}",
  "languages2_type": "[[Writing system]]",
  "languages2": "[[Latin alphabet|Latin]]",
  "ethnic_groups": "*[[Norwegians|Norwegian]]\nIndigenous status:\n*[[S\u00e1mi people|S\u00e1mi]] Minority status: *[[History of the Jews in Norway|Jewish]]\n*[[Norwegian and Swedish Travellers|Traveller]]\n*[[Forest Finns|Forest Finn]]\n*[[Romani people|Romani]]\n*[[Kvens|Kven]]",
  "demonym": "[[Norwegians|Norwegian]]",
  "capital": "[[Oslo]]",
  "coordinates": "{{Coord|59|56|N|10|41|E|type:city}}",
  "largest_city": "capital",
  "government_type": "[[Unitary state|Unitary]] [[Parliamentary system|parliamentary]] [[constitutional monarchy]]",
  "leader_title1": "[[Monarchy of Norway|Monarch]]",
  "leader_name1": "[[Harald V]]",
  "leader_title2": "[[Prime Minister of Norway|Prime Minister]]",
  "leader_name2": "[[Erna Solberg]]",
  "leader_title3": "[[President of the Storting|President of the ''Storting'']]",
  "leader_name3": "[[Tone W. Tr\u00f8en]]",
  "leader_title4": "[[Chief Justice of the Supreme Court of Norway|Chief Justice]]",
  "leader_name4": "[[Toril Marie \u00d8ie]]",
  "leader_title5": "[[2017 Norwegian parliamentary election|Current coalition]]",
  "leader_name5": "[[Conservative Party (Norway)|Conservative]]",
  "legislature": "''[[Parliament of Norway|Stortinget]]'' <br />&nbsp;'''L''' ''[[Sami Parliament of Norway|S\u00e1mediggi]]''",
  "sovereignty_type": "[[History of Norway|History]]",
  "established_event1": "[[Unification of Norway|State established prior unification]]",
  "established_date1": "872",
  "established_event2": "[[Kingdom of Norway (872\u20131397)|Old Kingdom of Norway]] {{small|(Peak extent)}}",
  "established_date2": "1263",
  "established_event3": "[[Kalmar Union]]",
  "established_date3": "1397",
  "established_event4": "[[Denmark-Norway]]",
  "established_date4": "1524",
  "established_event5": "[[Kingdom of Norway (1814)|Re-established state]]",
  "established_date5": "[[Meeting of Notables|25 February 1814]]",
  "established_event6": "[[Constitution of Norway|Constitution]]",
  "established_date6": "17 May 1814",
  "established_event7": "[[Sweden-Norway]]",
  "established_date7": "4 November 1814",
  "established_event8": "[[Dissolution of Sweden-Norway]]",
  "established_date8": "7 June 1905",
  "area_rank": "67th<sup>a</sup>",
  "area_km2": "385,207",
  "area_sq_mi": "148,718",
  "percent_water": "5.7<sup>b</sup>",
  "population_estimate_year": "2019",
  "population_estimate": "{{increase}} 5,328,212",
  "population_estimate_rank": "120th",
  "population_density_km2": "13.8",
  "population_density_sq_mi": "35.8",
  "population_density_rank": "213th",
  "GDP_PPP_year": "2018",
  "GDP_PPP": "$397&nbsp;billion",
  "GDP_PPP_rank": "46th",
  "GDP_PPP_per_capita": "$74,065",
  "GDP_PPP_per_capita_rank": "4th",
  "GDP_nominal": "$443&nbsp;billion",
  "GDP_nominal_rank": "22nd",
  "GDP_nominal_year": "2018",
  "GDP_nominal_per_capita": "$82,711",
  "GDP_nominal_per_capita_rank": "3rd",
  "Gini_year": "2017",
  "Gini_change": "increase",
  "Gini": "26.1",
  "Gini_rank": "1st",
  "HDI_year": "2017",
  "HDI_change": "increase",
  "HDI": "0.953",
  "HDI_rank": "1st",
  "currency": "[[Norwegian krone]]",
  "currency_code": "NOK",
  "time_zone": "[[Central European Time|CET]]",
  "utc_offset": "+1",
  "time_zone_DST": "[[Central European Summer Time|CEST]]",
  "utc_offset_DST": "+2",
  "date_format": "dd.mm.yyyy",
  "drives_on": "right",
  "calling_code": "[[Telephone numbers in Norway|+47]]",
  "cctld": "[[.no]]<sup>c</sup>",
  "footnote_a": "Does not include [[Svalbard and Jan Mayen]]. (With the territories, it is the 67th largest country at 385,207 square kilometers)",
  "footnote_b": "This percentage is for the mainland, Svalbard, and Jan Mayen. This percentage counts glaciers as \"land\". It's calculated as 19,940.14/(365,246.17+19,940.14). {{citation needed|date|=|January 2018}}",
  "footnote_c": "Two more TLDs have been assigned, but are not used: [[.sj]] for Svalbard and Jan Mayen; [[.bv]] for [[Bouvet Island]]."
}