{
  "conventional_long_name": "Swiss Confederation",
  "common_name": "Switzerland",
  "native_name": "{{ubl|native name|de|nowrap|Schweizerische Eidgenossenschaft|native name|fr|Conf\u00e9d\u00e9ration suisse|native name|it|Confederazione Svizzera|native name|rm|Confederaziun svizra|native name|la|Confoederatio Helvetica}} {{native name|de|nowrap|Schweizerische Eidgenossenschaft}} {{nowrap|Schweizerische Eidgenossenschaft}} {{native name|fr|Conf\u00e9d\u00e9ration suisse}} {{native name|it|Confederazione Svizzera}} {{native name|rm|Confederaziun svizra}} {{native name|la|Confoederatio Helvetica}}",
  "image_flag": "Flag of Switzerland (Pantone).svg {{!}} x95px",
  "image_coat": "Coat of Arms of Switzerland (Pantone).svg",
  "national_motto": "{{small|(traditional)}} <br/> {{native phrase|la|\"[[Unus pro omnibus, omnes pro uno]]\"|italics|=|off}} <br/> {{small|\"One for all, all for one\"}}",
  "national_anthem": "\"[[Swiss Psalm]]\"<div style=\"padding-top:0.5em;\">[[File:Swiss Psalm.ogg|center]]</div>",
  "image_map": "Europe-Switzerland.svg",
  "map_caption": "{{map caption |location_color|=|green |country|=|nobold|Switzerland| |region|=|[[Europe]] |region_color|=|green & dark grey}} {{nobold|Switzerland}}",
  "capital": "None {{small|(''[[de jure]]'')}} <br/>[[Bern]] {{small|(''[[de facto]]'')}}",
  "coordinates": "{{Coord|46|57|N|7|27|E|type:city}}",
  "largest_city": "[[Z\u00fcrich]]",
  "official_languages": "[[German language|German]]<br>[[French language|French]]<br>[[Italian language|Italian]]<br>[[Romansh language|Romansh]]",
  "demonym": "{{lang-en|[[Swiss people|Swiss]]}} ,<br/> {{lang-de|Schweizer(in)}} ,<br/> {{lang-fr|Suisse(sse)}} ,<br/> {{lang-it|svizzero/svizzera, or elvetico/elvetica}} ,<br/> {{lang-rm|Svizzer/Svizra}}",
  "government_type": "[[Federalism|Federal]] [[semi-direct democracy]] under a [[Multi-party system|multi-party]] [[parliamentary system|parliamentary]] [[Directorial system|directorial]] [[republic]]",
  "leader_title1": "[[Swiss Federal Council|Federal Council]]",
  "leader_name1": "{{unbulleted list\n | [[Ueli Maurer]] |small|([[President of the Swiss Confederation|President]])|\n | [[Simonetta Sommaruga]] |small|([[Vice President of the Swiss Confederation|Vice President]])|\n | [[Alain Berset]]\n | [[Guy Parmelin]] \n | [[Ignazio Cassis]]\n | |nowrap|[[Viola Amherd]]|\n| [[Karin Keller-Sutter]]}} {{small|([[President of the Swiss Confederation|President]])}} {{small|([[Vice President of the Swiss Confederation|Vice President]])}} {{nowrap|[[Viola Amherd]]}}",
  "leader_title2": "{{nowrap|[[Federal Chancellor of Switzerland|Federal Chancellor]]}}",
  "leader_name2": "[[Walter Thurnherr]]",
  "legislature": "[[Federal Assembly (Switzerland)|Federal Assembly]]",
  "upper_house": "[[Council of States (Switzerland)|Council of States]]",
  "lower_house": "[[National Council (Switzerland)|National Council]]",
  "sovereignty_type": "[[History of Switzerland|History]]",
  "established_event1": "[[Foundation of the Old Swiss Confederacy|Foundation date]]",
  "established_date1": "{{circa|1300}} (traditionally 1 August 1291)",
  "established_event2": "[[Peace of Westphalia]]",
  "established_date2": "24 October 1648",
  "established_event3": "[[Restoration (Switzerland)|Restoration]]",
  "established_date3": "7 August 1815",
  "established_event4": "[[Switzerland as a federal state|Federal state]]",
  "established_date4": "12 September 1848",
  "area_km2": "41,285",
  "area_rank": "132nd",
  "area_sq_mi": "15,940",
  "percent_water": "4.2",
  "population_estimate": "{{increase}} {{formatnum:|#expr: 8508904+2*(8508901-8508904) round 0}} {{#expr: 8508904+2*(8508901-8508904) round 0}}",
  "population_census": "8,327,126",
  "population_estimate_year": "2018",
  "population_estimate_rank": "100th",
  "population_census_year": "2015",
  "population_density_km2": "{{#expr: 8508904/41285 round 0}}",
  "population_density_rank": "68th",
  "GDP_PPP": "$548 billion",
  "GDP_PPP_year": "2018",
  "GDP_PPP_rank": "39th",
  "GDP_PPP_per_capita": "$64,649",
  "GDP_PPP_per_capita_rank": "9th",
  "GDP_nominal": "$704 billion",
  "GDP_nominal_year": "2018",
  "GDP_nominal_rank": "19th",
  "GDP_nominal_per_capita": "$82,950",
  "GDP_nominal_per_capita_rank": "2nd",
  "Gini": "29.4",
  "Gini_year": "2016",
  "Gini_change": "decrease",
  "Gini_rank": "19th",
  "HDI": "0.944",
  "HDI_year": "2017",
  "HDI_change": "increase",
  "HDI_rank": "2nd",
  "currency": "[[Swiss franc]]",
  "currency_code": "CHF",
  "time_zone": "[[Central European Time|CET]]",
  "utc_offset": "+1",
  "utc_offset_DST": "+2",
  "time_zone_DST": "[[Central European Summer Time|CEST]]",
  "date_format": "dd.mm.yyyy ([[AD]])",
  "drives_on": "right",
  "calling_code": "[[+41]]",
  "patron_saint": "[[Nicholas of Fl\u00fce|St Nicholas of Fl\u00fce]]",
  "iso3166code": "CH",
  "cctld": "[[.ch]], [[.swiss]]"
}